-6.630538678109587636e-07,4.380243353807600215e-06,9.855343523668125272e-05,3.378023102413862944e-04,6.032439414411783218e-04,7.806697976775467396e-04,8.311311248689889908e-04,7.616747752763330936e-04,6.368125905282795429e-04,4.828072560485452414e-04,3.377876128070056438e-04,2.099165430990979075e-04,1.158891682280227542e-04,3.481312523945234716e-05,3.861152436002157629e-06,1.043023621605243534e-05,6.988144377828575671e-06,6.437404067582974676e-07,1.754034855139252613e-07,1.755647417667205445e-06
3.882421140133374138e-07,7.610456577822333202e-06,1.423322682967409492e-04,5.000217934139072895e-04,8.950940682552754879e-04,1.164310495369136333e-03,1.238279975950717926e-03,1.140959677286446095e-03,9.534771670587360859e-04,7.218305254355072975e-04,5.072049680165946484e-04,3.146899980492889881e-04,1.723456080071628094e-04,5.214208795223385096e-05,6.342888354993192479e-06,1.638224057387560606e-05,1.021069510898087174e-05,-5.537756564422124939e-08,1.086692236640374176e-06,9.407090715285448823e-07
-5.258872874946973752e-07,5.047789727541385219e-06,1.042432340909726918e-04,3.588930994737893343e-04,6.406510947272181511e-04,8.296155720017850399e-04,8.832718012854456902e-04,8.099929546006023884e-04,6.772330962121486664e-04,5.132636870257556438e-04,3.593896690290421247e-04,2.233178529422730207e-04,1.231458008987829089e-04,3.680480585899204016e-05,3.999598447990138084e-06,1.114291899284580722e-05,7.258152436406817287e-06,7.180493071246019099e-07,4.220831044676742749e-07,1.643400992179522291e-06
-1.797029085537360515e-06,4.731437286409345688e-07,5.426236384664662182e-05,1.727978087728843093e-04,3.075237909797579050e-04,3.920635208487510681e-04,4.182078992016613483e-04,3.772506315726786852e-04,3.156807506456971169e-04,2.406095736660063267e-04,1.659465488046407700e-04,1.035167806548997760e-04,5.872438487131148577e-05,1.782491744961589575e-05,1.650515969231491908e-06,4.487382739171152934e-06,4.074229309480870143e-06,1.046391389536438510e-06,-1.073912471838411875e-06,2.812210368574596941e-06
-5.893427328373945784e-07,3.903669039573287591e-06,1.056030523614026606e-04,3.627020923886448145e-04,6.498863804154098034e-04,8.422761457040905952e-04,8.957472746260464191e-04,8.223184267990291119e-04,6.871660589240491390e-04,5.211075767874717712e-04,3.646789409685879946e-04,2.263663482153788209e-04,1.249362976523116231e-04,3.848291453323327005e-05,4.783516033057821915e-06,1.150940806837752461e-05,8.059351785050239414e-06,2.505239748984422476e-08,-2.117823214575764723e-07,1.936464968821383081e-06
-4.203186563245253637e-07,5.119758952787378803e-06,1.082110975403338671e-04,3.737305814865976572e-04,6.678657373413443565e-04,8.656744612380862236e-04,9.213776793330907822e-04,8.457839721813797951e-04,7.070416468195617199e-04,5.357937188819050789e-04,3.753812634386122227e-04,2.331728173885494471e-04,1.283689052797853947e-04,3.862640369334258139e-05,4.422075107868295163e-06,1.174561657535377890e-05,7.688206096645444632e-06,4.896739937976235524e-07,3.894024018791242270e-07,1.530414920125622302e-06
-5.633494311041431502e-07,4.113687282369937748e-06,1.049985512509010732e-04,3.610971325542777777e-04,6.465754122473299503e-04,8.379979408346116543e-04,8.914135396480560303e-04,8.182991878129541874e-04,6.838804692961275578e-04,5.185221671126782894e-04,3.629821585491299629e-04,2.253686543554067612e-04,1.242487924173474312e-04,3.803450090344995260e-05,4.676050139096332714e-06,1.142919427365995944e-05,7.874792572692967951e-06,1.368036350868351292e-07,-6.705330690692790085e-08,1.783242282726860140e-06
-1.501734573139401618e-06,1.312445419898722321e-06,6.705316627630963922e-05,2.201135794166475534e-04,3.928345395252108574e-04,5.042616394348442554e-04,5.372337764129042625e-04,4.881887289229780436e-04,4.082769446540623903e-04,3.105255891568958759e-04,2.154875546693801880e-04,1.341495662927627563e-04,7.520065264543518424e-05,2.296206730534322560e-05,2.451982027196208946e-06,6.236687113414518535e-06,5.067996880825376138e-06,7.863933433327474631e-07,-8.624203928775386885e-07,2.574697191448649392e-06
-1.171054918813752010e-06,2.690500650714966469e-06,7.871810521464794874e-05,2.639101585373282433e-04,4.706890904344618320e-04,6.064255721867084503e-04,6.460263975895941257e-04,5.892867338843643665e-04,4.928248818032443523e-04,3.741993859875947237e-04,2.607341739349067211e-04,1.622145791770890355e-04,9.027352643897756934e-05,2.714673792070243508e-05,2.825761157509987243e-06,7.755275873932987452e-06,5.649314061884069815e-06,8.634490882286627311e-07,-3.530765297909965739e-07,2.229139454357209615e-06
2.180932625606146757e-07,7.206497684819623828e-06,1.343416370218619704e-04,4.707609768956899643e-04,8.421332458965480328e-04,1.094703795388340950e-03,1.164570567198097706e-03,1.072254264727234840e-03,8.961726562120020390e-04,6.785013247281312943e-04,4.765726043842732906e-04,2.957902033813297749e-04,1.620675466256216168e-04,4.882347275270149112e-05,5.828304438182385638e-06,1.527784479549154639e-05,9.520331332169007510e-06,1.549481538631880539e-07,1.021348111862607766e-06,9.931310387401026674e-07
2.830116443419683492e-07,7.517251106037292629e-06,1.362209732178598642e-04,4.779348091688007116e-04,8.547261822968721390e-04,1.111200195737183094e-03,1.182194799184799194e-03,1.088598044589161873e-03,9.098632144741714001e-04,6.887920899316668510e-04,4.838981840293854475e-04,3.003470192197710276e-04,1.645098091103136539e-04,4.942781015415675938e-05,5.838775450683897361e-06,1.551609784655738622e-05,9.568065252096857876e-06,2.140127293159821420e-07,1.149936565525422338e-06,9.171433816845819820e-07
-1.416667032572149765e-06,2.050992407021112740e-06,7.002364873187616467e-05,2.312918950337916613e-04,4.118781653232872486e-04,5.288978572934865952e-04,5.637708236463367939e-04,5.124570452608168125e-04,4.286976763978600502e-04,3.258266951888799667e-04,2.263699716422706842e-04,1.409653632435947657e-04,7.892736903158947825e-05,2.362645318498834968e-05,2.260230758110992610e-06,6.535493412229698151e-06,4.986412022844888270e-06,1.060107933881226927e-06,-5.341905193745333236e-07,2.484614924469497055e-06
-1.723233708617044613e-06,7.211668844320229255e-07,5.752013021265156567e-05,1.848426618380472064e-04,3.291666798759251833e-04,4.204917931929230690e-04,4.483973607420921326e-04,4.053487209603190422e-04,3.391447826288640499e-04,2.583184395916759968e-04,1.784972555469721556e-04,1.112831887439824641e-04,6.290631426963955164e-05,1.909635102492757142e-05,1.828693029892747290e-06,4.922713287669466808e-06,4.307090421207249165e-06,1.003571810542780440e-06,-1.002465410238073673e-06,2.750288558672764339e-06
-1.819170506678347010e-06,3.763561551295424579e-07,5.414472616394050419e-05,1.721734297461807728e-04,3.065284399781376123e-04,3.907368518412113190e-04,4.167529114056378603e-04,3.758884558919817209e-04,3.145243099424988031e-04,2.397662901785224676e-04,1.653137587709352374e-04,1.031153369694948196e-04,5.852862159372307360e-05,1.782864092092495412e-05,1.681396611274976749e-06,4.470874500839272514e-06,4.106607775611337274e-06,1.016954229271505028e-06,-1.122916273743612692e-06,2.851107410606346093e-06
-5.646619456456392072e-07,4.772427018906455487e-06,1.028634578688070178e-04,3.537206503096967936e-04,6.317020161077380180e-04,8.179808501154184341e-04,8.707927190698683262e-04,7.985170232132077217e-04,6.675997283309698105e-04,5.060326075181365013e-04,3.542460617609322071e-04,2.201099996455013752e-04,1.214007934322580695e-04,3.643018499133177102e-05,4.042691216454841197e-06,1.099428845918737352e-05,7.257674951688386500e-06,6.348698207148117945e-07,3.069181389037112240e-07,1.686698055891611148e-06
-1.299374162044841796e-06,2.050534931186120957e-06,7.446226663887500763e-05,2.478435053490102291e-04,4.423940554261207581e-04,5.693722632713615894e-04,6.064616027288138866e-04,5.526152090169489384e-04,4.621175758074969053e-04,3.511061077006161213e-04,2.443058765493333340e-04,1.519996585557237267e-04,8.479330426780506968e-05,2.574897371232509613e-05,2.772707830445142463e-06,7.226955403893953189e-06,5.513845280802343041e-06,7.593101258862589020e-07,-6.066081255085009616e-07,2.382028469583019614e-06
-1.744348992360755801e-06,7.099844197000493295e-07,5.673374471371062100e-05,1.818993623601272702e-04,3.237640776205807924e-04,4.133353068027645350e-04,4.408359236549586058e-04,3.982472990173846483e-04,3.332292544655501842e-04,2.538478001952171326e-04,1.753233518684282899e-04,1.093281607609242201e-04,6.186868995428085327e-05,1.873270412033889443e-05,1.741930532261903863e-06,4.801961040357127786e-06,4.220728897053049877e-06,1.047363639372633770e-06,-9.968864560505608097e-07,2.771470690277055837e-06
9.867214885161956772e-07,8.982278814073652029e-06,1.660554262343794107e-04,5.880349781364202499e-04,1.054466585628688335e-03,1.374323968775570393e-03,1.460809144191443920e-03,1.348800258710980415e-03,1.126844552345573902e-03,8.527780883014202118e-04,5.999983986839652061e-04,3.720217500813305378e-04,2.031234907917678356e-04,6.203903467394411564e-05,8.034764505282510072e-06,1.970489211089443415e-05,1.221946149598807096e-05,-7.578818213005433790e-07,1.330784130004758481e-06,5.124413746671052650e-07
-4.973945806341362186e-07,4.633279786503408104e-06,1.080388756236061454e-04,3.723480913322418928e-04,6.661572260782122612e-04,8.634590194560587406e-04,9.187026880681514740e-04,8.433994371443986893e-04,7.049322011880576611e-04,5.343524971976876259e-04,3.742100961972028017e-04,2.323770022485405207e-04,1.280418364331126213e-04,3.890517109539359808e-05,4.636266567104030401e-06,1.176147725345799699e-05,7.915969035821035504e-06,2.861847008261975134e-07,1.448885456056814292e-07,1.703899897620431148e-06
-1.491846660428564064e-06,1.593894580764754210e-06,6.669216963928192854e-05,2.189791848650202155e-04,3.902004100382328033e-04,5.006245337426662445e-04,5.335996975190937519e-04,4.845890798605978489e-04,4.053605662193149328e-04,3.082481853198260069e-04,2.139191492460668087e-04,1.332292304141446948e-04,7.470841228496283293e-05,2.254027640447020531e-05,2.236256250398582779e-06,6.134102477517444640e-06,4.872305908065754920e-06,9.668501661508344114e-07,-7.123119871721428353e-07,2.535287649152451195e-06
-8.524030477019550744e-07,3.715120556080364622e-06,9.203000081470236182e-05,3.132665879093110561e-04,5.593938403762876987e-04,7.230042247101664543e-04,7.698024273850023746e-04,7.045551319606602192e-04,5.890775937587022781e-04,4.468417027965188026e-04,3.122257476206868887e-04,1.940777729032561183e-04,1.074180836440064013e-04,3.236122938687913120e-05,3.562718575267354026e-06,9.554350071994122118e-06,6.601141649298369884e-06,6.765834541511139832e-07,-5.544989178929426998e-08,1.960761437658220530e-06
-1.388913347000197973e-06,1.923042873386293650e-06,7.093565363902598619e-05,2.347125264350324869e-04,4.184662539046257734e-04,5.377680063247680664e-04,5.730410921387374401e-04,5.213146796450018883e-04,4.360279126558452845e-04,3.313925117254257202e-04,2.303241053596138954e-04,1.433827565051615238e-04,8.017010986804962158e-05,2.419672637188341469e-05,2.469472065058653243e-06,6.706027761538280174e-06,5.173505542188649997e-06,9.091103834180103149e-07,-6.166190473777533043e-07,2.449672820148407482e-06
-1.942245944519527256e-06,-8.216111524461666704e-08,4.882643770542927086e-05,1.524904655525460839e-04,2.712768327910453081e-04,3.444763424340635538e-04,3.675995976664125919e-04,3.301834221929311752e-04,2.763425873126834631e-04,2.109577035298570991e-04,1.448986731702461839e-04,9.047563071362674236e-05,5.170507938601076603e-05,1.580305070092435926e-05,1.432279532309621572e-06,3.767241878449567594e-06,3.757947752092150040e-06,1.051262756845972035e-06,-1.268576852453406900e-06,2.946009544757544063e-06
-1.417829025740502402e-06,1.640762206989165861e-06,6.934954581083729863e-05,2.289198600919917226e-04,4.084321262780576944e-04,5.247759399935603142e-04,5.590969813056290150e-04,5.085447919555008411e-04,4.253087099641561508e-04,3.233290917705744505e-04,2.246183285024017096e-04,1.398181921103969216e-04,7.822344196029007435e-05,2.376923475821968168e-05,2.509682644813437946e-06,6.543681138282408938e-06,5.160258751857327297e-06,8.140063982864376158e-07,-7.312103775802825112e-07,2.476659801686764695e-06
-1.553703214085544460e-06,1.288424982703872956e-06,6.383231811923906207e-05,2.084275911329314113e-04,3.714377817232161760e-04,4.760700685437768698e-04,5.074556684121489525e-04,4.603564157150685787e-04,3.850945795420557261e-04,2.929668407887220383e-04,2.030952746281400323e-04,1.265141763724386692e-04,7.107485726010054350e-05,2.152072192984633148e-05,2.147547093045432121e-06,5.774332748842425644e-06,4.721976893051760271e-06,9.430792715647839941e-07,-8.195627856366627384e-07,2.585185029602143914e-06
-1.606697310307936277e-06,1.046479155775159597e-06,6.310871685855090618e-05,2.053787466138601303e-04,3.662439121399074793e-04,4.692147194873541594e-04,5.000469391234219074e-04,4.534643667284399271e-04,3.792957868427038193e-04,2.886569709517061710e-04,1.999645901378244162e-04,1.245456951437518001e-04,7.008449756540358067e-05,2.136387774953618646e-05,2.179654302381095476e-06,5.686549229722004384e-06,4.760451702168211341e-06,8.826469866107800044e-07,-9.315217539551667869e-07,2.688850827325950377e-06
-4.557989541353890672e-07,4.830812940781470388e-06,1.086983320419676602e-04,3.750566975213587284e-04,6.707943393848836422e-04,8.695638971403241158e-04,9.252904565073549747e-04,8.495133952237665653e-04,7.100739749148488045e-04,5.381827941164374352e-04,3.769788600038737059e-04,2.341167855774983764e-04,1.289281935896724463e-04,3.905978519469499588e-05,4.614768386090872809e-06,1.184002758236601949e-05,7.892324902059044689e-06,3.392681549030385213e-07,2.336230693344987230e-07,1.625412096473155543e-06
-1.307940010519814678e-06,2.199683649450889789e-06,7.402519986499100924e-05,2.462542906869202852e-04,4.391515685711055994e-04,5.649577942676842213e-04,6.019197171553969383e-04,5.482124397531151772e-04,4.584986891131848097e-04,3.483369946479797363e-04,2.423518308205530047e-04,1.508245622972026467e-04,8.417683420702815056e-05,2.538885019021108747e-05,2.620372924866387621e-06,7.124977855710312724e-06,5.375210093916393816e-06,8.807339781924383715e-07,-5.240789846538973507e-07,2.377497821726137772e-06
-9.128995088758529164e-07,3.123631586277042516e-06,9.250022412743419409e-05,3.142282948829233646e-04,5.622396129183471203e-04,7.268915069289505482e-04,7.734632818028330803e-04,7.082208758220076561e-04,5.919667310081422329e-04,4.492072039283812046e-04,3.137461026199162006e-04,1.949051802512258291e-04,1.079861467587761581e-04,3.306688813609071076e-05,3.904808181687258184e-06,9.695590051705949008e-06,6.973439212742960081e-06,3.655920011169655481e-07,-3.693126870984997367e-07,2.147581881217774935e-06
1.393955244566313922e-06,1.059856913343537599e-05,1.831553236115723848e-04,6.518293521367013454e-04,1.168536371551454067e-03,1.524253864772617817e-03,1.620258321054279804e-03,1.497223973274230957e-03,1.250844215974211693e-03,9.462815360166132450e-04,6.663437234237790108e-04,4.131633031647652388e-04,2.251088444609194994e-04,6.841091817477717996e-05,8.865104973665438592e-06,2.196312743762973696e-05,1.324762251897482201e-05,-8.518705385540670250e-07,1.860689849308982957e-06,1.796557747013594053e-08
-1.748705358295410406e-06,6.606118176932795905e-07,5.682543269358575344e-05,1.821638143155723810e-04,3.243360843043774366e-04,4.140961682423949242e-04,4.416113952174782753e-04,3.989852266386151314e-04,3.338331880513578653e-04,2.543191076256334782e-04,1.756432320689782500e-04,1.095189727493561804e-04,6.197508628247305751e-05,1.880886520666535944e-05,1.779979015736898873e-06,4.818647539650555700e-06,4.255222393112489954e-06,1.021338675855076872e-06,-1.023097638608305715e-06,2.784452590276487172e-06
-9.689533726486843079e-07,3.409776581975165755e-06,8.739982877159491181e-05,2.960481797344982624e-04,5.283192149363458157e-04,6.820958224125206470e-04,7.264254963956773281e-04,6.640796782448887825e-04,5.552981747314333916e-04,4.213393549434840679e-04,2.941456623375415802e-04,1.829036773415282369e-04,1.014067092910408974e-04,3.047779682674445212e-05,3.265333816671045497e-06,8.906464245228562504e-06,6.238219611987005919e-06,7.820542577974265441e-07,-1.339093813612635131e-07,2.053387788691907190e-06
3.616705726017244160e-07,6.985511845414293930e-06,1.447907852707430720e-04,5.077971145510673523e-04,9.105939534492790699e-04,1.184800756163895130e-03,1.259420183487236500e-03,1.160896150395274162e-03,9.698881767690181732e-04,7.344908080995082855e-04,5.158975254744291306e-04,3.199304919689893723e-04,1.753561955410987139e-04,5.383668394642882049e-05,6.897105777170509100e-06,1.677047112025320530e-05,1.085432631953153759e-05,-5.050565050623845309e-07,6.606320539503940381e-07,1.227454390573257115e-06
9.927167639034450985e-07,9.617997420718893409e-06,1.655144442338496447e-04,5.865658749826252460e-04,1.050320104695856571e-03,1.368429977446794510e-03,1.455175108276307583e-03,1.342995790764689445e-03,1.122238463722169399e-03,8.490980835631489754e-04,5.975368549115955830e-04,3.706309071276336908e-04,2.022992121055722237e-04,6.108561501605436206e-05,7.583268597954884171e-06,1.950731711986009032e-05,1.176385012513492256e-05,-3.109990416305663530e-07,1.721821490718866698e-06,3.236345662571693538e-07
-1.935542741193785332e-06,1.706396690615008538e-09,4.914533565170131624e-05,1.536627823952585459e-04,2.732501307036727667e-04,3.470056690275669098e-04,3.703288384713232517e-04,3.326578007545322180e-04,2.784271491691470146e-04,2.125209430232644081e-04,1.460056373616680503e-04,9.117025911109521985e-05,5.209561641095206141e-05,1.586550024512689561e-05,1.401443455506523605e-06,3.795240672843647189e-06,3.745330104720778763e-06,1.088132535187469330e-06,-1.229925715051649604e-06,2.943594381576986052e-06
-1.779172976057452615e-06,5.824476261295785662e-07,5.573867747443728149e-05,1.781095052137970924e-04,3.170260752085596323e-04,4.044724337290972471e-04,4.314082616474479437e-04,3.894629189744591713e-04,3.258833312429487705e-04,2.483210701029747725e-04,1.713864185148850083e-04,1.068901183316484094e-04,6.055745689081959426e-05,1.836880801420193166e-05,1.715397957013919950e-06,4.666365384764503688e-06,4.173915840510744601e-06,1.044322516463580541e-06,-1.045230987983813975e-06,2.805815938700106926e-06
-1.212741608469514176e-06,2.486535322532290593e-06,7.861399353714659810e-05,2.631327661219984293e-04,4.695804673247039318e-04,6.049430230632424355e-04,6.443426827900111675e-04,5.877165240235626698e-04,4.914715536870062351e-04,3.732411714736372232e-04,2.599829167593270540e-04,1.617280795471742749e-04,9.005039464682340622e-05,2.722460158111061901e-05,2.907024736487073824e-06,7.743142305116634816e-06,5.733874786528758705e-06,7.917491302578127943e-07,-4.548101344425958814e-07,2.307087470398982987e-06
2.813561422954080626e-06,1.445323414372978732e-05,2.468235034029930830e-04,8.860751404426991940e-04,1.592516433447599411e-03,2.082229126244783401e-03,2.211360028013586998e-03,2.048881491646170616e-03,1.710759475827217102e-03,1.294033485464751720e-03,9.122513583861291409e-04,5.651614628732204437e-04,3.071849350817501545e-04,9.474318358115851879e-05,1.302843884332105517e-05,3.074061532970517874e-05,1.853484354796819389e-05,-2.675541736607556231e-06,2.300551159351016395e-06,-5.823610536026535556e-07
-1.141273173743684310e-06,2.725958211158285849e-06,8.108556357910856605e-05,2.724308869801461697e-04,4.862354835495352745e-04,6.268575671128928661e-04,6.676423363387584686e-04,6.094320560805499554e-04,5.096142995171248913e-04,3.869153151754289865e-04,2.697009767871350050e-04,1.677486579865217209e-04,9.326472354587167501e-05,2.816693631757516414e-05,3.032647782674757764e-06,8.080179213720839471e-06,5.890763077331939712e-06,7.704596214352932293e-07,-3.760083586712426040e-07,2.227284085165592842e-06
-6.015278586346539669e-07,4.387465651234379038e-06,1.028339684125967324e-04,3.532314440235495567e-04,6.315335049293935299e-04,8.179122232832014561e-04,8.704533684067428112e-04,7.984032854437828064e-04,6.673996103927493095e-04,5.059836548753082752e-04,3.541370388120412827e-04,2.199816080974414945e-04,1.213512587128207088e-04,3.674081744975410402e-05,4.264477411197731271e-06,1.104173861676827073e-05,7.463973361154785380e-06,4.349547282345156418e-07,1.044677517825221003e-07,1.764371859280799981e-06
-1.988272060771123506e-06,-1.990936908669027616e-07,4.677401375374756753e-05,1.449125993531197309e-04,2.575789985712617636e-04,3.264507686253637075e-04,3.484766057226806879e-04,3.123535134363919497e-04,2.614636323414742947e-04,1.997201179619878531e-04,1.369369711028411984e-04,8.555191743653267622e-05,4.907042603008449078e-05,1.496827371738618240e-05,1.286997985516791232e-06,3.486180048639653251e-06,3.587479568523121998e-06,1.102067926694871858e-06,-1.291759190280572511e-06,2.989273070852505043e-06
-1.483352662035031244e-06,1.573318172631843481e-06,6.773009226890280843e-05,2.226671349490061402e-04,3.969905665144324303e-04,5.095535889267921448e-04,5.430141463875770569e-04,4.933781456202268600e-04,4.126731073483824730e-04,3.137992753181606531e-04,2.178217109758406878e-04,1.356302527710795403e-04,7.601957622682675719e-05,2.301863605680409819e-05,2.342394282095483504e-06,6.279555236687883735e-06,4.996495135856093839e-06,9.070514011000341270e-07,-7.410965849885542411e-07,2.548267957536154427e-06
-3.695341490583814448e-07,5.588909516518469900e-06,1.121766545111313462e-04,3.880312142428010702e-04,6.930754170753061771e-04,8.984435698948800564e-04,9.563409257680177689e-04,8.779685595072805882e-04,7.339849835261702538e-04,5.561255966313183308e-04,3.897245624102652073e-04,2.420904929749667645e-04,1.332634419668465853e-04,3.991906123701483011e-05,4.461226581042865291e-06,1.219442128785885870e-05,7.852620001358445734e-06,5.992677074573293794e-07,5.595526317847543396e-07,1.521985836916428525e-06
-2.650792794156586751e-07,5.307376341079361737e-06,1.164268542197532952e-04,4.037521139252930880e-04,7.226414163596928120e-04,9.378308895975351334e-04,9.976412402465939522e-04,9.170481935143470764e-04,7.664237054996192455e-04,5.807345733046531677e-04,4.071395960636436939e-04,2.527468604966998100e-04,1.389620156260207295e-04,4.223296855343505740e-05,5.122255515743745491e-06,1.292698016186477616e-05,8.518646609445568174e-06,1.458748641880447394e-07,3.470414924322540173e-07,1.486516566728823818e-06
-1.104069042412447743e-06,2.802988547045970336e-06,8.120577695081010461e-05,2.731831045821309090e-04,4.875373560935258865e-04,6.286668940447270870e-04,6.695792544633150101e-04,6.113263079896569252e-04,5.112018552608788013e-04,3.880785952787846327e-04,2.705812803469598293e-04,1.682949077803641558e-04,9.351811604574322701e-05,2.820974259520880878e-05,3.031045707757584751e-06,8.115164746413938701e-06,5.875804163224529475e-06,7.710247587056073826e-07,-3.373910431037074886e-07,2.167507091144216247e-06
-2.198539164055546280e-07,4.948965852236142382e-06,1.209624242619611323e-04,4.192833730485290289e-04,7.519078790210187435e-04,9.763384005054831505e-04,1.037952024489641190e-03,9.547805530019104481e-04,7.977103232406079769e-04,6.046115304343402386e-04,4.237908287905156612e-04,2.629114023875445127e-04,1.446736132493242621e-04,4.467217513592913747e-05,5.694565516023430973e-06,1.359111047349870205e-05,9.264942491427063942e-06,-2.835131169831583975e-07,1.808875360609363270e-08,1.733034764583862852e-06
-1.129713268710474949e-06,2.892802513088099658e-06,8.141470607370138168e-05,2.736858732532709837e-04,4.881949862465262413e-04,6.293230690062046051e-04,6.703741964884102345e-04,6.118474411778151989e-04,5.116728134453296661e-04,3.884367761202156544e-04,2.707939129322767258e-04,1.684493036009371281e-04,9.365114965476095676e-05,2.815427433233708143e-05,2.951054511868278496e-06,8.090322808129712939e-06,5.832601345900911838e-06,8.524691565980901942e-07,-2.984804723382694647e-07,2.206028511864133179e-06
-1.524436243016680237e-06,1.503382350165338721e-06,6.514006236102432013e-05,2.132682420779019594e-04,3.798874677158892155e-04,4.870621487498283386e-04,5.192123935557901859e-04,4.711826622951775789e-04,3.941724426113069057e-04,2.997954725287854671e-04,2.079368714476004243e-04,1.295280671911314130e-04,7.272119546541944146e-05,2.191454404965043068e-05,2.131996552634518594e-06,5.921831871091853827e-06,4.747309503727592528e-06,1.000710540211002808e-06,-7.317601671275042463e-07,2.560961775088799186e-06
-9.495004746895574499e-07,3.413980948607786559e-06,8.723873179405927658e-05,2.956851676572114229e-04,5.277098389342427254e-04,6.814002990722656250e-04,7.256584358401596546e-04,6.634705932810902596e-04,5.547845503315329552e-04,4.209310864098370075e-04,2.938964753411710262e-04,1.827421365305781364e-04,1.012976426864042878e-04,3.045473204110749066e-05,3.273605898357345723e-06,8.909432835935149342e-06,6.227561698324279860e-06,7.609771159877709579e-07,-1.270542924203255097e-07,2.024281002377392724e-06
5.160587335240052198e-08,6.630253665207419544e-06,1.285314938286319375e-04,4.489263228606432676e-04,8.030663011595606804e-04,1.043320982716977596e-03,1.109956414438784122e-03,1.021373318508267403e-03,8.536552195437252522e-04,6.464632460847496986e-04,4.538050852715969086e-04,2.816909982357174158e-04,1.545056147733703256e-04,4.661313869291916490e-05,5.560277259064605460e-06,1.448762850486673415e-05,9.166265044768806547e-06,1.948189662925869925e-07,8.209610200538008939e-07,1.157440692622913048e-06
4.314017942874670553e-08,5.967577635601628572e-06,1.300997246289625764e-04,4.539765359368175268e-04,8.137000259011983871e-04,1.057660090737044811e-03,1.124535221606492996e-03,1.035427325405180454e-03,8.651600219309329987e-04,6.553629064001142979e-04,4.599393869284540415e-04,2.853338082786649466e-04,1.565803977428004146e-04,4.799623638973571360e-05,6.097468940424732864e-06,1.481929211877286434e-05,9.734822924656327814e-06,-2.685418678538553650e-07,4.314075852107635001e-07,1.351069613519939594e-06
-1.630846668376761954e-06,1.184897541861573700e-06,6.093139745644293725e-05,1.976173371076583862e-04,3.517347795423120260e-04,4.500356444623321295e-04,4.799024900421500206e-04,4.345499619375914335e-04,3.635850443970412016e-04,2.767168916761875153e-04,1.915634929900988936e-04,1.193993593915365636e-04,6.728600419592112303e-05,2.025022877205628902e-05,1.886775066850532312e-06,5.349601451598573476e-06,4.438388714333996177e-06,1.068310666596516967e-06,-8.239611020144366194e-07,2.659126266735256650e-06
-6.798513823014218360e-07,4.113907834835117683e-06,9.827998292166739702e-05,3.366604796610772610e-04,6.016850820742547512e-04,7.787912618368864059e-04,8.289605611935257912e-04,7.598471711389720440e-04,6.352132186293601990e-04,4.816541622858494520e-04,3.369488986209034920e-04,2.093618386425077915e-04,1.155644713435322046e-04,3.493648910080082715e-05,4.013631041743792593e-06,1.043772681441623718e-05,7.107326382538303733e-06,5.035583967583079357e-07,4.381879392667542561e-08,1.783532525223563425e-06
3.736417397703917231e-07,6.880427463329397142e-06,1.430315751349553466e-04,5.020027165301144123e-04,9.002828155644237995e-04,1.171604380942881107e-03,1.245416351594030857e-03,1.148160197772085667e-03,9.592517744749784470e-04,7.263909210450947285e-04,5.102985887788236141e-04,3.164736262988299131e-04,1.733010140014812350e-04,5.320842683431692421e-05,6.906253929628292099e-06,1.659594090597238392e-05,1.072902887244708836e-05,-5.411250754150387365e-07,6.610861191802541725e-07,1.088623434952751268e-06
-7.264430905706831254e-07,4.260959030943922698e-06,9.525648056296631694e-05,3.257312055211514235e-04,5.813112366013228893e-04,7.517957128584384918e-04,8.005412528291344643e-04,7.331323577091097832e-04,6.130122346803545952e-04,4.648101457860320807e-04,3.250593435950577259e-04,2.020546817220747471e-04,1.116726925829425454e-04,3.342397758387960494e-05,3.592072289393399842e-06,9.974095519282855093e-06,6.682541879854397848e-06,7.587497634631290566e-07,1.730717542614002014e-07,1.805371653063048143e-06
-6.471116620332395541e-08,6.069411483622388914e-06,1.239854027517139912e-04,4.319694126024842262e-04,7.730199140496551991e-04,1.003979356028139591e-03,1.068022800609469414e-03,9.824952576309442520e-04,8.211313397623598576e-04,6.219641072675585747e-04,4.364143824204802513e-04,2.708933607209473848e-04,1.486884284531697631e-04,4.503450691117905080e-05,5.447930107038700953e-06,1.392001286149024963e-05,8.957366844697389752e-06,1.331525112391318544e-07,6.131122631813923363e-07,1.277003093491657637e-06
-1.507060460426146165e-06,1.381613856210606173e-06,6.614967423956841230e-05,2.169211365981027484e-04,3.868529747705906630e-04,4.963537794537842274e-04,5.289347609505057335e-04,4.803964693564921618e-04,4.018081817775964737e-04,3.056043060496449471e-04,2.120315330103039742e-04,1.320321462117135525e-04,7.404943607980385423e-05,2.249542740173637867e-05,2.324440629308810458e-06,6.098574431234737858e-06,4.931121566187357530e-06,8.683712735546578187e-07,-8.115388823171088006e-07,2.558615960879251361e-06
-1.911690787892439403e-06,1.162913818575361802e-07,5.010282984585501254e-05,1.572354376548901200e-04,2.795890322886407375e-04,3.553112619556486607e-04,3.791717463172972202e-04,3.408644115552306175e-04,2.852918405551463366e-04,2.176922134822234511e-04,1.496748154750093818e-04,9.344601858174428344e-05,5.332717773853801191e-05,1.620378861844073981e-05,1.426818130312312860e-06,3.918220954801654443e-06,3.789605898418813013e-06,1.098294092116702814e-06,-1.186369445349555463e-06,2.924125283243483864e-06
-1.506614694335439708e-06,1.564936724207655061e-06,6.586620293091982603e-05,2.159755531465634704e-04,3.847444313578307629e-04,4.934501484967768192e-04,5.259961471892893314e-04,4.775047418661415577e-04,3.994519647676497698e-04,3.037802525795996189e-04,2.107590407831594348e-04,1.312777458224445581e-04,7.365979399764910340e-05,2.219323869212530553e-05,2.171877667933586054e-06,6.021407443768111989e-06,4.793888365384191275e-06,9.919787089529563673e-07,-7.126330388018686790e-07,2.544358494560583495e-06
-1.958645583499674103e-07,5.172855253476882353e-06,1.223795989062637091e-04,4.245510790497064590e-04,7.611069013364613056e-04,9.883221937343478203e-04,1.050760969519615173e-03,9.665879770182073116e-04,8.076124940998852253e-04,6.120539037510752678e-04,4.290762299206107855e-04,2.661966427695006132e-04,1.464737288188189268e-04,4.509724749368615448e-05,5.679544756276300177e-06,1.375326974084600806e-05,9.287748071074020118e-06,-2.204261733140810975e-07,1.149622335105959792e-07,1.702665713310125284e-06
-1.727374183246865869e-06,6.457706263063300867e-07,5.713855352951213717e-05,1.834623399190604687e-04,3.268015861976891756e-04,4.174506175331771374e-04,4.451243730727583170e-04,4.023726214654743671e-04,3.366403107065707445e-04,2.564371388871222734e-04,1.771669049048796296e-04,1.104518887586891651e-04,6.244526593945920467e-05,1.900314782687928528e-05,1.846877580646832939e-06,4.886895567324245349e-06,4.310126769269118086e-06,9.710299764265073463e-07,-1.037179686136369128e-06,2.751293322944547981e-06
-1.359353859697876032e-06,1.763828095135977492e-06,7.219955296022817492e-05,2.394056209595873952e-04,4.274601233191788197e-04,5.498286918736994267e-04,5.856251809746026993e-04,5.333067383617162704e-04,4.459586634766310453e-04,3.389377379789948463e-04,2.356678887736052275e-04,1.466365210944786668e-04,8.189916843548417091e-05,2.497159948688931763e-05,2.724174919421784580e-06,6.942290383449289948e-06,5.416885869635734707e-06,7.211487513814063277e-07,-7.182248396020440850e-07,2.434611815260723233e-06
-1.959518158400896937e-06,-1.331961101413980941e-07,4.815082138520665467e-05,1.499689678894355893e-04,2.667370135895907879e-04,3.384983574505895376e-04,3.612491418607532978e-04,3.242614620830863714e-04,2.713976136874407530e-04,2.072275674436241388e-04,1.422504428774118423e-04,8.883589180186390877e-05,5.083357609692029655e-05,1.553646325191948563e-05,1.388494069942680653e-06,3.674890194815816358e-06,3.707674750330625102e-06,1.063938498191419058e-06,-1.282110247302625794e-06,2.967273076137644239e-06
3.146882932014705148e-07,7.072808784869266674e-06,1.401710032951086760e-04,4.917631158605217934e-04,8.809679420664906502e-04,1.145976013503968716e-03,1.218582619912922382e-03,1.122857327573001385e-03,9.382654679939150810e-04,7.104323594830930233e-04,4.990752786397933960e-04,3.096174332313239574e-04,1.695508253760635853e-04,5.161884837434627116e-05,6.492651664302684367e-06,1.613680797163397074e-05,1.026300014927983284e-05,-2.373241017039617873e-07,8.481091526846284978e-07,1.014706640489748679e-06
-6.425452170333301183e-07,4.318671926739625633e-06,1.000375486910343170e-04,3.431254008319228888e-04,6.131354020908474922e-04,7.937326445244252682e-04,8.448740700259804726e-04,7.745604962110519409e-04,6.475258269347250462e-04,4.909383133053779602e-04,3.435205726418644190e-04,2.134356036549434066e-04,1.177951635327190161e-04,3.554530485416762531e-05,4.042951331939548254e-06,1.065758897311752662e-05,7.192292741819983348e-06,5.368813731365662534e-07,1.210316753486040398e-07,1.766667310221237130e-06
-1.392244939779629931e-06,1.812093159969663247e-06,7.061485666781663895e-05,2.335646859137341380e-04,4.166061116848140955e-04,5.354236927814781666e-04,5.704666255041956902e-04,5.190326482988893986e-04,4.340934683568775654e-04,3.299469826743006706e-04,2.293042634846642613e-04,1.427299575880169868e-04,7.981011003721505404e-05,2.417576251900754869e-05,2.516966333132586442e-06,6.691155704174889252e-06,5.202968168305233121e-06,8.503293997819127981e-07,-6.652036290688556619e-07,2.454894683978636749e-06
5.410855692389304750e-07,7.793861186655703932e-06,1.493280433351173997e-04,5.257631419226527214e-04,9.420666610822081566e-04,1.226297812536358833e-03,1.303869765251874924e-03,1.202298328280448914e-03,1.004602294415235519e-03,7.604871061630547047e-04,5.345695535652339458e-04,3.315745270811021328e-04,1.813599083106964827e-04,5.521389903151430190e-05,6.997860964474966750e-06,1.737110324029345065e-05,1.091635931516066194e-05,-3.669379680104611907e-07,1.056487462847144343e-06,8.178481607501453254e-07
-1.251571461580169853e-06,2.214557298430008814e-06,7.594025373691692948e-05,2.534377854317426682e-04,4.523759707808494568e-04,5.825125263072550297e-04,6.204579840414226055e-04,5.656556459143757820e-04,4.730186774395406246e-04,3.593126020859926939e-04,2.501473063603043556e-04,1.556270144646987319e-04,8.670888200867921114e-05,2.629192204040009528e-05,2.844769824150716886e-06,7.422953331115422770e-06,5.595112725131912157e-06,7.555268553005589638e-07,-5.498335440279333852e-07,2.315965275556663983e-06
1.787859901014599018e-06,1.140957010647980496e-05,2.005772403208538890e-04,7.155653438530862331e-04,1.284558675251901150e-03,1.677020569331943989e-03,1.781772356480360031e-03,1.648156903684139252e-03,1.376549014821648598e-03,1.041453448124229908e-03,7.335344562307000160e-04,4.546215932350605726e-04,2.476596855558454990e-04,7.597321382490918040e-05,1.009830339171458036e-05,2.442420554871205240e-05,1.487821646151132882e-05,-1.537408252261229791e-06,1.792633725017367397e-06,4.014282595221629890e-08
-4.792431695932464208e-07,4.955277290719095618e-06,1.086274205590598285e-04,3.745857393369078636e-04,6.695989868603646755e-04,8.677567238919436932e-04,9.234965546056628227e-04,8.475983049720525742e-04,7.085280376486480236e-04,5.370050785131752491e-04,3.761095285881310701e-04,2.336071484023705125e-04,1.287144405068829656e-04,3.884945544996298850e-05,4.482658823690144345e-06,1.177767717308597639e-05,7.798726983310189098e-06,4.563887898711982416e-07,3.009373585882713087e-07,1.669603079790249467e-06
6.237647767193266191e-07,8.259165042545646429e-06,1.521390804555267096e-04,5.364013486541807652e-04,9.606866515241563320e-04,1.250629313290119171e-03,1.329881371930241585e-03,1.226358464919030666e-03,1.024767290800809860e-03,7.756404229439795017e-04,5.453597987070679665e-04,3.382910799700766802e-04,1.849771797424182296e-04,5.608146238955669105e-05,6.994691830186638981e-06,1.771794995875097811e-05,1.097200856747804210e-05,-2.602742199542262824e-07,1.260292833649145905e-06,7.220866677926096600e-07
-1.640920231693598907e-06,1.029972850119520444e-06,6.159143231343477964e-05,1.997854415094479918e-04,3.559772158041596413e-04,4.556587664410471916e-04,4.857608582824468613e-04,4.400690377224236727e-04,3.681430825963616371e-04,2.802121744025498629e-04,1.939936337294057012e-04,1.208795729326084256e-04,6.808088073739781976e-05,2.065613625745754689e-05,2.039985929513932206e-06,5.451274319057120010e-06,4.590198386722477153e-06,9.631488637751317583e-07,-9.166279255623521749e-07,2.687171900106477551e-06
-1.430651082046097144e-06,1.880285935840220191e-06,6.978748569963499904e-05,2.303107903571799397e-04,4.104083345737308264e-04,5.270623951219022274e-04,5.617234855890274048e-04,5.106557509861886501e-04,4.271486832294613123e-04,3.246905689593404531e-04,2.255533327115699649e-04,1.404387439833953977e-04,7.862113852752372622e-05,2.367118577240034938e-05,2.347140025449334644e-06,6.523335287056397647e-06,5.055407200416084379e-06,9.750444860401330516e-07,-6.179402021189162042e-07,2.497597733963630162e-06
-1.352678850707889069e-06,2.030315272349980660e-06,7.151759928092360497e-05,2.370896982029080391e-04,4.226792370900511742e-04,5.433607730083167553e-04,5.789923015981912613e-04,5.269076209515333176e-04,4.407080996315926313e-04,3.348974569234997034e-04,2.328494447283446789e-04,1.449439005227759480e-04,8.099231490632519126e-05,2.441305878164712340e-05,2.483890057192184031e-06,6.796028628741623834e-06,5.190601768845226616e-06,9.122441610998066608e-07,-5.680077492797863670e-07,2.401495066806091927e-06
-1.166664674201456364e-06,2.633970780152594671e-06,7.997652573976665735e-05,2.683307393454015255e-04,4.788819642271846533e-04,6.172065041027963161e-04,6.573857390321791172e-04,5.998955457471311092e-04,5.016447394154965878e-04,3.809023182839155197e-04,2.654406998772174120e-04,1.651104830671101809e-04,9.184428199660032988e-05,2.774361564661376178e-05,2.975679080918780528e-06,7.930368155939504504e-06,5.816893462906591594e-06,7.781633257764042355e-07,-4.071384864801075310e-07,2.245215000584721565e-06
-1.587450014994828962e-06,1.171214989881264046e-06,6.293481419561430812e-05,2.049950271612033248e-04,3.653366002254188061e-04,4.680449201259762049e-04,4.989035660400986671e-04,4.523919487837702036e-04,3.784326545428484678e-04,2.879558596760034561e-04,1.995226048165932298e-04,1.242985308635979891e-04,6.989567191340029240e-05,2.119777673215139657e-05,2.118183374477666803e-06,5.651963874697685242e-06,4.678021468862425536e-06,9.368595215164532419e-07,-8.649716960462683346e-07,2.625012029966455884e-06
-7.735564508948300499e-07,3.898688191839028150e-06,9.484630572842434049e-05,3.238101780880242586e-04,5.784452077932655811e-04,7.481355569325387478e-04,7.964718970470130444e-04,7.294734823517501354e-04,6.098715821281075478e-04,4.625284054782241583e-04,3.233712923247367144e-04,2.009737218031659722e-04,1.110760276787914336e-04,3.351166014908812940e-05,3.769124759855912998e-06,9.947068065230268985e-06,6.826953722338657826e-06,6.012602966620761435e-07,-1.031458918276939585e-08,1.870225446509721223e-06
-8.752566031944297720e-07,3.444617050263332203e-06,9.085643250728026032e-05,3.089526435360312462e-04,5.520422128029167652e-04,7.135386113077402115e-04,7.596177747473120689e-04,6.952763651497662067e-04,5.812721792608499527e-04,4.409785906318575144e-04,3.080797905568033457e-04,1.914830500027164817e-04,1.059708229149691761e-04,3.209505666745826602e-05,3.643538775577326305e-06,9.440269423066638410e-06,6.624794423260027543e-06,5.676890850736526772e-07,-1.738454074029505136e-07,1.972407517314422876e-06
-9.353859127259056550e-07,3.181834244969650172e-06,8.949209586717188358e-05,3.036145353689789772e-04,5.427076248452067375e-04,7.012549322098493576e-04,7.464369991794228554e-04,6.830279016867280006e-04,5.710032419301569462e-04,4.332840326242148876e-04,3.025666810572147369e-04,1.880342460935935378e-04,1.041977884597145021e-04,3.168730836478061974e-05,3.619747531047323719e-06,9.273921023122966290e-06,6.609947831748286262e-06,5.233549131844483782e-07,-2.844673474555747816e-07,2.084831749016302638e-06
-1.568803099871729501e-06,1.441901190446515102e-06,6.433435191866010427e-05,2.100212150253355503e-04,3.739605890586972237e-04,4.791353130713105202e-04,5.108320619910955429e-04,4.632429336197674274e-04,3.875558904837816954e-04,2.948196197394281626e-04,2.043630665866658092e-04,1.273263478651642799e-04,7.157825893955305219e-05,2.153546847694087774e-05,2.049965587502811104e-06,5.783469987363787368e-06,4.670541329687694088e-06,1.049967067956458777e-06,-7.494213036807195749e-07,2.623411091917660087e-06
-1.909908178276964463e-06,-2.116367525673013006e-08,5.030641841585747898e-05,1.579251111252233386e-04,2.811419253703206778e-04,3.574610163923352957e-04,3.813441726379096508e-04,3.430127399042248726e-04,2.870393800549209118e-04,2.190456289099529386e-04,1.506209518993273377e-04,9.400653652846813202e-05,5.361368312151171267e-05,1.643043833610136062e-05,1.541182655273587443e-06,3.976287644036347046e-06,3.893850134772947058e-06,1.003970623969507869e-06,-1.262682985725405160e-06,2.930850314442068338e-06
-7.630467848684929777e-07,3.539998942869715393e-06,9.705655975267291069e-05,3.315481590107083321e-04,5.933483480475842953e-04,7.679544505663216114e-04,8.171033696271479130e-04,7.490024436265230179e-04,6.260307272896170616e-04,4.748646169900894165e-04,3.320149844512343407e-04,2.062260173261165619e-04,1.139584710472263396e-04,3.485144770820625126e-05,4.195203473500441760e-06,1.033452190313255414e-05,7.275874395418213680e-06,2.884329433072707616e-07,-2.293903094141569454e-07,1.950100340764038265e-06
-1.915874463520594873e-06,1.093707382437969500e-07,5.001317913411185145e-05,1.568721781950443983e-04,2.789253194350749254e-04,3.544223727658390999e-04,3.782367857638746500e-04,3.399756969884037971e-04,2.845514100044965744e-04,2.171349769923835993e-04,1.492766750743612647e-04,9.320102981291711330e-05,5.319603224052116275e-05,1.616009831195697188e-05,1.418108922734973021e-06,3.901224772562272847e-06,3.781379746214952320e-06,1.104611101254704408e-06,-1.189052909467136487e-06,2.927945160990930162e-06
9.451658229409076739e-07,9.474409125687088817e-06,1.636144443182274699e-04,5.795364850200712681e-04,1.037679030559957027e-03,1.351824961602687836e-03,1.437549246475100517e-03,1.326581579633057117e-03,1.108536263927817345e-03,8.387481793761253357e-04,5.902120028622448444e-04,3.660983347799628973e-04,1.998567895498126745e-04,6.033701720298267901e-05,7.479659871023613960e-06,1.925291508086957037e-05,1.162342596217058599e-05,-2.803491838676563930e-07,1.684652715994161554e-06,3.583040211196930613e-07
1.449356318516947795e-06,1.053217147273244336e-05,1.848918036557734013e-04,6.582545465789735317e-04,1.180671271868050098e-03,1.540441764518618584e-03,1.637196866795420647e-03,1.513298368081450462e-03,1.264158170670270920e-03,9.564014617353677750e-04,6.734859198331832886e-04,4.175368521828204393e-04,2.274727885378524661e-04,6.939245940884575248e-05,9.112003681366331875e-06,2.226678043371066451e-05,1.352098115603439510e-05,-1.056644691743713338e-06,1.755707785378035624e-06,4.592624591737148876e-08
-1.409264655194419902e-06,1.625714048714144155e-06,6.984358333284035325e-05,2.307047107024118304e-04,4.117418720852583647e-04,5.291507695801556110e-04,5.637059803120791912e-04,5.128682241775095463e-04,4.289046337362378836e-04,3.260557714384049177e-04,2.265436633024364710e-04,1.409996912116184831e-04,7.885936793172731996e-05,2.400933044555131346e-05,2.568321860962896608e-06,6.617892267968272790e-06,5.224954293225891888e-06,7.774156074447091669e-07,-7.484003958779794630e-07,2.472899041094933636e-06
-2.036280193351558410e-06,-3.618160917540080845e-07,4.538824941846542060e-05,1.396238512825220823e-04,2.481457195244729519e-04,3.140265471301972866e-04,3.352679777890443802e-04,3.000297001563012600e-04,2.511629718355834484e-04,1.919667265610769391e-04,1.314146356889978051e-04,8.213133696699514985e-05,4.723952952190302312e-05,1.444764075131388381e-05,1.233230932484730147e-06,3.293755071354098618e-06,3.514015361361089163e-06,1.106422473640122917e-06,-1.353136667603394017e-06,3.040252295249956660e-06
-1.186607505587744527e-06,2.345306938877911307e-06,8.053888450376689434e-05,2.700371842365711927e-04,4.825449723284691572e-04,6.221189978532493114e-04,6.623620865866541862e-04,6.046774215064942837e-04,5.055518704466521740e-04,3.839428245555609465e-04,2.675215655472129583e-04,1.663408038439229131e-04,9.255069016944617033e-05,2.824009425239637494e-05,3.186050889780744910e-06,8.051049007917754352e-06,6.033295903762336820e-06,6.080468892832868733e-07,-5.611353799395146780e-07,2.324361275896080770e-06
1.015775865198520478e-06,9.224984751199372113e-06,1.666077296249568462e-04,5.903568235225975513e-04,1.058191992342472076e-03,1.379144610837101936e-03,1.466123154386878014e-03,1.353623811155557632e-03,1.130952383391559124e-03,8.558019180782139301e-04,6.022069137543439865e-04,3.734311321750283241e-04,2.038248640019446611e-04,6.203118391567841172e-05,7.956997251312714070e-06,1.974872066057287157e-05,1.213142604683525860e-05,-6.395022182914544828e-07,1.474859686823037919e-06,4.056092279824952129e-07
-1.091980607270670589e-06,2.893906639656051993e-06,8.214324043365195394e-05,2.765581011772155762e-04,4.935333854518830776e-04,6.364815053530037403e-04,6.778949755243957043e-04,6.190027925185859203e-04,5.176226841285824776e-04,3.929273807443678379e-04,2.740024356171488762e-04,1.704148889984935522e-04,9.468539792578667402e-05,2.853998375940136611e-05,3.051807652809657156e-06,8.226601494243368506e-06,5.925232471781782806e-06,7.820780183465103619e-07,-3.072087224609276745e-07,2.168932724089245312e-06
1.795229763956740499e-06,1.129551128542516381e-05,2.041543921222910285e-04,7.276762044057250023e-04,1.306981546804308891e-03,1.706287381239235401e-03,1.812582486309111118e-03,1.676745363511145115e-03,1.400304143317043781e-03,1.059572561644017696e-03,7.461442146450281143e-04,4.623755521606653929e-04,2.520154521334916353e-04,7.765099871903657913e-05,1.042588428390445188e-05,2.488909740350209177e-05,1.535255250928457826e-05,-1.743305801937822253e-06,1.617518478269630577e-06,2.475502753895852948e-07
-8.699761906427738722e-07,3.573104095266899094e-06,9.151121776085346937e-05,3.112700360361486673e-04,5.560028948821127415e-04,7.186077418737113476e-04,7.650676998309791088e-04,7.002109778113663197e-04,5.854229093529284000e-04,4.441025084815919399e-04,3.102786431554704905e-04,1.928555720951408148e-04,1.067522680386900902e-04,3.224839747417718172e-05,3.600197032938012853e-06,9.498329745838418603e-06,6.622114142373902723e-06,6.284420237534504849e-07,-1.191955121271348617e-07,1.983915353775955737e-06
-1.109178356273332611e-06,2.750009116425644606e-06,8.125585736706852913e-05,2.732961147557944059e-04,4.878450417891144753e-04,6.290907622314989567e-04,6.699867080897092819e-04,6.117299199104309082e-04,5.115246167406439781e-04,3.883382014464586973e-04,2.707509265746921301e-04,1.683924929238855839e-04,9.357642557006329298e-05,2.827679600159171969e-05,3.064862539758905768e-06,8.128839908749796450e-06,5.909512765356339514e-06,7.408517603835207410e-07,-3.660580034647864522e-07,2.183282731493818574e-06
-2.640331331349443644e-07,4.906204139842884615e-06,1.176010118797421455e-04,4.075510951224714518e-04,7.304555037990212440e-04,9.482959285378456116e-04,1.008337014354765415e-03,9.272827883251011372e-04,7.748209754936397076e-04,5.872181500308215618e-04,4.116111085750162601e-04,2.554123057052493095e-04,1.404954819008708000e-04,4.318724313634447753e-05,5.456306098494678736e-06,1.314992732659447938e-05,8.896688086679205298e-06,-1.501925908087287098e-07,9.537168210727031692e-08,1.622685999791428912e-06
-1.331658836534188595e-06,2.080922513414407149e-06,7.329819345613941550e-05,2.434884518152102828e-04,4.342969914432615042e-04,5.586032057181000710e-04,5.951439379714429379e-04,5.419293302111327648e-04,4.532350867521017790e-04,3.443805908318608999e-04,2.395363408140838146e-04,1.490761933382600546e-04,8.322644862346351147e-05,2.515261076041497290e-05,2.621325620566494763e-06,7.032767825876362622e-06,5.357606823963578790e-06,8.585972182117984630e-07,-5.732156296289758757e-07,2.399047161816270091e-06
7.353314686042722315e-07,8.628223440609872341e-06,1.551989116705954075e-04,5.481847911141812801e-04,9.817121317610144615e-04,1.278380397707223892e-03,1.359450630843639374e-03,1.253979979082942009e-03,1.047854311764240265e-03,7.930047577247023582e-04,5.577504634857177734e-04,3.459908475633710623e-04,1.890087733045220375e-04,5.720437184209004045e-05,7.147381893446436152e-06,1.814192000892944634e-05,1.113047164835734293e-05,-2.751385181909427047e-07,1.388214627695560921e-06,5.423693778539018240e-07
-1.628088512006797828e-06,1.104429316001187544e-06,6.142439815448597074e-05,1.993440237129107118e-04,3.550580877345055342e-04,4.544598050415515900e-04,4.845293005928397179e-04,4.389241512399166822e-04,3.672068414743989706e-04,2.794776519294828176e-04,1.935042091645300388e-04,1.205843145726248622e-04,6.791250780224800110e-05,2.054174183285795152e-05,1.991103545151418075e-06,5.432098078017588705e-06,4.538750090432586148e-06,9.998145742429187521e-07,-8.733157983442652039e-07,2.663509576450451277e-06
1.846818918238568585e-06,1.203296505991602316e-05,2.036650112131610513e-04,7.274841773323714733e-04,1.305011450313031673e-03,1.703762798570096493e-03,1.810589805245399475e-03,1.674699131399393082e-03,1.398894004523754120e-03,1.058139023371040821e-03,7.455065497197210789e-04,4.621186817530542612e-04,2.515353553462773561e-04,7.668731996091082692e-05,1.008407525660004467e-05,2.475977635185699910e-05,1.482004154240712523e-05,-1.297872131544863805e-06,2.138761828973656520e-06,-2.309705564584874082e-07
-1.612727032807015348e-06,1.326862843598064501e-06,6.240608490770682693e-05,2.029314637184143066e-04,3.611648280639201403e-04,4.623203130904585123e-04,4.929950810037553310e-04,4.466278478503227234e-04,3.736886719707399607e-04,2.843449474312365055e-04,1.969460863620042801e-04,1.227410393767058849e-04,6.910823867656290531e-05,2.075941847579088062e-05,1.928385700011858717e-06,5.520598733710357919e-06,4.516550689004361629e-06,1.089386046260187868e-06,-7.767937404423719272e-07,2.652136117831105366e-06
-1.583504285918024834e-06,1.270010670850751922e-06,6.251285958569496870e-05,2.035495272139087319e-04,3.624983946792781353e-04,4.642502171918749809e-04,4.949604626744985580e-04,4.486437246669083834e-04,3.753403434529900551e-04,2.855889906641095877e-04,1.978670625248923898e-04,1.232908398378640413e-04,6.936101272003725171e-05,2.092385329888202250e-05,2.010304797295248136e-06,5.580177003139397129e-06,4.578178959491197020e-06,1.013328756016562693e-06,-8.067922863119747490e-07,2.614916184029425494e-06
2.954889396278304048e-06,1.602460179128684103e-05,2.495602820999920368e-04,8.985069580376148224e-04,1.611865358427166939e-03,2.107481472194194794e-03,2.239374676719307899e-03,2.074374817311763763e-03,1.732585486024618149e-03,1.309906947426497936e-03,9.240553481504321098e-04,5.727097159251570702e-04,3.107980301138013601e-04,9.438396227778866887e-05,1.252421679964754730e-05,3.095091233262792230e-05,1.784488813427742571e-05,-1.866284037532750517e-06,3.285258117102785036e-06,-1.355233052890980616e-06
-1.327383870375342667e-06,2.072539473374490626e-06,7.275809184648096561e-05,2.416561765130609274e-04,4.309912037570029497e-04,5.543211591430008411e-04,5.905907601118087769e-04,5.377499037422239780e-04,4.497446061577647924e-04,3.417293773964047432e-04,2.376871270826086402e-04,1.479291240684688091e-04,8.259389142040163279e-05,2.494922955520451069e-05,2.586822120065335184e-06,6.972067239985335618e-06,5.310798314894782379e-06,8.630760817140981089e-07,-5.697021947526081931e-07,2.380943897151155397e-06
-1.470151687499310356e-06,1.422834770892222878e-06,6.795358785893768072e-05,2.235670253867283463e-04,3.989948017988353968e-04,5.123831215314567089e-04,5.458791274577379227e-04,4.962555249221622944e-04,4.150201857555657625e-04,3.155981248710304499e-04,2.191068779211491346e-04,1.363946357741951942e-04,7.638872193638235331e-05,2.329723793081939220e-05,2.491258783265948296e-06,6.359678991429973394e-06,5.117405180499190465e-06,7.845125651328999083e-07,-8.216389915105537511e-07,2.529671519369003363e-06
4.104738763999193907e-06,1.908428021124564111e-05,3.008697240147739649e-04,1.087646232917904854e-03,1.954272389411926270e-03,2.558340085670351982e-03,2.717008814215660095e-03,2.520306967198848724e-03,2.104369457811117172e-03,1.590973464772105217e-03,1.122888992540538311e-03,6.956245051696896553e-04,3.769941977225244045e-04,1.156341531896032393e-04,1.600900031917262822e-05,3.805756568908691406e-05,2.210493585153017193e-05,-3.370324293427984230e-06,3.665016265586018562e-06,-1.948585349964560010e-06
-1.895070568025403190e-06,1.139527583404742472e-07,5.054665962234139442e-05,1.589221064932644367e-04,2.827152784448117018e-04,3.594763402361422777e-04,3.835644747596234083e-04,3.450144140515476465e-04,2.887434966396540403e-04,2.203002950409427285e-04,1.515329495305195451e-04,9.458760177949443460e-05,5.392600360210053623e-05,1.642419920244719833e-05,1.484407789575925563e-06,3.991499852418201044e-06,3.845715582428965718e-06,1.062547767105570529e-06,-1.196298399008810520e-06,2.906021791204693727e-06
-1.087009309230779763e-06,2.951630449388176203e-06,8.219268784159794450e-05,2.767975383903831244e-04,4.938659840263426304e-04,6.368961767293512821e-04,6.783735007047653198e-04,6.194201414473354816e-04,5.179850850254297256e-04,3.931865212507545948e-04,2.741964126471430063e-04,1.705440081423148513e-04,9.475154365645721555e-05,2.851543649740051478e-05,3.023442332050763071e-06,8.225902092817705125e-06,5.901739314140286297e-06,8.088642289294512011e-07,-2.787784865176945459e-07,2.157588141926680692e-06
-6.450653131651051808e-07,4.186749720247462392e-06,1.007625396596267819e-04,3.456154663581401110e-04,6.179476622492074966e-04,8.001345559023320675e-04,8.515584049746394157e-04,7.808777154423296452e-04,6.527514779008924961e-04,4.949302528984844685e-04,3.463125322014093399e-04,2.151396474801003933e-04,1.187040543300099671e-04,3.597661270759999752e-05,4.200273906462825835e-06,1.077473098121117800e-05,7.340756837947992608e-06,4.295306439416890498e-07,3.860225916696435888e-08,1.782549134077271447e-06
1.017663862512563355e-06,9.824023436522111297e-06,1.654038060223683715e-04,5.865162238478660583e-04,1.049856655299663544e-03,1.367804012261331081e-03,1.454656361602246761e-03,1.342460978776216507e-03,1.121854176744818687e-03,8.487324230372905731e-04,5.973530351184308529e-04,3.705564886331558228e-04,2.022072876570746303e-04,6.087125802878290415e-05,7.477752660633996129e-06,1.947969758475665003e-05,1.163638535217614844e-05,-2.094962638921060716e-07,1.837741137933335267e-06,2.461259782648994587e-07
-9.408015557710314170e-07,3.177572352797142230e-06,8.990905917016789317e-05,3.049811930395662785e-04,5.451833712868392467e-04,7.044365629553794861e-04,7.497848127968609333e-04,6.860967841930687428e-04,5.735580925829708576e-04,4.352393443696200848e-04,3.039094444829970598e-04,1.888577826321125031e-04,1.046952966134995222e-04,3.185596506227739155e-05,3.632436346379108727e-06,9.324717211711686105e-06,6.651533112744800746e-06,5.181602773518534377e-07,-2.946195536424056627e-07,2.126492745446739718e-06
-1.216866849063080736e-06,2.484525111867696978e-06,7.824693602742627263e-05,2.618342114146798849e-04,4.672123468481004238e-04,6.018399144522845745e-04,6.410696078091859818e-04,5.846699350513517857e-04,4.889339325018227100e-04,3.713153419084846973e-04,2.586319169495254755e-04,1.608960592420771718e-04,8.958872786024585366e-05,2.706380655581597239e-05,2.880728970922064036e-06,7.691895916650537401e-06,5.695957497664494440e-06,8.052905400290910620e-07,-4.507035669121250976e-07,2.299064135513617657e-06
-2.407269619197904831e-07,5.564834737015189603e-06,1.165795983979478478e-04,4.045564273837953806e-04,7.236258825287222862e-04,9.390362538397312164e-04,9.991392726078629494e-04,9.182997164316475391e-04,7.675407105125486851e-04,5.815079202875494957e-04,4.077413759659975767e-04,2.531757345423102379e-04,1.391247496940195560e-04,4.206476660328917205e-05,5.008563221053918824e-06,1.290149157284758985e-05,8.394536962441634387e-06,2.700292895951861283e-07,4.743257306927262107e-07,1.398421090925694443e-06
-1.240916844835737720e-06,2.561401061029755510e-06,7.665964221814647317e-05,2.560827706474810839e-04,4.564918053802102804e-04,5.876302020624279976e-04,6.261051166802644730e-04,5.706027150154113770e-04,4.772421089000999928e-04,3.624477831181138754e-04,2.523680159356445074e-04,1.570459862705320120e-04,8.754535519983619452e-05,2.627028334245551378e-05,2.656560582181555219e-06,7.450682460330426693e-06,5.472547854878939688e-06,9.404461707163136452e-07,-3.817859237642551307e-07,2.316641030120081268e-06
-1.665109721216140315e-06,8.928055876822327264e-07,5.959866393823176622e-05,1.926336117321625352e-04,3.431682125665247440e-04,4.389303212519735098e-04,4.679751873482018709e-04,4.236127715557813644e-04,3.543958300724625587e-04,2.698192838579416275e-04,1.866653910838067532e-04,1.163378110504709184e-04,6.560985639225691557e-05,1.991410135815385729e-05,1.949901616171700880e-06,5.208410584600642323e-06,4.451902896107640117e-06,9.690538718132302165e-07,-9.499381690147856716e-07,2.691346026040264405e-06
-9.626986638977541588e-07,3.300097205283236690e-06,8.756412717048078775e-05,2.966801403090357780e-04,5.297272582538425922e-04,6.840713904239237309e-04,7.284236489795148373e-04,6.660757353529334068e-04,5.569271161220967770e-04,4.225877637509256601e-04,2.950342313852161169e-04,1.834309514379128814e-04,1.016701498883776367e-04,3.067672150791622698e-05,3.370156264281831682e-06,8.960345439845696092e-06,6.322371518763247877e-06,6.972525739001866896e-07,-1.922428367606698885e-07,2.049911017820704728e-06
-1.114374526878236793e-06,2.765038516372442245e-06,8.206709026126191020e-05,2.760839124675840139e-04,4.928850685246288776e-04,6.356419180519878864e-04,6.769383908249437809e-04,6.181367789395153522e-04,5.168692441657185555e-04,3.923958283849060535e-04,2.735892194323241711e-04,1.701463042991235852e-04,9.454627434024587274e-05,2.859643427655100822e-05,3.114139644821989350e-06,8.221780262829270214e-06,5.985119514662073925e-06,7.286895993274811190e-07,-3.748904759959259536e-07,2.201689994763000868e-06
-1.607806893844099250e-06,1.099769974644004833e-06,6.214545283000916243e-05,2.020463289227336645e-04,3.600548952817916870e-04,4.611003678292036057e-04,4.915274330414831638e-04,4.455214948393404484e-04,3.726930881384760141e-04,2.836298663169145584e-04,1.964488328667357564e-04,1.223964791279286146e-04,6.887289055157452822e-05,2.089408553729299456e-05,2.079631940432591364e-06,5.545957719732541591e-06,4.628022452379809693e-06,9.438944061912479810e-07,-8.899068006940069608e-07,2.642236950123333372e-06
-8.480994750925674452e-08,5.805866749142296612e-06,1.231378555530682206e-04,4.288117634132504463e-04,7.677832036279141903e-04,9.972756961360573769e-04,1.060723909176886082e-03,9.759029489941895008e-04,8.155580144375562668e-04,6.178037147037684917e-04,4.334536206442862749e-04,2.690187830012291670e-04,1.476758188800886273e-04,4.492379594012163579e-05,5.538404820981668308e-06,1.385450468660565093e-05,9.021702680911403149e-06,1.268784544095069577e-08,4.907868174086615909e-07,1.313248617407225538e-06
-1.556532112090280862e-07,5.548999070015270263e-06,1.200954429805278778e-04,4.175716312602162361e-04,7.476342143490910530e-04,9.708274737931787968e-04,1.032626954838633537e-03,9.497735882177948952e-04,7.937333430163562298e-04,6.013354286551475525e-04,4.217818204779177904e-04,2.617976570036262274e-04,1.437736937077715993e-04,4.375764910946600139e-05,5.394645995693281293e-06,1.345371401839656755e-05,8.817563866614364088e-06,3.816532156974972168e-08,4.132402864343021065e-07,1.367326831314130686e-06
-1.328048369941825513e-06,1.996823812078218907e-06,7.277845725184306502e-05,2.417201758362352848e-04,4.312676901463419199e-04,5.547492764890193939e-04,5.909905885346233845e-04,5.381936207413673401e-04,4.500929499045014381e-04,3.420083667151629925e-04,2.378782955929636955e-04,1.480379141867160797e-04,8.263891504611819983e-05,2.503055293345823884e-05,2.647846713443868794e-06,6.992595899646403268e-06,5.354366749088512734e-06,8.129188699967926368e-07,-6.087407768973207567e-07,2.384781737418961711e-06
2.569079242675798014e-07,7.307633495656773448e-06,1.354543055640533566e-04,4.750331281684339046e-04,8.498191018588840961e-04,1.104877330362796783e-03,1.175381126813590527e-03,1.082386472262442112e-03,9.046281338669359684e-04,6.848734919913113117e-04,4.811070102732628584e-04,2.986053877975791693e-04,1.635362277738749981e-04,4.926394467474892735e-05,5.909178980800788850e-06,1.543748112453613430e-05,9.597043572284746915e-06,1.288306492597257602e-07,1.048660465130524244e-06,9.330914849670080002e-07
-5.905075681766902562e-07,4.435895334609085694e-06,1.029578270390629768e-04,3.538056334946304560e-04,6.325112772174179554e-04,8.192264358513057232e-04,8.718800381757318974e-04,7.997447974048554897e-04,6.685307016596198082e-04,5.068202735856175423e-04,3.547479864209890366e-04,2.203710901085287333e-04,1.215293232235126197e-04,3.676729465951211751e-05,4.269299552106531337e-06,1.105845785787096247e-05,7.452318186551565304e-06,4.426686075476027327e-07,1.304458692175103351e-07,1.734183342705364339e-06
-1.726387381495442241e-06,7.042486345198994968e-07,5.746272290707565844e-05,1.845879305619746447e-04,3.287220897618681192e-04,4.198962706141173840e-04,4.477531474549323320e-04,4.047435941174626350e-04,3.386371536180377007e-04,2.579428255558013916e-04,1.782189647201448679e-04,1.111091842176392674e-04,6.282363756326958537e-05,1.907918158394750208e-05,1.825210915740171913e-06,4.916181751468684524e-06,4.307627477828646079e-06,1.001175405690446496e-06,-1.010408595902845263e-06,2.762291160252061673e-06
-1.823998104555357713e-06,3.011095941474195570e-07,5.333699300535954535e-05,1.693093072390183806e-04,3.014584362972527742e-04,3.841568541247397661e-04,4.097364435438066721e-04,3.694409970194101334e-04,3.091280523221939802e-04,2.356896147830411792e-04,1.624449214432388544e-04,1.013345317915081978e-04,5.754698577220551670e-05,1.755729317665100098e-05,1.664727733441395685e-06,4.381397957331500947e-06,4.064510449097724631e-06,9.977999297916539945e-07,-1.148699652731011156e-06,2.843665015461738221e-06
3.073929519814555533e-07,7.482422006432898343e-06,1.388460950693115592e-04,4.872740828432142735e-04,8.718952885828912258e-04,1.133780227974057198e-03,1.206006621941924095e-03,1.110825571231544018e-03,9.283616091124713421e-04,7.028278778307139874e-04,4.937726771458983421e-04,3.064209013245999813e-04,1.678339467616751790e-04,5.062369746156036854e-05,6.092457169870613143e-06,1.588755367265548557e-05,9.873921044345479459e-06,7.388781853023829171e-08,1.081572349903581198e-06,9.509772098681423813e-07
-1.767008598108077422e-06,6.428213055187370628e-07,5.641484676743857563e-05,1.805787906050682068e-04,3.214338794350624084e-04,4.102344682905822992e-04,4.375249845907092094e-04,3.951328981202095747e-04,3.306228900328278542e-04,2.518995315767824650e-04,1.739151921356096864e-04,1.084531613742001355e-04,6.141849735286086798e-05,1.862190038082189858e-05,1.736235731186752673e-06,4.754218025482259691e-06,4.214807631797157228e-06,1.046198804033338092e-06,-1.024117523229506332e-06,2.806888232953497209e-06
-3.443744276410143357e-07,5.189443072595167905e-06,1.113688922487199306e-04,3.854074748232960701e-04,6.892126984894275665e-04,8.938718819990754128e-04,9.511770913377404213e-04,8.737008320167660713e-04,7.302963640540838242e-04,5.533860530704259872e-04,3.878347633872181177e-04,2.408552682027220726e-04,1.324806944467127323e-04,4.003705544164404273e-05,4.719604476122185588e-06,1.221230559167452157e-05,8.015173989406321198e-06,3.355469857524440158e-07,3.714542060606618179e-07,1.478068838878243696e-06
-5.450641538118361495e-07,4.816506589122582227e-06,1.045219396473839879e-04,3.596883325371891260e-04,6.425531464628875256e-04,8.322138455696403980e-04,8.858515648171305656e-04,8.125301683321595192e-04,6.792824715375900269e-04,5.148811032995581627e-04,3.604814992286264896e-04,2.239536843262612820e-04,1.235056115547195077e-04,3.713224941748194396e-05,4.164765869063558057e-06,1.121985133067937568e-05,7.417895176331512630e-06,5.811218102280690800e-07,2.985097182772733504e-07,1.694480147307331208e-06
-1.999693722609663382e-06,-2.298063321859444841e-07,4.688688204623758793e-05,1.451766584068536758e-04,2.580888685770332813e-04,3.270764136686921120e-04,3.491394745651632547e-04,3.129265969619154930e-04,2.619392762426286936e-04,2.000955573748797178e-04,1.371776452288031578e-04,8.570038335165008903e-05,4.916127727483399212e-05,1.501688166172243655e-05,1.303009867115179077e-06,3.492645873848232441e-06,3.611959527916042134e-06,1.098451775760622695e-06,-1.310657921749225352e-06,3.009255578945158049e-06
-1.799892856979568023e-06,5.479514015860331710e-07,5.494739161804318428e-05,1.751650124788284302e-04,3.116770822089165449e-04,3.974117571488022804e-04,4.239290428813546896e-04,3.824660961981862783e-04,3.200515639036893845e-04,2.439153176965191960e-04,1.682604488451033831e-04,1.049587881425395608e-04,5.952902938588522375e-05,1.803061059035826474e-05,1.649433556849544402e-06,4.554545284918276593e-06,4.100682872376637533e-06,1.074209762919053901e-06,-1.048491071742319036e-06,2.826320951498928480e-06
-1.910202172439312562e-06,7.209490604509483092e-08,5.050318577559664845e-05,1.586213911650702357e-04,2.822123351506888866e-04,3.587798855733126402e-04,3.828168555628508329e-04,3.442843153607100248e-04,2.881289692595601082e-04,2.198532747570425272e-04,1.511913724243640900e-04,9.437597327632829547e-05,5.382260496844537556e-05,1.641522067075129598e-05,1.492701585448230617e-06,3.978480435762321576e-06,3.858153377223061398e-06,1.057059535014559515e-06,-1.218170837091747671e-06,2.927677314801258035e-06
-8.213654041355766822e-07,3.771004458030802198e-06,9.342454723082482815e-05,3.184167435392737389e-04,5.687499069608747959e-04,7.353462860919535160e-04,7.828813395462930202e-04,7.167748408392071724e-04,5.992680671624839306e-04,4.545376286841928959e-04,3.176848695147782564e-04,1.974502520170062780e-04,1.092107704607769847e-04,3.295209899079054594e-05,3.681976295411004685e-06,9.747259355208370835e-06,6.729345841449685395e-06,6.263966838560008910e-07,-4.964887878600166005e-08,1.927214270835975185e-06
-4.588586932641192107e-07,5.104604042571736500e-06,1.079863359336741269e-04,3.725685819517821074e-04,6.656600162386894226e-04,8.625963819213211536e-04,9.181452332995831966e-04,8.425986743532121181e-04,7.043962832540273666e-04,5.338221671991050243e-04,3.739252279046922922e-04,2.322810760233551264e-04,1.279522111872211099e-04,3.846461186185479164e-05,4.358001660875743255e-06,1.167747086583403870e-05,7.653850843780674040e-06,5.418855266725586262e-07,3.850902032809244702e-07,1.595117282704450190e-06
-5.138525693837436847e-07,4.808816811419092119e-06,1.062011797330342233e-04,3.658239438664168119e-04,6.538517191074788570e-04,8.471513283438980579e-04,9.015990654006600380e-04,8.273025159724056721e-04,6.915742415003478527e-04,5.241925828158855438e-04,3.670625155791640282e-04,2.280013577546924353e-04,1.256861141882836819e-04,3.791862400248646736e-05,4.342959073255769908e-06,1.147139846580103040e-05,7.614769856445491314e-06,4.762939909142005490e-07,2.642370304783980828e-07,1.683782897998753469e-06
7.852506200833886396e-07,8.814125067146960646e-06,1.586150901857763529e-04,5.605020560324192047e-04,1.003900426439940929e-03,1.307424274273216724e-03,1.390238176099956036e-03,1.282554701901972294e-03,1.071705482900142670e-03,8.110476774163544178e-04,5.704725044779479504e-04,3.538474848028272390e-04,1.933151652337983251e-04,5.856364441569894552e-05,7.335338523262180388e-06,1.858035466284491122e-05,1.140272433985956013e-05,-3.300737603240122553e-07,1.428076870979566593e-06,5.568683150158904027e-07
-3.801542334258556366e-07,5.196387974137905985e-06,1.116203929996117949e-04,3.859474672935903072e-04,6.900872103869915009e-04,8.948242175392806530e-04,9.522236068733036518e-04,8.744805818423628807e-04,7.309661596082150936e-04,5.539139383472502232e-04,3.881500160787254572e-04,2.410518791293725371e-04,1.326638739556074142e-04,4.006731614936143160e-05,4.684149644162971526e-06,1.220701233251020312e-05,8.019370397960301489e-06,3.805918993293744279e-07,3.710608780238544568e-07,1.548892441860516556e-06
1.072347231456660666e-06,9.904081707645673305e-06,1.682970469119027257e-04,5.970478523522615433e-04,1.069043995812535286e-03,1.393071957863867283e-03,1.481385785154998302e-03,1.367417746223509312e-03,1.142648630775511265e-03,8.644693880341947079e-04,6.084714550524950027e-04,3.774103824980556965e-04,2.059101389022544026e-04,6.212418520590290427e-05,7.717014341324102134e-06,1.988249823625665158e-05,1.192339095723582432e-05,-3.229412754990335088e-07,1.821579871830181219e-06,2.244648982241415069e-07
1.834353611229744274e-06,1.126413462770869955e-05,2.036559599218890071e-04,7.265618769451975822e-04,1.305178157053887844e-03,1.704328111372888088e-03,1.810465939342975616e-03,1.675151404924690723e-03,1.398939173668622971e-03,1.058492227457463741e-03,7.455082377418875694e-04,4.619840474333614111e-04,2.516095701139420271e-04,7.756318518659099936e-05,1.052895186148816720e-05,2.489206417521927506e-05,1.533462091174442321e-05,-1.834379645515582524e-06,1.616482677491148934e-06,8.826023645269742701e-08
-5.889755811949726194e-07,5.073197826277464628e-06,1.021715434035286307e-04,3.510927781462669373e-04,6.262019742280244827e-04,8.103745640255510807e-04,8.630031370557844639e-04,7.908518891781568527e-04,6.613170844502747059e-04,5.012251203879714012e-04,3.508359077386558056e-04,2.180592127842828631e-04,1.203715291921980679e-04,3.576617018552497029e-05,3.728089950527646579e-06,1.080579113477142528e-05,7.000020559644326568e-06,8.917292575461033266e-07,4.683232077695720363e-07,1.716114411465241574e-06
1.670905248829512857e-06,1.216059627040522173e-05,1.949827856151387095e-04,6.959231686778366566e-04,1.246392610482871532e-03,1.626130542717874050e-03,1.728909439407289028e-03,1.597889815457165241e-03,1.335085253231227398e-03,1.009708619676530361e-03,7.113763131201267242e-04,4.411324625834822655e-04,2.401977544650435448e-04,7.238341640913859010e-05,9.078826224140357226e-06,2.343479536648374051e-05,1.369638994219712913e-05,-6.147841418169264216e-07,2.463542841724120080e-06,-3.015722995769465342e-07
-1.397700657435052563e-06,1.859739995779818855e-06,7.027262472547590733e-05,2.323328226339071989e-04,4.142451507505029440e-04,5.322725046426057816e-04,5.671803373843431473e-04,5.159136489965021610e-04,4.315090773161500692e-04,3.279805532656610012e-04,2.279180625919252634e-04,1.418857718817889690e-04,7.935663597891107202e-05,2.397159551037475467e-05,2.450688725730287842e-06,6.629828931181691587e-06,5.138815140526276082e-06,8.985101658254279755e-07,-6.374703502842749003e-07,2.450616193527821451e-06
-1.250031232302717399e-06,2.379050329182064161e-06,7.631313928868621588e-05,2.547569456510245800e-04,4.544397525023669004e-04,5.850619054399430752e-04,6.232688901945948601e-04,5.681032198481261730e-04,4.751078377012163401e-04,3.608691913541406393e-04,2.512412029318511486e-04,1.563237456139177084e-04,8.712875569472089410e-05,2.628868060128297657e-05,2.748001406871480867e-06,7.436975920427357778e-06,5.540509391721570864e-06,8.467555971947149374e-07,-4.716659418591007125e-07,2.323567969142459333e-06
9.501839599579398055e-07,9.335695722256787121e-06,1.644640578888356686e-04,5.824344116263091564e-04,1.043249620124697685e-03,1.359203597530722618e-03,1.445257919840514660e-03,1.333837164565920830e-03,1.114544225856661797e-03,8.433444309048354626e-04,5.934126675128936768e-04,3.680539957713335752e-04,2.009095915127545595e-04,6.083065454731695354e-05,7.651330633962061256e-06,1.938249624799937010e-05,1.179486662294948474e-05,-3.961569632338068914e-07,1.598821199877420440e-06,3.883721433339815121e-07
2.769590537354815751e-06,1.626097946427762508e-05,2.420886739855632186e-04,8.711566915735602379e-04,1.560726668685674667e-03,2.039519604295492172e-03,2.167983679100871086e-03,2.006996655836701393e-03,1.676660380326211452e-03,1.267444225959479809e-03,8.941094856709241867e-04,5.543149891309440136e-04,3.009371284861117601e-04,9.049943037098273635e-05,1.151929882325930521e-05,2.974508606712333858e-05,1.679284832789562643e-05,-1.171008193523448426e-06,3.622970780270406976e-06,-1.380210619572608266e-06
-1.253078607987845317e-06,2.552775868025491945e-06,7.694915257161483169e-05,2.569624048192054033e-04,4.580789536703377962e-04,5.896430229768157005e-04,6.282448885031044483e-04,5.725285154767334461e-04,4.788486985489726067e-04,3.636829205788671970e-04,2.532026264816522598e-04,1.575644128024578094e-04,8.785059617366641760e-05,2.637101169966626912e-05,2.667901981112663634e-06,7.477078270312631503e-06,5.501251507666893303e-06,9.421328286407515407e-07,-3.950606526359479176e-07,2.342346078876289539e-06
-1.910894297907361761e-06,2.571146353602671297e-07,5.148778654984198511e-05,1.620595430722460151e-04,2.880775427911430597e-04,3.662687959149479866e-04,3.908810322172939777e-04,3.515664138831198215e-04,2.942548308055847883e-04,2.244713541585952044e-04,1.544265542179346085e-04,9.640367352403700352e-05,5.497064557857811451e-05,1.663632610870990902e-05,1.434491196050657891e-06,4.058633749082218856e-06,3.849455879390006885e-06,1.145471742347581312e-06,-1.140069343819050118e-06,2.946222821265109815e-06
-9.254061978936078958e-07,3.339349404996028170e-06,8.911985059967264533e-05,3.024240722879767418e-04,5.402068491093814373e-04,6.978978053666651249e-04,7.430288242176175117e-04,6.797463283874094486e-04,5.683179479092359543e-04,4.312036908231675625e-04,3.011345979757606983e-04,1.871852582553401589e-04,1.037007241393439472e-04,3.136929444735869765e-05,3.502167601254768670e-06,9.190441232931334525e-06,6.479331659647868946e-06,6.294802687989431433e-07,-1.928093809056008467e-07,2.035195166172343306e-06
-6.023283276590518653e-07,4.427810836205026135e-06,1.017801187117584050e-04,3.495506243780255318e-04,6.247190758585929871e-04,8.089676266536116600e-04,8.610428776592016220e-04,7.896284805610775948e-04,6.601015920750796795e-04,5.004345439374446869e-04,3.502465551719069481e-04,2.175954723497852683e-04,1.200265687657520175e-04,3.624132295954041183e-05,4.156576778768794611e-06,1.089129000320099294e-05,7.326094419113360345e-06,5.001028853257594164e-07,1.458987952673851396e-07,1.733561930450377986e-06
-1.176836917693435680e-06,2.411613195363315754e-06,7.905183156253769994e-05,2.649807138368487358e-04,4.732201632577925920e-04,6.099488819018006325e-04,6.495373090729117393e-04,5.927886813879013062e-04,4.956605262123048306e-04,3.764098510146141052e-04,2.622657048050314188e-04,1.631124905543401837e-04,9.074392437469214201e-05,2.756332105491310358e-05,3.042833441213588230e-06,7.858207027311436832e-06,5.845225132361520082e-06,6.817678581683139782e-07,-5.013656050323334057e-07,2.260235760331852362e-06
1.641685230424627662e-06,1.116474140872014686e-05,1.949182333191856742e-04,6.948137306608259678e-04,1.246673753485083580e-03,1.627090154215693474e-03,1.729026203975081444e-03,1.598790404386818409e-03,1.335463835857808590e-03,1.010328764095902443e-03,7.115663029253482819e-04,4.410734982229769230e-04,2.402851096121594310e-04,7.345202175201848149e-05,9.683515600045211613e-06,2.360731559747364372e-05,1.431863620382500812e-05,-1.274135343010129873e-06,1.842314873101713601e-06,2.774515195369531284e-08
-3.256681964103336213e-07,5.528891961148474365e-06,1.119746011681854725e-04,3.877453564200550318e-04,6.928176153451204300e-04,8.983812876977026463e-04,9.561587357893586159e-04,8.780884090811014175e-04,7.340498268604278564e-04,5.561546422541141510e-04,3.898192080669105053e-04,2.421204117126762867e-04,1.332211104454472661e-04,3.999896944151259959e-05,4.539246674539754167e-06,1.224073821504134685e-05,7.889397238614037633e-06,5.061340289103100076e-07,5.386979182731010951e-07,1.462442355659732129e-06
1.274309397558681667e-06,9.579081051924731582e-06,1.784655760275200009e-04,6.338270031847059727e-04,1.137720420956611633e-03,1.484097214415669441e-03,1.577040064148604870e-03,1.457471749745309353e-03,1.217397279106080532e-03,9.212679578922688961e-04,6.484550540335476398e-04,4.019753832835704088e-04,2.191667445003986359e-04,6.732013571308925748e-05,9.013562703330535442e-06,2.145572943845763803e-05,1.334571697952924296e-05,-1.232446493304450996e-06,1.341426354883878957e-06,3.438678959355456755e-07
-1.899157723528333008e-06,1.614456550669274293e-07,5.101477654534392059e-05,1.605014986125752330e-04,2.854764461517333984e-04,3.630122810136526823e-04,3.873492241837084293e-04,3.484441840555518866e-04,2.916193625424057245e-04,2.224797790404409170e-04,1.530495355837047100e-04,9.553497511660680175e-05,5.445939677883870900e-05,1.655973392189480364e-05,1.480775267737044487e-06,4.033148798043839633e-06,3.864438440359663218e-06,1.086133124772459269e-06,-1.180729782390699256e-06,2.920693304986343719e-06
1.721543867461150512e-07,6.636934813286643475e-06,1.340108283329755068e-04,4.690412606578320265e-04,8.400672813877463341e-04,1.092236605472862720e-03,1.161551335826516151e-03,1.069758203811943531e-03,8.939325343817472458e-04,6.769601022824645042e-04,4.753714893013238907e-04,2.949540794361382723e-04,1.616450899746268988e-04,4.918015838484279811e-05,6.135927378636552021e-06,1.530804911453742534e-05,9.802057320484891534e-06,-1.357737176022055792e-07,7.323779982471023686e-07,1.111342385229363572e-06
-3.858734771711169742e-07,4.920429091725964099e-06,1.113877078751102090e-04,3.850893990602344275e-04,6.891033262945711613e-04,8.937672246247529984e-04,9.508677758276462555e-04,8.734904113225638866e-04,7.300577126443386078e-04,5.532827926799654961e-04,3.876890405081212521e-04,2.407165447948500514e-04,1.324657059740275145e-04,4.025702219223603606e-05,4.854121016251156107e-06,1.224392508447635919e-05,8.157057891367003322e-06,2.138547046115490957e-07,2.381799077966206823e-07,1.572868313814979047e-06
1.691700958872388583e-06,1.171236453956225887e-05,1.960926892934367061e-04,6.998042808845639229e-04,1.254606293514370918e-03,1.637373119592666626e-03,1.740371109917759895e-03,1.609085942618548870e-03,1.344243064522743225e-03,1.016769674606621265e-03,7.162857800722122192e-04,4.440819611772894859e-04,2.417767827864736319e-04,7.341003947658464313e-05,9.510478776064701378e-06,2.369947833358310163e-05,1.410792901879176497e-05,-9.926234270096756518e-07,2.173022039642091841e-06,-2.131724414766722475e-07
-7.842524496481928509e-07,3.761861307793878950e-06,9.543899795971810818e-05,3.257862117607146502e-04,5.823091487400233746e-04,7.532575400546193123e-04,8.017701329663395882e-04,7.344819605350494385e-04,6.140074110589921474e-04,4.657032550312578678e-04,3.255725896451622248e-04,2.023035049205645919e-04,1.118275249609723687e-04,3.389191260794177651e-05,3.896622729371301830e-06,1.005053036351455376e-05,6.962917268538149074e-06,5.070469910606334452e-07,-8.740913415294926381e-08,1.917799409056897275e-06
-1.972361815205658786e-06,-5.657288326688103552e-08,4.852055644732899964e-05,1.511391892563551664e-04,2.686666848603636026e-04,3.408836782909929752e-04,3.638510243035852909e-04,3.265269333496689796e-04,2.733146247919648886e-04,2.086780295940116048e-04,1.432457647752016783e-04,8.946844172896817327e-05,5.120884452480822802e-05,1.558296207804232836e-05,1.346732801721373107e-06,3.687819798869895749e-06,3.693927965287002735e-06,1.119963258133793715e-06,-1.250540663022547960e-06,2.991314204336958937e-06
-1.230877444413636113e-07,6.243375082704005763e-06,1.214467483805492520e-04,4.226123564876616001e-04,7.554164621978998184e-04,9.805245790630578995e-04,1.043426222167909145e-03,9.592248243279755116e-04,8.018151856958866119e-04,6.073116092011332512e-04,4.260433779563754797e-04,2.645474160090088844e-04,1.453010772820562124e-04,4.365445056464523077e-05,5.049837000115076080e-06,1.348704790871124715e-05,8.560828973713796586e-06,4.058444176280318061e-07,7.428814114973647520e-07,1.301670067732629832e-06
-1.288772750740463380e-06,2.211987521150149405e-06,7.501189247705042362e-05,2.498799294698983431e-04,4.457964969333261251e-04,5.737432511523365974e-04,6.112169357948005199e-04,5.569221684709191322e-04,4.657519457396119833e-04,3.538247838150709867e-04,2.462350530549883842e-04,1.532252208562567830e-04,8.544184674974530935e-05,2.582827619335148484e-05,2.726884758885717019e-06,7.265272870426997542e-06,5.480644176714122295e-06,8.249130019066797104e-07,-5.391886475081264507e-07,2.350178419874282554e-06
-1.003152874545776285e-06,3.050394980164128356e-06,8.699109457666054368e-05,2.942553837783634663e-04,5.257113371044397354e-04,6.788202445022761822e-04,7.227099849842488766e-04,6.608130643144249916e-04,5.524806329049170017e-04,4.192959459032863379e-04,2.926399174612015486e-04,1.819187746150419116e-04,1.008916442515328526e-04,3.060421295231208205e-05,3.438698740865220316e-06,8.901602996047586203e-06,6.384973858075682074e-06,6.118713713476608973e-07,-3.102598498117004056e-07,2.127774905602564104e-06
-1.427905317541444674e-06,1.824404648687050212e-06,6.937197758816182613e-05,2.289080439368262887e-04,4.079884674865752459e-04,5.239729653112590313e-04,5.584138561971485615e-04,5.076657980680465698e-04,4.246402531862258911e-04,3.227932320442050695e-04,2.242283808300271630e-04,1.396130246575921774e-04,7.814748823875561357e-05,2.356087316002231091e-05,2.365912905588629656e-06,6.489769930340116844e-06,5.047734703111927956e-06,9.455931717639032286e-07,-6.406113470802665688e-07,2.481445790181169286e-06
-1.527478048046759795e-06,1.287405780203698669e-06,6.481938908109441400e-05,2.120984281646087766e-04,3.782050334848463535e-04,4.850406548939645290e-04,5.169140058569610119e-04,4.692504007834941149e-04,3.924979246221482754e-04,2.985682222060859203e-04,2.070642221951857209e-04,1.289556967094540596e-04,7.237916724989190698e-05,2.199356094934046268e-05,2.259176199004286900e-06,5.929524832026800141e-06,4.837895176024176180e-06,8.772646538091066759e-07,-8.355403338100586552e-07,2.568422132753767073e-06
-8.513362104167754296e-07,3.132674009975744411e-06,9.422797302249819040e-05,3.208390262443572283e-04,5.744517548009753227e-04,7.431759731844067574e-04,7.906406535767018795e-04,7.244462613016366959e-04,6.054733530618250370e-04,4.594046331476420164e-04,3.210121358279138803e-04,1.993739715544506907e-04,1.103181421058252454e-04,3.391452628420665860e-05,4.134369191888254136e-06,9.977008630812633783e-06,7.179658950917655602e-06,2.305369832811265951e-07,-3.900559875091857975e-07,2.069747324640047736e-06
2.526847424633160699e-07,7.471748176612891257e-06,1.359618181595578790e-04,4.767365171574056149e-04,8.525542216375470161e-04,1.108254538848996162e-03,1.179073937237262726e-03,1.085601630620658398e-03,9.073647670447826385e-04,6.869263597764074802e-04,4.825329815503209829e-04,2.995055983774363995e-04,1.640919945202767849e-04,4.929968417854979634e-05,5.811807113786926493e-06,1.546174462419003248e-05,9.548592970531899482e-06,2.322359193840384251e-07,1.129447923631232698e-06,9.643837302064639516e-07
-5.429397376133238140e-08,6.478988780145300552e-06,1.255491515621542931e-04,4.375662829261273146e-04,7.823785999789834023e-04,1.015891088172793388e-03,1.080915099009871483e-03,9.940898744389414787e-04,8.309126133099198341e-04,6.293075275607407093e-04,4.415862495079636574e-04,2.741463249549269676e-04,1.505330728832632303e-04,4.530268779490143061e-05,5.285637598717585206e-06,1.403612168360268697e-05,8.888076081348117441e-06,3.346271455484384205e-07,7.958178684930317104e-07,1.287715576836490072e-06
-1.218131046698545106e-06,2.442649474687641487e-06,7.813174306647852063e-05,2.614018449094146490e-04,4.665059386752545834e-04,6.009372882544994354e-04,6.400789716280996799e-04,5.837837234139442444e-04,4.881819768343120813e-04,3.707592259161174297e-04,2.582287415862083435e-04,1.606429577805101871e-04,8.945305307861417532e-05,2.705316364881582558e-05,2.895736997743370011e-06,7.688880032219458371e-06,5.706521733372937888e-06,7.857955779400072061e-07,-4.703852027887478471e-07,2.306081114511471242e-06
-5.450613684843119700e-07,4.673504918173421174e-06,1.028548795147798955e-04,3.538743476383388042e-04,6.322545814327895641e-04,8.188995416276156902e-04,8.716697921045124531e-04,7.995331543497741222e-04,6.684071850031614304e-04,5.066476296633481979e-04,3.547151573002338409e-04,2.203775948146358132e-04,1.214941294165328145e-04,3.657112392829731107e-05,4.142100351600674912e-06,1.103716385841835290e-05,7.327655566768953577e-06,5.434381478153227363e-07,2.546044299833738478e-07,1.650419335419428535e-06
-1.916086375786107965e-06,7.111432864803646225e-08,4.968916982761584222e-05,1.557518262416124344e-04,2.769698039628565311e-04,3.519081219565123320e-04,3.755452053155750036e-04,3.375263186171650887e-04,2.824976982083171606e-04,2.155820839107036591e-04,1.481891813455149531e-04,9.252304880646988750e-05,5.281706035020761192e-05,1.606635851203463972e-05,1.421211322849558201e-06,3.870355158142047003e-06,3.771484216485987417e-06,1.087693135559675284e-06,-1.203412125505565200e-06,2.919984808613662608e-06
-3.783200384077645140e-07,5.200099167268490419e-06,1.108464493881911039e-04,3.833070222754031420e-04,6.852720398455858231e-04,8.885578135959804058e-04,9.455949184484779835e-04,8.683622581884264946e-04,7.258658297359943390e-04,5.500387633219361305e-04,3.854384412989020348e-04,2.393821196164935827e-04,1.317285496043041348e-04,3.974433275288902223e-05,4.629849172488320619e-06,1.211127892020158470e-05,7.937037480587605387e-06,4.006126914646301884e-07,3.865031033001287142e-07,1.520573277957737446e-06
2.309008380052546272e-07,6.303330792434280738e-06,1.368067169096320868e-04,4.789058875758200884e-04,8.590060169808566570e-04,1.117431907914578915e-03,1.187807181850075722e-03,1.094613922759890556e-03,9.145011426880955696e-04,6.926455534994602203e-04,4.863690701313316822e-04,3.016428672708570957e-04,1.653267390793189406e-04,5.089090336696244776e-05,6.628357368754222989e-06,1.578173214511480182e-05,1.034816432365914807e-05,-5.237258164925151505e-07,4.679409073560236720e-07,1.231162173098709900e-06
3.125011971860658377e-06,1.543021244287956506e-05,2.580953005235642195e-04,9.287554421462118626e-04,1.669211545959115028e-03,2.183513948693871498e-03,2.318918006494641304e-03,2.149453386664390564e-03,1.794725190848112106e-03,1.357313711196184158e-03,9.572623530402779579e-04,5.930490442551672459e-04,3.219222126062959433e-04,9.915647387970238924e-05,1.376513228024123237e-05,3.232669405406340957e-05,1.927218181663192809e-05,-2.872391178243560717e-06,2.621738985908450559e-06,-1.010547975965891965e-06
1.207050331686332356e-06,1.001827604341087863e-05,1.754189142957329750e-04,6.227847770787775517e-04,1.116242376156151295e-03,1.455245190300047398e-03,1.546946004964411259e-03,1.428730320185422897e-03,1.193678122945129871e-03,9.031602530740201473e-04,6.357105448842048645e-04,3.941701143048703671e-04,2.151183143723756075e-04,6.538232992170378566e-05,8.300790796056389809e-06,2.090289854095317423e-05,1.269711356144398451e-05,-6.851271336927311495e-07,1.695718538030632772e-06,3.252430929023830686e-07
1.402630800839688163e-06,1.029835584631655365e-05,1.843033824115991592e-04,6.555314757861196995e-04,1.176077174022793770e-03,1.534288050606846809e-03,1.630558632314205170e-03,1.507045235484838486e-03,1.258888747543096542e-03,9.525116183795034885e-04,6.706223939545452595e-04,4.157406219746917486e-04,2.265915536554530263e-04,6.928848597453907132e-05,9.139636858890298754e-06,2.217620749433990568e-05,1.358362533210311085e-05,-1.118947693612426519e-06,1.626787479835911654e-06,1.834489324892274453e-07
-1.306630906583450269e-06,2.212767185483244248e-06,7.405852375086396933e-05,2.463843848090618849e-04,4.393678973428905010e-04,5.652481340803205967e-04,6.022508605383336544e-04,5.485161673277616501e-04,4.587542207445949316e-04,3.485235793050378561e-04,2.424910489935427904e-04,1.509163703303784132e-04,8.420805534115061164e-05,2.538756598369218409e-05,2.622699867060873657e-06,7.123557679733494297e-06,5.370675808080704883e-06,8.821847927720227744e-07,-5.215478608988632914e-07,2.362688064749818295e-06
-1.543434677842014935e-07,5.857089035998797044e-06,1.203283391078002751e-04,4.184294084552675486e-04,7.485439418815076351e-04,9.717603679746389389e-04,1.033863169141113758e-03,9.506199276074767113e-04,7.945328252390027046e-04,6.018766434863209724e-04,4.221799026709049940e-04,2.621003950480371714e-04,1.439625193597748876e-04,4.353567055659368634e-05,5.198057351663010195e-06,1.340761991741601378e-05,8.659634659125003964e-06,2.258407505451032193e-07,5.634832405121414922e-07,1.347047259514511097e-06
-1.679823299127747305e-06,7.363530585280386731e-07,5.962890645605511963e-05,1.925744436448439956e-04,3.433566889725625515e-04,4.392355331219732761e-04,4.681863065343350172e-04,4.238885885570198298e-04,3.545820072758942842e-04,2.700044715311378241e-04,1.867628161562606692e-04,1.163731503766030073e-04,6.564075010828673840e-05,2.006059003178961575e-05,2.040964773186715320e-06,5.235476237430702895e-06,4.542636361293261871e-06,8.883525879355147481e-07,-1.031705096465884708e-06,2.728939989538048394e-06
3.015912852788460441e-06,1.409830474585760385e-05,2.589025243651121855e-04,9.287182474508881569e-04,1.672100159339606762e-03,2.187137259170413017e-03,2.321539213880896568e-03,2.152183325961232185e-03,1.796466880477964878e-03,1.359299873001873493e-03,9.579854086041450500e-04,5.932381027378141880e-04,3.226736444048583508e-04,1.008753242786042392e-04,1.435673675587167963e-05,3.253594695706851780e-05,2.024042078119236976e-05,-3.679948576973401941e-06,1.667973833718860988e-06,-1.365236812489456497e-07
-1.878618036244006362e-06,2.292395322456286522e-07,5.153863821760751307e-05,1.625348231755197048e-04,2.891006879508495331e-04,3.677944187074899673e-04,3.924347693100571632e-04,3.531976835802197456e-04,2.955933159682899714e-04,2.254670107504352927e-04,1.551845634821802378e-04,9.685613622423261404e-05,5.516329838428646326e-05,1.675891326158307493e-05,1.500148414379509632e-06,4.108496341359568760e-06,3.891514552378794178e-06,1.084604605239292141e-06,-1.152452682617877144e-06,2.895385250667459331e-06
-8.649318488096469082e-07,3.955749434680910781e-06,9.153322753263637424e-05,3.114549035672098398e-04,5.555449752137064934e-04,7.177001098170876503e-04,7.643912686035037041e-04,6.992397247813642025e-04,5.847272113896906376e-04,4.435001465026289225e-04,3.098721790593117476e-04,1.926686090882867575e-04,1.066932018147781491e-04,3.188040500390343368e-05,3.334518169140210375e-06,9.421528375241905451e-06,6.403428869816707447e-06,8.650583254166122060e-07,7.856657902038932662e-08,1.961459020094480366e-06
1.288466705773316789e-06,1.103957492887275293e-05,1.776372082531452179e-04,6.317708757705986500e-04,1.130571705289185047e-03,1.473628915846347809e-03,1.567221945151686668e-03,1.447004149667918682e-03,1.209223177284002304e-03,9.146240190602838993e-04,6.440493161790072918e-04,3.994904982391744852e-04,2.178312424803152680e-04,6.536630826303735375e-05,7.949040991661604494e-06,2.105278326780535281e-05,1.234131286764750257e-05,-1.951250112597335828e-07,2.233511622762307525e-06,4.203648984457686311e-09
