2.938657644335762598e-06,9.200948625220917165e-06,1.731736701913177967e-04,5.516770761460065842e-04,9.511559037491679192e-04,1.145588001236319542e-03,1.103965681977570057e-03,8.690675604157149792e-04,5.951568018645048141e-04,3.237803175579756498e-04,1.228513574460521340e-04,1.966024319699499756e-05,-7.374951110250549391e-06,-2.052882564385072328e-06,1.640165805838478263e-06,3.690545781864784658e-06,1.647839440011011902e-06,9.814661098062060773e-06,-1.143267581937834620e-06,2.064528814571531257e-07
-4.581410394166596234e-06,1.234323372045764700e-05,1.886142854345962405e-04,6.951635004952549934e-04,1.222056336700916290e-03,1.537757809273898602e-03,1.568962237797677517e-03,1.348666264675557613e-03,1.041812822222709656e-03,6.976951262913644314e-04,3.778527898248285055e-04,1.613478234503418207e-04,5.418809087132103741e-05,7.651867235836107284e-06,-1.975081431737635285e-06,1.159403268502501305e-06,9.657214832259342074e-07,-1.363876549476117361e-06,-1.768291667758603580e-06,2.269673132104799151e-06
1.321133277087938040e-05,9.529805538477376103e-06,2.817615750245749950e-04,8.282195776700973511e-04,1.417525229044258595e-03,1.664288807660341263e-03,1.535061979666352272e-03,1.121001434512436390e-03,6.725938874296844006e-04,2.563830057624727488e-04,8.432618301412730943e-07,-8.395878830924630165e-05,-6.805915472796186805e-05,-1.674650593486148864e-05,3.617319407567265444e-06,4.099129910173360258e-06,-2.658891560258780373e-07,2.696712363103870302e-05,1.731963379825174343e-06,-1.005371856876990933e-07
-1.416373947904503439e-06,5.712842266802908853e-06,5.695478103007189929e-05,1.629339240025728941e-04,2.612794341985136271e-04,2.866601862479001284e-04,2.564324240665882826e-04,1.748223876347765326e-04,9.461629088036715984e-05,3.398660555831156671e-05,5.601738394034327939e-06,-4.290034667064901441e-06,-2.590325948403915390e-06,9.603962098481133580e-06,1.157260794570902362e-05,7.463635029125725850e-06,9.563928870193194598e-06,-1.638225626265921164e-06,-1.213375412589812186e-06,1.017664203573076520e-06
-2.876613052649190649e-06,6.929468327143695205e-06,5.861020326847210526e-05,1.834503636928275228e-04,3.530273970682173967e-04,4.842782218474894762e-04,5.713671562261879444e-04,5.895445356145501137e-04,5.772969452664256096e-04,5.031037726439535618e-04,4.212393832858651876e-04,3.063031181227415800e-04,2.103715814882889390e-04,1.326105848420411348e-04,7.369001104962080717e-05,4.060627179569564760e-05,1.896728826977778226e-05,-2.277938165207160637e-06,8.076410153989854734e-07,2.114016979248845018e-07
3.068367277592187747e-06,9.775688340596389025e-06,1.965157134691253304e-04,6.369538023136556149e-04,1.102401991374790668e-03,1.336748595349490643e-03,1.295990543439984322e-03,1.031884225085377693e-03,7.174274069257080555e-04,3.999421023763716221e-04,1.586501894053071737e-04,3.046277379326056689e-05,-6.571375251951394603e-06,-5.181052983971312642e-06,-6.442746780521702021e-07,2.904907660195021890e-06,4.766865302485712164e-08,1.175756460725096986e-05,-1.061692273651715368e-06,1.011550452290066460e-07
-2.380110572630655952e-06,6.070379640732426196e-06,6.612220749957486987e-05,2.363592648180201650e-04,4.386896907817572355e-04,5.949847982265055180e-04,6.707131979055702686e-04,6.647741538472473621e-04,6.127700908109545708e-04,5.075533990748226643e-04,3.920092713087797165e-04,2.678834425751119852e-04,1.663621660554781556e-04,9.787731687538325787e-05,5.139201675774529576e-05,2.597474303911440074e-05,1.128766143665416166e-05,-2.941904313047416508e-06,2.164237912438693456e-06,2.951264377770712599e-06
-6.761026725143892691e-06,9.515789315628353506e-06,4.996014104108326137e-05,1.724764006212353706e-04,2.884929126594215631e-04,3.395989479031413794e-04,3.457517595961689949e-04,2.884308050852268934e-04,2.237334992969408631e-04,1.617287198314443231e-04,1.065260730683803558e-04,5.817181954625993967e-05,3.261614983784966171e-05,2.206347016908694059e-05,1.143851568485843018e-05,7.574756637040991336e-06,1.125661219703033566e-05,-6.818440851930063218e-06,-2.602913355076452717e-06,2.974073368022800423e-06
4.371378508949419484e-06,8.547513971279840916e-06,1.490045542595908046e-04,4.441605415195226669e-04,7.569533190689980984e-04,8.896097424440085888e-04,8.336679893545806408e-04,6.222297088243067265e-04,3.934006963390856981e-04,1.809232926461845636e-04,4.218720278004184365e-05,-1.498358233220642433e-05,-1.811982110666576773e-05,8.102449555735802278e-07,5.266186235530767590e-06,5.286040959617821500e-06,3.995120550825959072e-06,9.350032087240833789e-06,-1.343638473372266162e-06,2.819732003445096780e-07
-1.962551095857634209e-06,1.110853372665587813e-05,2.127411280525848269e-04,7.471899152733385563e-04,1.307153841480612755e-03,1.622246811166405678e-03,1.620940398424863815e-03,1.354242791421711445e-03,1.006055506877601147e-03,6.285664276219904423e-04,3.055592242162674665e-04,1.049100537784397602e-04,2.300012238265480846e-05,-4.204371180094312876e-06,-4.912481472274521366e-06,1.121109562518540770e-06,-2.199594291596440598e-06,7.711412763455882668e-06,-1.049524257723533083e-06,9.446150102121464442e-07
1.247842533302900847e-06,1.107013576984172687e-05,2.326274989172816277e-04,7.846496300771832466e-04,1.366402604617178440e-03,1.678442116826772690e-03,1.651191152632236481e-03,1.348080695606768131e-03,9.695505141280591488e-04,5.731473793275654316e-04,2.529675839468836784e-04,6.874723476357758045e-05,4.264619747118558735e-06,-8.635664926259778440e-06,-4.697036274592392147e-06,1.233289822266669944e-06,-2.422702209514682181e-06,1.278255240322323516e-05,-9.840439361141761765e-07,6.336001234785726410e-08
4.091866685485001653e-06,3.605128085837350227e-06,1.664361625444144011e-04,4.749125801026821136e-04,7.950732251629233360e-04,8.974865195341408253e-04,7.925013778731226921e-04,5.279501783661544323e-04,2.581934386398643255e-04,2.951483293145429343e-05,-7.638272654730826616e-05,-8.626174530945718288e-05,-5.005854472983628511e-05,2.321274678251938894e-06,1.694382626737933606e-05,6.516287612612359226e-06,-1.233661208743797033e-07,1.722616798360832036e-05,4.058040758536662906e-06,1.198309178107592743e-06
-1.588620648362848442e-06,7.183890375017654151e-06,7.133995677577331662e-05,2.033441851381212473e-04,3.314851492177695036e-04,3.681913658510893583e-04,3.330220934003591537e-04,2.312251308467239141e-04,1.287542545469477773e-04,4.858880856772884727e-05,6.740524895576527342e-06,-7.082170668581966311e-06,-3.929816102754557505e-06,1.095243533200118691e-05,1.142049950431101024e-05,8.257193258032202721e-06,9.752055120770819485e-06,-7.565050168523157481e-07,-1.876091346275643446e-06,1.357255996481399052e-06
-1.639543825149303302e-06,6.413531991711352021e-06,6.184370431583374739e-05,1.767301000654697418e-04,2.849385491572320461e-04,3.140853368677198887e-04,2.825223200488835573e-04,1.946768752532079816e-04,1.073667954187840223e-04,4.081983570358715951e-05,7.964225915202405304e-06,-3.902192474924959242e-06,-2.252151261927792802e-06,1.056913970387540758e-05,1.153276571130845696e-05,7.839274076104629785e-06,1.013692326523596421e-05,-1.598389189894078299e-06,-1.503566522842447739e-06,1.324365371146996040e-06
8.394819815293885767e-06,1.017548402160173282e-05,2.263663336634635925e-04,6.844847230240702629e-04,1.173874014057219028e-03,1.393628539517521858e-03,1.311188447289168835e-03,9.897892596200108528e-04,6.335104699246585369e-04,2.938371617347002029e-04,6.616077007493004203e-05,-2.904902430600486696e-05,-3.607057078625075519e-05,-9.361614502267912030e-06,9.462270895710389595e-07,4.738312327390303835e-06,4.910680786451848689e-07,1.822338708734605461e-05,-1.442266125195601489e-06,-3.315187200314539950e-07
-4.271871603123145178e-06,8.911938493838533759e-06,8.245547360274940729e-05,2.669552923180162907e-04,4.529582511167973280e-04,5.381087539717555046e-04,5.292152636684477329e-04,4.246201133355498314e-04,3.053933323826640844e-04,1.916439941851422191e-04,1.005602680379524827e-04,4.224271106068044901e-05,1.878028706414625049e-05,1.506908938608830795e-05,9.429732926946599036e-06,5.435590082925045863e-06,8.606171832070685923e-06,-3.169689080095849931e-06,-1.349238004877406638e-06,1.507450861026882194e-06
-1.127883706431020983e-06,6.404942269000457600e-06,7.926406397018581629e-05,2.256823790958151221e-04,3.693834878504276276e-04,4.095689509995281696e-04,3.661550290416926146e-04,2.484697033651173115e-04,1.303771423408761621e-04,3.711398676387034357e-05,-7.702302355028223246e-06,-1.831871486501768231e-05,-9.542034604237414896e-06,1.042840631271246821e-05,1.251721005246508867e-05,8.589066055719740689e-06,8.297086424136068672e-06,1.703232669569842983e-06,-9.678931292000925168e-07,1.411928224115399644e-06
-1.232343294077509199e-07,9.093218068301212043e-06,1.344907213933765888e-04,5.324127851054072380e-04,9.777855593711137772e-04,1.324614975601434708e-03,1.455781748518347740e-03,1.404480310156941414e-03,1.232024398632347584e-03,9.740025852806866169e-04,6.807308527640998363e-04,4.279679269529879093e-04,2.311611460754647851e-04,1.073777311830781400e-04,4.977601565769873559e-05,1.818388955143745989e-05,3.085095386268221773e-06,-4.829311819776194170e-06,2.938503484983812086e-06,8.081771738943643868e-06
-5.016271643398795277e-06,1.052322568284580484e-05,1.363709743600338697e-04,4.806630022358149290e-04,8.347879047505557537e-04,1.029524952173233032e-03,1.036835135892033577e-03,8.714123396202921867e-04,6.573574501089751720e-04,4.282422014512121677e-04,2.260984620079398155e-04,9.230830619344487786e-05,3.227564957342110574e-05,1.065428023139247671e-05,3.708071972141624428e-06,4.015413651359267533e-06,4.824723419005749747e-06,-1.701455062175227795e-06,-1.327106247117626481e-06,1.807914827622880694e-06
1.268896880901593249e-06,7.639526302227750421e-06,1.208294925163500011e-04,3.448743082117289305e-04,5.767259863205254078e-04,6.549445679411292076e-04,5.930988118052482605e-04,4.134422342758625746e-04,2.294751611771062016e-04,7.301908772205933928e-05,-1.229954250447917730e-05,-3.325167926959693432e-05,-2.118764132319483906e-05,6.717138603562489152e-06,1.174057524622185156e-05,6.820231192250503227e-06,6.473255325545324013e-06,5.970392066956264898e-06,-5.466246761898219120e-07,8.566580618207808584e-07
3.483087084532598965e-06,9.060666343430057168e-06,1.644231815589591861e-04,5.099554546177387238e-04,8.749066037125885487e-04,1.043734024278819561e-03,9.954763809219002724e-04,7.687094039283692837e-04,5.120316636748611927e-04,2.642987528815865517e-04,8.889460877981036901e-05,4.987224656360922381e-06,-1.185613200505031273e-05,-4.685894339218066307e-07,3.366705868756980635e-06,4.525459644355578348e-06,2.863539748432231136e-06,9.466986739425919950e-06,-1.322388243352179416e-06,2.325072614439704921e-07
2.719726808209088631e-06,8.352048098458908498e-06,1.283535530092194676e-04,3.724871494341641665e-04,6.292458856478333473e-04,7.274757954291999340e-04,6.721801473759114742e-04,4.872620920650660992e-04,2.933947253040969372e-04,1.212383649544790387e-04,1.639188121771439910e-05,-2.057079291262198240e-05,-1.681732646829914302e-05,5.125521056470461190e-06,8.670321221870835871e-06,5.932792191742919385e-06,6.316715371212922037e-06,6.431189376598922536e-06,-8.900319699023384601e-07,6.364481919263198506e-07
-2.716586777751217596e-07,4.985663508705329150e-06,3.065147757297381759e-05,8.741483179619535804e-05,1.326643832726404071e-04,1.416330924257636070e-04,1.238869735971093178e-04,8.254591375589370728e-05,4.267970143700949848e-05,1.945948133652564138e-05,1.077973047358682379e-05,7.269891284522600472e-06,1.472952021686069202e-06,6.319732619886053726e-06,1.284539393964223564e-05,5.624446657748194411e-06,7.795404599164612591e-06,-2.505131305952090770e-06,-3.634771985616680468e-07,-1.414329631188593339e-06
-6.648824182775570080e-06,9.263503670808859169e-06,5.841413803864270449e-05,1.988339936360716820e-04,3.346513258293271065e-04,3.968909732066094875e-04,4.007647803518921137e-04,3.316032234579324722e-04,2.524610317777842283e-04,1.758659345796331763e-04,1.083297174773178995e-04,5.549998240894638002e-05,2.912364652729593217e-05,1.989482552744448185e-05,1.077235265256604180e-05,6.480883257609093562e-06,1.007512037176638842e-05,-6.699510322505375370e-06,-1.825230469876260031e-06,2.512342689442448318e-06
-2.237597300336346962e-06,8.778248229646123946e-06,8.136278484016656876e-05,2.391116431681439281e-04,3.984986105933785439e-04,4.558943037409335375e-04,4.287140327505767345e-04,3.169672272633761168e-04,2.013155171880498528e-04,1.024671000777743757e-04,3.895785994245670736e-05,8.350260031875222921e-06,3.484114586171926931e-06,1.269274252990726382e-05,9.683750249678269029e-06,6.747468887624563649e-06,8.924726898840162903e-06,-7.960061907397175673e-07,-2.248267719551222399e-06,1.543539383419556543e-06
-4.628254373528761789e-06,8.691550647199619561e-06,5.983102892059832811e-05,1.826642255764454603e-04,2.998870913870632648e-04,3.414717793930321932e-04,3.283208352513611317e-04,2.528253535274416208e-04,1.723019377095624804e-04,1.069362333510071039e-04,6.059818042558617890e-05,2.878958912333473563e-05,1.582980075909290463e-05,1.672025973675772548e-05,1.142949167842743918e-05,7.393218766083009541e-06,1.191053888760507107e-05,-5.133908416610211134e-06,-2.663666691660182551e-06,1.925729293361655436e-06
-3.787165724133956246e-06,1.032290128932800144e-05,1.176047226181253791e-04,4.499536880757659674e-04,7.913221488706767559e-04,1.005300902761518955e-03,1.041741226799786091e-03,9.127946104854345322e-04,7.259672274813055992e-04,5.126277101226150990e-04,3.005433536600321531e-04,1.470186107326298952e-04,5.851613241247832775e-05,1.560583586979191750e-05,3.584851583582349122e-06,1.414771190866304096e-06,4.112770056963199750e-06,-6.381309503922238946e-06,-2.370258016526349820e-06,2.297858372912742198e-06
1.836220803852484096e-06,8.738344149605836719e-06,1.225602463819086552e-04,3.563974460121244192e-04,6.010425859130918980e-04,6.946162902750074863e-04,6.441030418500304222e-04,4.689312481787055731e-04,2.855973725672811270e-04,1.232260110555216670e-04,2.291648161190096289e-05,-1.450906620448222384e-05,-1.285704729525605217e-05,6.731763733114348724e-06,8.854690349835436791e-06,6.224559456313727424e-06,6.919723546161549166e-06,5.106881417304975912e-06,-1.337950607194215991e-06,7.893556244198407512e-07
-6.052381650079041719e-06,1.200174483528826386e-05,6.618645420530810952e-05,2.424163976684212685e-04,4.252737853676080704e-04,5.422679823823273182e-04,5.775597528554499149e-04,5.314230802468955517e-04,4.531331069301813841e-04,3.558814350981265306e-04,2.478138485457748175e-04,1.573527260916307569e-04,9.046164632309228182e-05,5.034300920669920743e-05,2.315632082172669470e-05,1.200269343826221302e-05,1.087056898541050032e-05,-7.311677109100855887e-06,-2.877932558931206586e-07,2.636507588249514811e-06
2.439622221572790295e-06,8.388382411794736981e-06,1.574685302330181003e-04,6.456632399931550026e-04,1.190247945487499237e-03,1.618694514036178589e-03,1.774714444763958454e-03,1.707200193777680397e-03,1.486456254497170448e-03,1.161851454526185989e-03,7.921159267425537109e-04,4.850088735111057758e-04,2.491643535904586315e-04,1.022694777930155396e-04,4.399721728987060487e-05,1.251709818461677060e-05,-3.909873612428782508e-06,-5.199525276111671701e-06,2.809433453876408748e-06,1.043627344188280404e-05
-1.098811480915173888e-06,6.400047368515515700e-06,8.015592175070196390e-05,2.281848865095525980e-04,3.736468788702040911e-04,4.143554833717644215e-04,3.702815447468310595e-04,2.510549384169280529e-04,1.313829998252913356e-04,3.680409281514585018e-05,-8.546778190066106617e-06,-1.905995486595202237e-05,-9.907936146191786975e-06,1.043508655129699036e-05,1.259283271792810410e-05,8.625966984254773706e-06,8.215588422899600118e-06,1.872721554718737025e-06,-9.326267331744020339e-07,1.414611915606656112e-06
7.164335329434834421e-06,8.148311280820053071e-06,1.822938938857987523e-04,5.296586896292865276e-04,9.009570931084454060e-04,1.048010657541453838e-03,9.624843369238078594e-04,6.950519746169447899e-04,4.104042018298059702e-04,1.528126304037868977e-04,-1.245242515324207488e-06,-4.977952630724757910e-05,-3.813942385022528470e-05,-3.316664106023381464e-06,7.215392088255612180e-06,5.030775355407968163e-06,3.788774620261392556e-06,1.424320635123876855e-05,4.967927793586568441e-07,2.844780340183206135e-07
-3.285101456640404649e-06,1.034381148201646283e-05,1.108382130041718483e-04,4.065209359396249056e-04,7.435764418914914131e-04,1.002468867227435112e-03,1.111458637751638889e-03,1.084786141291260719e-03,9.718835935927927494e-04,7.903424557298421860e-04,5.853933980688452721e-04,3.893260436598211527e-04,2.309309784322977066e-04,1.277947885682806373e-04,6.489161751233041286e-05,2.893500277423299849e-05,1.335835622739978135e-05,-3.703410811795038171e-06,3.141637989756418392e-06,5.251415132079273462e-06
-2.710886974455206655e-06,1.379705918225226924e-05,2.267014788230881095e-04,8.672656840644776821e-04,1.537646865472197533e-03,1.960454741492867470e-03,2.019301056861877441e-03,1.760360668413341045e-03,1.379473484121263027e-03,9.429438505321741104e-04,5.238879239186644554e-04,2.347726258449256420e-04,7.883456419222056866e-05,6.307260719040641561e-06,-5.335726200428325683e-06,-4.258039552951231599e-06,-3.293795316494652070e-06,-1.402207317369175144e-06,-2.208568957939860411e-06,1.882071387626638170e-06
-5.950538479737588204e-07,4.516261014941846952e-06,4.747276761918328702e-05,1.352809340460225940e-04,2.127077896147966385e-04,2.305507659912109375e-04,2.015338250203058124e-04,1.318988506682217121e-04,6.491365638794377446e-05,1.686751966190058738e-05,-1.405478997185127810e-06,-5.670549398928415030e-06,-3.950685822928790003e-06,7.988453944562934339e-06,1.319490002060774714e-05,7.214297056634677574e-06,7.928480954433325678e-06,-5.000225087314902339e-07,1.555787036977562821e-07,3.367407543919398449e-07
-1.346022486359288450e-06,6.964854947000276297e-06,7.830829417798668146e-05,2.230070822406560183e-04,3.649973077699542046e-04,4.055429890286177397e-04,3.647462290246039629e-04,2.502585703041404486e-04,1.351486862404271960e-04,4.414522845763713121e-05,-1.607365561540063936e-06,-1.415162569173844531e-05,-7.569974513899069279e-06,1.073989278665976599e-05,1.202860221383161843e-05,8.621832421340513974e-06,8.961619641922879964e-06,7.405412816297030076e-07,-1.486970177211333066e-06,1.392589979332115036e-06
1.826162247198226396e-06,8.845440788718406111e-06,1.288255298277363181e-04,3.864278260152786970e-04,6.566121592186391354e-04,7.703152950853109360e-04,7.265117019414901733e-04,5.467000883072614670e-04,3.523628402035683393e-04,1.729561772663146257e-04,5.297475581755861640e-05,-8.038740020310797263e-07,-7.809987437212839723e-06,5.847535248904023319e-06,7.082279807946179062e-06,5.679386504198191687e-06,5.926808626099955291e-06,5.439173946797382087e-06,-1.468432515139284078e-06,6.943145081095281057e-07
3.612674845498986542e-06,3.436595079620019533e-06,1.705799368210136890e-04,5.955164670012891293e-04,1.175873214378952980e-03,1.677025458775460720e-03,1.983050489798188210e-03,2.065258799120783806e-03,1.986910821869969368e-03,1.698139472864568233e-03,1.367480726912617683e-03,9.643369121477007866e-04,6.244643009267747402e-04,3.640404611360281706e-04,2.017346851062029600e-04,9.769793541636317968e-05,2.994195710925851017e-05,6.497174126707250252e-06,5.389432317315367982e-06,3.361915560162742622e-06
2.467127842464833520e-06,8.705598702363204211e-06,1.313106622546911240e-04,3.914058615919202566e-04,6.650115246884524822e-04,7.790340459905564785e-04,7.320121512748301029e-04,5.473569035530090332e-04,3.487998910713940859e-04,1.661223504925146699e-04,4.592319601215422153e-05,-5.857848918822128326e-06,-1.068436449713772163e-05,4.795192126039182767e-06,6.836073680460685864e-06,5.651202627632301301e-06,5.578298896580236033e-06,6.272831797105027363e-06,-1.442718712496571243e-06,6.003759835948585533e-07
-3.676671212815563194e-06,9.703950127004645765e-06,1.339566078968346119e-04,4.654336953535676003e-04,8.078187238425016403e-04,9.931960375979542732e-04,9.936029091477394104e-04,8.279570029117166996e-04,6.168338004499673843e-04,3.935346903745085001e-04,2.014602941926568747e-04,7.805383938830345869e-05,2.525731360947247595e-05,7.944018761918414384e-06,3.216508048353716731e-06,3.581724968171329238e-06,4.020788765046745539e-06,2.349413250612997217e-07,-1.182636310659290757e-06,1.335760202891833615e-06
-2.419108682261139620e-07,4.193582299194531515e-06,3.923037002095952630e-05,1.114936967496760190e-04,1.720638829283416271e-04,1.845500228228047490e-04,1.595840294612571597e-04,1.026274985633790493e-04,4.808106314158067107e-05,1.210586378874722868e-05,6.217631920435451320e-08,-2.195425850004539825e-06,-2.948743713204748929e-06,6.736287559760967270e-06,1.376479576720157638e-05,6.402834515029098839e-06,7.276338237716117874e-06,-7.470873129022947978e-07,6.283880225055327173e-07,-4.833371463064395357e-07
8.651333018860896118e-07,8.905253707780502737e-06,1.130673699663020670e-04,3.288865846116095781e-04,5.532793584279716015e-04,6.382802384905517101e-04,5.933088832534849644e-04,4.329581861384212971e-04,2.656266151461750269e-04,1.182775158667936921e-04,2.657696131791453809e-05,-9.140271686192136258e-06,-8.920934305933769792e-06,8.193670510081574321e-06,8.982122380984947085e-06,6.401495738828089088e-06,7.302985977730713785e-06,3.714372269314480945e-06,-1.725300649013661314e-06,9.749757055033114739e-07
1.173300734080839902e-05,1.054952008416876197e-05,2.744057273957878351e-04,8.241641917265951633e-04,1.414593076333403587e-03,1.677555148489773273e-03,1.569735351949930191e-03,1.175412326119840145e-03,7.398823508992791176e-04,3.254435723647475243e-04,5.362795127439312637e-05,-5.318156399880535901e-05,-5.425895506050437689e-05,-1.659275039855856448e-05,-6.471000233432278037e-07,4.268998054612893611e-06,-1.602732481842394918e-06,2.494579166523180902e-05,-7.606066105836362112e-07,-6.029514452166040428e-07
-4.964244453731225803e-06,1.094047001970466226e-05,1.043426673277281225e-04,4.143155820202082396e-04,7.323652971535921097e-04,9.464103495702147484e-04,9.966031648218631744e-04,9.022922604344785213e-04,7.416483713313937187e-04,5.500597180798649788e-04,3.429691714700311422e-04,1.894205342978239059e-04,8.503257413394749165e-05,2.862281326088123024e-05,9.214047167915850878e-06,2.750922931227250956e-06,3.738229906957712956e-06,-8.459601303911767900e-06,-3.360295067977858707e-06,3.993678546976298094e-06
-8.333660872494874639e-08,8.513743523508310318e-06,1.208658213727176189e-04,3.828864428214728832e-04,6.557822343893349171e-04,7.832383271306753159e-04,7.563442923128604889e-04,5.942135467194020748e-04,4.090895818080753088e-04,2.295477752340957522e-04,9.619138290872797370e-05,2.447983206366188824e-05,3.496709950923104770e-06,6.367768037307541817e-06,5.853551101608900353e-06,4.632183845387771726e-06,5.130179488332942128e-06,3.399958359295851551e-06,-1.160391093435464427e-06,6.976963504712330177e-07
-3.144241873087594286e-06,7.795630153850652277e-06,6.563356146216392517e-05,1.984308764804154634e-04,3.869666834361851215e-04,5.347121623344719410e-04,6.394762312993407249e-04,6.677841302007436752e-04,6.626339163631200790e-04,5.841155652888119221e-04,4.961300292052328587e-04,3.645267861429601908e-04,2.543033042456954718e-04,1.608343009138479829e-04,9.021053847391158342e-05,4.973188697476871312e-05,2.324313391000032425e-05,-1.699890276540827472e-06,4.098686758879921399e-07,-5.024199367653636727e-07
5.705845978809520602e-06,8.334412086696829647e-06,1.641535782255232334e-04,4.803155607078224421e-04,8.169936481863260269e-04,9.531021933071315289e-04,8.819070062600076199e-04,6.443592719733715057e-04,3.906746278516948223e-04,1.594564673723652959e-04,1.677258478594012558e-05,-3.372851642780005932e-05,-2.825549745466560125e-05,-8.403370657106279396e-07,6.623014542128657922e-06,5.240563496045069769e-06,4.179465577180963010e-06,1.156708367489045486e-05,-3.882550458911282476e-07,4.050021971124806441e-07
1.985957851502462290e-06,7.997015018190722913e-06,1.247537293238565326e-04,3.570409899111837149e-04,5.993689992465078831e-04,6.845926400274038315e-04,6.236891495063900948e-04,4.400711914058774710e-04,2.507065364625304937e-04,8.758701005717739463e-05,-4.783727490575984120e-06,-3.041436684725340456e-05,-2.062916246359236538e-05,5.966894605080597103e-06,1.074207375495461747e-05,6.414507424779003486e-06,6.790323823224753141e-06,6.133622719062259421e-06,-5.554850872613315005e-07,7.723062935838242993e-07
5.718742613680660725e-06,8.683272426424082369e-06,1.671867212280631065e-04,4.960745573043823242e-04,8.459668024443089962e-04,9.937321301549673080e-04,9.274309850297868252e-04,6.883412133902311325e-04,4.295707040000706911e-04,1.896123576443642378e-04,3.537285738275386393e-05,-2.495705666660796851e-05,-2.513342224119696766e-05,-1.595145590727042872e-06,4.974480361852329224e-06,5.213136773818405345e-06,3.422039526412845589e-06,1.171798976429272443e-05,-1.045517706188547891e-06,1.882884106407800573e-07
-2.168517085010535084e-06,1.096013420465169474e-05,1.970476296264678240e-04,6.853975355625152588e-04,1.195765333250164986e-03,1.478551188483834267e-03,1.473776879720389843e-03,1.226192340254783630e-03,9.065166232176125050e-04,5.642320029437541962e-04,2.734797308221459389e-04,9.389364277012646198e-05,2.152584602299612015e-05,-1.255034817404521164e-06,-2.506877081032143906e-06,1.824717401177622378e-06,-2.447257259063917445e-07,6.257292170630535111e-06,-1.142455175795475952e-06,8.233176913563511334e-07
-2.090995621983893216e-06,7.108270438038744032e-06,9.064559708349406719e-05,3.322700504213571548e-04,6.156112067401409149e-04,8.379269274882972240e-04,9.397660614922642708e-04,9.279610239900648594e-04,8.443280821666121483e-04,6.926494534127414227e-04,5.229465314187109470e-04,3.516975848469883204e-04,2.120457065757364035e-04,1.195128206745721400e-04,6.185313395690172911e-05,2.893100281653460115e-05,1.153622906713280827e-05,-2.642344497871818021e-06,2.991330575241590850e-06,4.362906565802404657e-06
9.120053618971724063e-07,5.391301783674862236e-06,1.201340928673744202e-04,3.418581618461757898e-04,5.675868596881628036e-04,6.353789358399808407e-04,5.623853649012744427e-04,3.746654547285288572e-04,1.854089496191591024e-04,2.878083796531427652e-05,-4.325294139562174678e-05,-5.146499461261555552e-05,-2.831211168086156249e-05,7.618616109539289027e-06,1.558783333166502416e-05,7.553584964625770226e-06,3.633092319432762451e-06,9.312724614574108273e-06,1.534038005956972484e-06,1.224482275574700907e-06
-4.348244601715123281e-06,9.146672709903214127e-06,1.168877352029085159e-04,4.173326888121664524e-04,7.267231703735888004e-04,8.987855399027466774e-04,9.085315978154540062e-04,7.672504289075732231e-04,5.830633454024791718e-04,3.831622598227113485e-04,2.051880437647923827e-04,8.550374332116916776e-05,3.028468745469581336e-05,9.427726581634487957e-06,3.277760697528719902e-06,3.685728870550519787e-06,3.881758857460226864e-06,-1.686991481619770639e-06,-1.089353645511437207e-06,1.825932372412353288e-06
-1.070894555255108571e-07,4.111479029234033078e-06,8.866014832165092230e-05,3.152851422782987356e-04,6.071080570109188557e-04,8.492931374348700047e-04,9.852029616013169289e-04,1.006888691335916519e-03,9.533943957649171352e-04,8.043391280807554722e-04,6.379659753292798996e-04,4.442768113221973181e-04,2.822275564540177584e-04,1.652297214604914188e-04,8.952113421401008964e-05,4.417948002810589969e-05,1.490282556915190071e-05,2.736207704856497003e-08,3.242608954678871669e-06,3.081564500462263823e-06
8.264391908596735448e-06,9.606039384379982948e-06,2.142863959306851029e-04,6.478701252490282059e-04,1.111440360546112061e-03,1.319336006417870522e-03,1.240626559592783451e-03,9.357332601211965084e-04,5.981316207908093929e-04,2.762417425401508808e-04,6.116830627433955669e-05,-2.838027467078063637e-05,-3.456891499808989465e-05,-9.055656846612691879e-06,9.961930800272966735e-07,4.524858923105057329e-06,4.174753485131077468e-07,1.751981108100153506e-05,-1.274311216548085213e-06,-3.011788294315920211e-07
-3.115927711405674927e-06,1.094615709007484838e-05,1.280661090277135372e-04,5.061107221990823746e-04,8.959941333159804344e-04,1.153260120190680027e-03,1.204671571031212807e-03,1.072345068678259850e-03,8.650262025184929371e-04,6.223255768418312073e-04,3.722233232110738754e-04,1.899502240121364594e-04,7.708594785071909428e-05,1.884028279164340347e-05,3.404400104045635089e-06,2.128446112692472525e-07,1.921616785693913698e-06,-7.362716132774949074e-06,-3.076148232139530592e-06,3.271516106906346977e-06
-5.087696081318426877e-06,9.057687748281750828e-06,6.952917465241625905e-05,2.207359211752191186e-04,3.706296847667545080e-04,4.336559795774519444e-04,4.252431099303066730e-04,3.374138323124498129e-04,2.407049760222434998e-04,1.525873667560517788e-04,8.382058877032250166e-05,3.765245128306560218e-05,1.918046655191574246e-05,1.690347926341928542e-05,1.043062911776360124e-05,6.079294507799204439e-06,9.704328476800583303e-06,-4.348622042016359046e-06,-1.704199917185178492e-06,1.930495727719971910e-06
-4.638915811483457219e-07,3.912655301974155009e-06,5.803430030937306583e-05,1.650941849220544100e-04,2.631126262713223696e-04,2.861440007109194994e-04,2.487004967406392097e-04,1.602458360139280558e-04,7.440984336426481605e-05,1.027484995574923232e-05,-1.346335466223536059e-05,-1.668528602749574929e-05,-8.999226338346488774e-06,8.517443347955122590e-06,1.368617540720151737e-05,7.768837349431123585e-06,7.077416285028448328e-06,1.488061116106109694e-06,1.174648673440970015e-06,1.253879190699080937e-06
1.763266936904983595e-06,7.981394446687772870e-06,1.221377315232530236e-04,3.493691328912973404e-04,5.860964301973581314e-04,6.688576540909707546e-04,6.092173862271010876e-04,4.295390681363642216e-04,2.444453130010515451e-04,8.535938104614615440e-05,-4.499803253565914929e-06,-2.940087870229035616e-05,-1.978359068743884563e-05,6.285518338700057939e-06,1.074720785254612565e-05,6.436895091610495001e-06,6.826482149335788563e-06,5.840531684953020886e-06,-6.310009439403074794e-07,7.963566304169944488e-07
-3.431026470934739336e-06,8.918927960621658713e-06,7.977987843332812190e-05,2.682215708773583174e-04,5.015284405089914799e-04,6.817704415880143642e-04,7.762377499602735043e-04,7.800165913067758083e-04,7.330134976655244827e-04,6.195653113536536694e-04,4.961467930115759373e-04,3.494872362352907658e-04,2.274527068948373199e-04,1.398509193677455187e-04,7.471373100997880101e-05,3.850115535897202790e-05,1.903475276776589453e-05,-3.104714778601191938e-06,1.980471324714017101e-06,3.227816478101885878e-06
-3.387242486496688798e-06,7.653311513422522694e-06,5.406629861681722105e-05,1.616566150914877653e-04,2.627674257382750511e-04,2.956904645543545485e-04,2.791718579828739166e-04,2.094170049531385303e-04,1.367414515698328614e-04,7.959896174725145102e-05,4.230923877912573516e-05,1.898229857033584267e-05,1.018639159156009555e-05,1.360426904284395278e-05,1.079111825674772263e-05,7.065380941639887169e-06,1.091120338969631121e-05,-4.367709152575116605e-06,-2.430922677376656793e-06,1.570953941154584754e-06
-5.866011179023189470e-06,1.025033270707353950e-05,5.097824760014191270e-05,1.864402292994782329e-04,3.241528756916522980e-04,4.072916635777801275e-04,4.311767406761646271e-04,3.915214911103248596e-04,3.317801165394484997e-04,2.591555239632725716e-04,1.799675519578158855e-04,1.135756174335256219e-04,6.561446934938430786e-05,3.792335701291449368e-05,1.727573362586554140e-05,9.989723366743419319e-06,9.324336133431643248e-06,-6.686843789793783799e-06,-4.159996080943528796e-07,1.866062348199193366e-06
-7.712275760241027456e-07,5.425734343589283526e-06,3.356019442435353994e-05,9.544347994960844517e-05,1.463148510083556175e-04,1.571504835737869143e-04,1.392971171298995614e-04,9.449108620174229145e-05,5.167911149328574538e-05,2.504862095520365983e-05,1.387125848850701004e-05,8.639167390356305987e-06,2.450735337333753705e-06,7.112398634490091354e-06,1.262310070160310715e-05,5.815231361339101568e-06,8.762739525991491973e-06,-2.792873146972851828e-06,-1.071971951205341611e-06,-1.064121420313313138e-06
-2.821362159011187032e-06,1.180085655505536124e-05,1.197761885123327374e-04,4.853360587731003761e-04,8.750421693548560143e-04,1.159364939667284489e-03,1.247855252586305141e-03,1.169228111393749714e-03,9.923016186803579330e-04,7.625334546901285648e-04,5.001416429877281189e-04,2.966143074445426464e-04,1.454563462175428867e-04,5.549875277210958302e-05,2.141568074875976890e-05,5.525113920157309622e-06,8.022486781555926427e-07,-7.370371804427122697e-06,-1.691974489403946791e-06,6.052182925486704335e-06
-1.610977165000804234e-06,9.348154890176374465e-06,1.489765709266066551e-04,5.045707803219556808e-04,8.748434484004974365e-04,1.070573576726019382e-03,1.058402587659657001e-03,8.684080676175653934e-04,6.316163344308733940e-04,3.858852433040738106e-04,1.836522133089601994e-04,6.165392551338300109e-05,1.493456056778086349e-05,3.323616283523733728e-06,1.936427224791259505e-06,3.003916617672075517e-06,2.650839860507403500e-06,3.947339337173616514e-06,-1.077832621376728639e-06,6.304428552539320663e-07
-1.385449763802171219e-06,9.097677320824004710e-06,9.442245209356769919e-05,2.803803654387593269e-04,4.708987253252416849e-04,5.447625298984348774e-04,5.143628222867846489e-04,3.845829342026263475e-04,2.479845134075731039e-04,1.269312197109684348e-04,4.678047844208776951e-05,8.437068572675343603e-06,2.147250597772654146e-06,1.161608724942198023e-05,9.420161404705140740e-06,6.348711849568644539e-06,8.139815690810792148e-06,5.346828970687056426e-07,-1.929488917085109279e-06,1.412766664543596562e-06
-9.127513749263016507e-07,1.002036424324614927e-05,1.234466762980446219e-04,4.920889623463153839e-04,8.971425122581422329e-04,1.205082517117261887e-03,1.313286367803812027e-03,1.253056456334888935e-03,1.086910022422671318e-03,8.500744006596505642e-04,5.812295712530612946e-04,3.580941411200910807e-04,1.878862822195515037e-04,8.243805496022105217e-05,3.600507625378668308e-05,1.259638611372793093e-05,2.222208195234998129e-06,-6.326623406494036317e-06,1.583497351020923816e-06,7.417062533932039514e-06
-5.061834144726162776e-06,8.712675480637699366e-06,7.913206354714930058e-05,2.668093075044453144e-04,4.553998296614736319e-04,5.475900834426283836e-04,5.468225572258234024e-04,4.497696354519575834e-04,3.344528086017817259e-04,2.199166337959468365e-04,1.220232516061514616e-04,5.498440805240534246e-05,2.449593193887267262e-05,1.578068440721835941e-05,8.990684364107437432e-06,5.075001354271080345e-06,8.290421646961476654e-06,-4.245886884746141732e-06,-1.121218247135402635e-06,1.528106849946198054e-06
1.107077878259588033e-06,6.288271833909675479e-06,1.575264468556270003e-04,5.873944028280675411e-04,1.110818586312234402e-03,1.544710132293403149e-03,1.755384029820561409e-03,1.763150095939636230e-03,1.620243652723729610e-03,1.336963614448904991e-03,1.016826718114316463e-03,6.868738564662635326e-04,4.134067858103662729e-04,2.281510533066466451e-04,1.194970900542102754e-04,5.226201392360962927e-05,1.497061748523265123e-05,1.240494384546764195e-06,5.999459062877576798e-06,8.097978934529237449e-06
2.459528786857845262e-06,1.037458605424035341e-05,1.944913092302158475e-04,6.223776726983487606e-04,1.072992570698261261e-03,1.294483663514256477e-03,1.250820583663880825e-03,9.890098590403795242e-04,6.815871456637978554e-04,3.758807433769106865e-04,1.464842207496985793e-04,2.666805812623351812e-05,-6.312680397968506441e-06,-2.024088871621643193e-06,1.369941060147539247e-06,3.890949756168993190e-06,1.884201537905028090e-06,1.029529812512919307e-05,-1.395863705511146691e-06,2.469545563599240268e-07
-4.163753601460484788e-06,1.240673282154602930e-05,1.895789901027455926e-04,7.073755259625613689e-04,1.246518222615122795e-03,1.575717586092650890e-03,1.614061300642788410e-03,1.395455561578273773e-03,1.084985444322228432e-03,7.344944169744849205e-04,4.036738537251949310e-04,1.771961688064038754e-04,6.054998448234982789e-05,8.253976375272031873e-06,-2.167650563933420926e-06,-1.225770631663181121e-07,4.091536141004326055e-07,-2.063405190710909665e-06,-2.024250306931207888e-06,2.128194637407432310e-06
-3.039033344975905493e-06,8.308863471029326320e-06,6.828550976933911443e-05,2.005304122576490045e-04,3.301899996586143970e-04,3.734866622835397720e-04,3.507567744236439466e-04,2.587080525700002909e-04,1.639624242670834064e-04,8.657468424644321203e-05,3.754852514248341322e-05,1.189002978208009154e-05,6.173657311592251062e-06,1.367230561299948022e-05,1.011380845739040524e-05,7.693312909395899624e-06,1.016535225062398240e-05,-2.683956154214683920e-06,-2.653365527294226922e-06,1.621451929167960770e-06
2.856798801076365635e-06,6.811738330725347623e-06,1.443549554096534848e-04,4.123318649362772703e-04,6.913444376550614834e-04,7.863301434554159641e-04,7.071737782098352909e-04,4.880096821580082178e-04,2.628405345603823662e-04,6.991480040596798062e-05,-3.159539846819825470e-05,-5.191214586375281215e-05,-3.270749220973812044e-05,4.045719379064394161e-06,1.279605567106045783e-05,6.573913651664042845e-06,4.326909220253583044e-06,1.005084504868136719e-05,7.240289505716646090e-07,9.022049880513804965e-07
1.433954480489774141e-06,8.689384230819996446e-06,1.168906819657422602e-04,3.398938570171594620e-04,5.726448725908994675e-04,6.611244753003120422e-04,6.134165450930595398e-04,4.467273247428238392e-04,2.725849626585841179e-04,1.187345187645405531e-04,2.363362364121712744e-05,-1.232196609635138884e-05,-1.113762118620797992e-05,7.263915449584601447e-06,8.916678780224174261e-06,6.239899448701180518e-06,6.978767942200647667e-06,4.490473656915128231e-06,-1.418789338458736893e-06,8.553329280402977020e-07
1.766461082297610119e-06,8.817110028758179396e-06,1.301488227909430861e-04,3.928198711946606636e-04,6.682607345283031464e-04,7.859713514335453510e-04,7.432241109199821949e-04,5.621985183097422123e-04,3.652193991001695395e-04,1.821531186578795314e-04,5.815529584651812911e-05,1.403614191985980142e-06,-7.244405878736870363e-06,5.485682322614593431e-06,6.820539965701755136e-06,5.547816272155614570e-06,5.718618467653868720e-06,5.456988219521008432e-06,-1.460199086977809202e-06,6.904044198563497048e-07
-1.281554204979329370e-06,8.418101970164570957e-06,8.586260082665830851e-05,2.463230339344590902e-04,4.086390545126050711e-04,4.625344008672982454e-04,4.262744914740324020e-04,3.047635545954108238e-04,1.808501692721620202e-04,7.808375085005536675e-05,1.779585181793663651e-05,-4.859370164922438562e-06,-3.647073526735766791e-06,1.112726295104948804e-05,1.020383842842420563e-05,7.263393399625783786e-06,8.817332854960113764e-06,4.999408247385872528e-07,-2.178534714403213002e-06,1.290964064537547529e-06
1.956075720954686403e-06,8.863436960382387042e-06,1.529144647065550089e-04,4.860455519519746304e-04,8.364751120097935200e-04,1.005057012662291527e-03,9.688607533462345600e-04,7.620919495820999146e-04,5.222965264692902565e-04,2.862553228624165058e-04,1.114973929361440241e-04,2.084364496113266796e-05,-3.562355004760320298e-06,9.027337455336237326e-07,3.100143430856405757e-06,4.020643245894461870e-06,2.860836048057535663e-06,7.463617293979041278e-06,-1.187351472253794782e-06,3.789938034515216714e-07
-3.584521437005605549e-06,8.880245331965852529e-06,1.156039215857163072e-04,4.024938389193266630e-04,6.981643964536488056e-04,8.573472150601446629e-04,8.588262717239558697e-04,7.160340901464223862e-04,5.350045394152402878e-04,3.435992985032498837e-04,1.785373315215110779e-04,7.110871229087933898e-05,2.425467937428038567e-05,8.706276275916025043e-06,3.988384378317277879e-06,3.665368240035604686e-06,4.284003807697445154e-06,-5.438979542304878123e-07,-1.036296680467785336e-06,1.345082068837655243e-06
-6.345894689729902893e-06,9.839826816460117698e-06,9.352131019113585353e-05,3.318116941954940557e-04,5.723314825445413589e-04,7.010130211710929871e-04,7.123057730495929718e-04,6.021354929544031620e-04,4.620910331141203642e-04,3.139188629575073719e-04,1.786713546607643366e-04,8.236033318098634481e-05,3.514595664455555379e-05,1.715572034299839288e-05,7.805110726621933281e-06,5.180635980650549755e-06,7.897907380538526922e-06,-5.861571935383835807e-06,-1.245856537934741937e-06,2.208140131187974475e-06
2.982324531330959871e-06,4.649512902688002214e-06,1.509105641162022948e-04,4.302492015995085239e-04,7.193354540504515171e-04,8.117036777548491955e-04,7.195341750048100948e-04,4.825264040846377611e-04,2.410241140751168132e-04,3.692413520184345543e-05,-5.972883445792831481e-05,-7.122506940504536033e-05,-4.131729656364768744e-05,4.081101906194817275e-06,1.575856003910303116e-05,6.695878710161196068e-06,1.572379915160126984e-06,1.389695262332679704e-05,2.749155783021706156e-06,1.209385004585783463e-06
-8.067557359936472494e-07,6.983978437347104773e-06,2.576730730652343482e-05,7.826575892977416515e-05,1.185677683679386973e-04,1.292508532060310245e-04,1.198070749524049461e-04,8.849647565511986613e-05,6.044566180207766593e-05,4.105739571969024837e-05,3.040443880308885127e-05,2.185553057643119246e-05,1.145037003880133852e-05,9.089466402656398714e-06,1.194908145407680422e-05,6.248531462915707380e-06,9.356778718938585371e-06,-4.784968950843904167e-06,-2.160615167667856440e-06,-2.076083092106273398e-06
-3.045715857297182083e-06,6.793152351747266948e-06,5.996816980768926442e-05,2.101229911204427481e-04,3.867149644065648317e-04,5.190832307562232018e-04,5.825625848956406116e-04,5.741151981055736542e-04,5.290381959639489651e-04,4.390368994791060686e-04,3.410552162677049637e-04,2.344343956792727113e-04,1.476042816648259759e-04,8.884561248123645782e-05,4.667218308895826340e-05,2.438502451695967466e-05,1.194578908325638622e-05,-3.564595544958137907e-06,1.735297701088711619e-06,2.499614311091136187e-06
-5.542179337680863682e-07,4.104741947230650112e-06,5.389418947743251920e-05,1.532253518234938383e-04,2.428891893941909075e-04,2.638099540490657091e-04,2.299494663020595908e-04,1.490106660639867187e-04,7.087723497534170747e-05,1.319389502896228805e-05,-8.538016118109226227e-06,-1.238153618032811210e-05,-7.118375833670143038e-06,8.221953976317308843e-06,1.332027477474184707e-05,7.573457423859508708e-06,7.455901140929199755e-06,4.503007744460774120e-07,7.666017722840479109e-07,9.310803079642937519e-07
-2.795994760163011961e-06,1.298276674788212404e-05,2.073834039038047194e-04,7.922160439193248749e-04,1.403626520186662674e-03,1.788700814358890057e-03,1.842721831053495407e-03,1.606727368198335171e-03,1.259838347323238850e-03,8.628370705991983414e-04,4.809857637155801058e-04,2.168653008993715048e-04,7.385178469121456146e-05,7.219683539005927742e-06,-4.082248779013752937e-06,-3.317066330055240542e-06,-2.172759423046954907e-06,-2.039319269897532649e-06,-2.233836767118191347e-06,1.891782062557467725e-06
2.597790171421365812e-06,2.197311459894990548e-06,1.403068890795111656e-04,5.431104800663888454e-04,1.029074424877762794e-03,1.436969963833689690e-03,1.631069346331059933e-03,1.633899984881281853e-03,1.491756062023341656e-03,1.219939324073493481e-03,9.112486732192337513e-04,6.046530907042324543e-04,3.522211045492440462e-04,1.858707837527617812e-04,9.605893865227699280e-05,4.004618676844984293e-05,6.398258847184479237e-06,1.749939428918878548e-06,6.206190846569370478e-06,7.922545592009555548e-06
-6.458762527472572401e-06,9.871461770671885461e-06,5.425705603556707501e-05,1.950844452949240804e-04,3.305044665466994047e-04,3.992990532424300909e-04,4.111251328140497208e-04,3.502065083011984825e-04,2.780595677904784679e-04,2.031452459050342441e-04,1.311948435613885522e-04,7.228527101688086987e-05,3.831087087746709585e-05,2.290731390530709177e-05,1.137683284468948841e-05,6.683788797090528533e-06,9.793496246857102960e-06,-7.560155609098728746e-06,-2.037572812696453184e-06,2.812353159242775291e-06
4.582086035043175798e-07,3.982459475082578138e-06,3.213872332707978785e-05,9.245746332453563809e-05,1.412625861121341586e-04,1.502018276369199157e-04,1.290159852942451835e-04,8.359674393432214856e-05,3.793411087826825678e-05,1.187419911730103195e-05,3.843008471449138597e-06,1.592866169630724471e-06,-1.502357804383791517e-06,5.508868980541592464e-06,1.407093986927065998e-05,5.528601377591257915e-06,6.763528290321119130e-06,-1.584459141668048687e-06,9.475130582359270193e-07,-1.047489831762504764e-06
-6.426787422242341563e-06,1.082568542187800631e-05,5.869087181054055691e-05,2.160682051908224821e-04,3.728737065102905035e-04,4.637476522475481033e-04,4.854286962654441595e-04,4.318878054618835449e-04,3.567443636711686850e-04,2.717683382797986269e-04,1.816234434954822063e-04,1.091697631636634469e-04,5.988709381199441850e-05,3.329655010020360351e-05,1.494234948040684685e-05,8.256211003754287958e-06,9.988892088585998863e-06,-7.353649380092974752e-06,-1.633915189813706093e-06,2.375862777626025490e-06
-9.407600600752630271e-07,1.194309879792854190e-05,1.459211780456826091e-04,5.981166032142937183e-04,1.087434822693467140e-03,1.454996876418590546e-03,1.574717927724123001e-03,1.488445675931870937e-03,1.271642278879880905e-03,9.807436726987361908e-04,6.483890465460717678e-04,3.869541687890887260e-04,1.906162506202235818e-04,7.169703894760459661e-05,2.825001320161391050e-05,6.146288342279149219e-06,-2.026250513154082000e-06,-6.896399554534582421e-06,-9.852711855273810215e-07,8.159917342709377408e-06
2.547718622736283578e-06,8.768049156060442328e-06,1.423886569682508707e-04,4.359345184639096260e-04,7.450202247127890587e-04,8.826003759168088436e-04,8.382729138247668743e-04,6.409437046386301517e-04,4.219212569296360016e-04,2.143401507055386901e-04,7.057551556499674916e-05,3.152332965328241698e-06,-8.888359843695070595e-06,2.942549826911999844e-06,5.334519755706423894e-06,5.025474820286035538e-06,4.384849944472080097e-06,7.142577487684320658e-06,-1.292377760364615824e-06,4.372029138721700292e-07
-1.476615580031648278e-06,1.070735743269324303e-05,1.604268618393689394e-04,5.902556004002690315e-04,1.099738292396068573e-03,1.509044202975928783e-03,1.696765306405723095e-03,1.685319701209664345e-03,1.532906666398048401e-03,1.259246724657714367e-03,9.496465208940207958e-04,6.395113305188715458e-04,3.845422470476478338e-04,2.132733789039775729e-04,1.106289128074422479e-04,4.823155904887244105e-05,1.795170101104304194e-05,-1.184738152915087994e-06,5.168342340766685084e-06,7.828222805983386934e-06
-2.438419187456020154e-06,9.057138413481879979e-06,1.236310636159032583e-04,4.133896436542272568e-04,7.128397119231522083e-04,8.656727732159197330e-04,8.541343850083649158e-04,6.963451742194592953e-04,5.044032586738467216e-04,3.092786064371466637e-04,1.501299120718613267e-04,5.328940460458397865e-05,1.595425055711530149e-05,7.810829629306681454e-06,4.897311555396299809e-06,3.955689862777944654e-06,4.926445399178192019e-06,1.282915491174208000e-06,-1.109942900257010479e-06,8.702090781298466027e-07
-1.698488972579070833e-06,8.605660696048289537e-06,1.096212727134115994e-04,3.544526116456836462e-04,6.073258700780570507e-04,7.282107253558933735e-04,7.103020907379686832e-04,5.667614168487489223e-04,3.999889013357460499e-04,2.364210231462493539e-04,1.096702762879431248e-04,3.620642382884398103e-05,1.073248222382972017e-05,9.020697689265944064e-06,6.537200533784925938e-06,4.615853413270087913e-06,5.926127414568327367e-06,1.115939198825799394e-06,-1.129313773162721191e-06,9.058049386112543289e-07
-1.178102365884114988e-06,5.072065960121108219e-06,7.015537994448095560e-05,2.308502589585259557e-04,4.510409198701381683e-04,6.305365241132676601e-04,7.473915466107428074e-04,7.757057901471853256e-04,7.560313097201287746e-04,6.538634188473224640e-04,5.390196456573903561e-04,3.871958469972014427e-04,2.594854740891605616e-04,1.586502621648833156e-04,8.853185136104002595e-05,4.671554415835998952e-05,1.858268296928144991e-05,-6.018302656229934655e-07,1.743337520565546583e-06,2.230102751354934298e-07
1.921414650496444665e-06,7.966733392095193267e-06,1.281172735616564751e-04,3.662907984107732773e-04,6.143142236396670341e-04,7.007293752394616604e-04,6.370264454744756222e-04,4.478105111047625542e-04,2.528898767195641994e-04,8.543740841560065746e-05,-8.387552952626720071e-06,-3.326774094603024423e-05,-2.220393253082875162e-05,5.957391749689122662e-06,1.116092334996210411e-05,6.647272584814345464e-06,6.757687060598982498e-06,6.473645498772384599e-06,-5.528318638425844256e-07,7.731186997261829674e-07
-1.115241957450052723e-06,1.204876753035932779e-05,1.599886454641819000e-04,6.562583148479461670e-04,1.173942466266453266e-03,1.531162066385149956e-03,1.609867438673973083e-03,1.451137242838740349e-03,1.180629013106226921e-03,8.555931271985173225e-04,5.143459420651197433e-04,2.664964995346963406e-04,1.059859350789338350e-04,2.015008431044407189e-05,1.158894292530021630e-06,-3.601625621740822680e-06,-3.366094233570038341e-06,-7.088738584570819512e-06,-3.643607897174661048e-06,4.167034148849779740e-06
-6.799216407671337947e-07,7.539820217061787844e-06,9.591859998181462288e-05,2.728782128542661667e-04,4.512773302849382162e-04,5.062084528617560863e-04,4.566098505165427923e-04,3.146328381262719631e-04,1.712581579340621829e-04,5.392668754211626947e-05,-7.143855782487662509e-06,-2.219399721070658416e-05,-1.286451606574701145e-05,9.768587915459647775e-06,1.225536834681406617e-05,7.987099706951994449e-06,7.656723937543574721e-06,2.841133891706704162e-06,-1.256723976439388935e-06,1.186082499771146104e-06
5.469762953680401552e-08,1.375759347865823656e-05,1.834474969655275345e-04,7.545409607701003551e-04,1.376013970002532005e-03,1.848314423114061356e-03,2.004313515499234200e-03,1.900785020552575588e-03,1.627145102247595787e-03,1.256624469533562660e-03,8.325221133418381214e-04,4.977810895070433617e-04,2.455560606904327869e-04,9.152383427135646343e-05,3.603156437748111784e-05,6.819903319410514086e-06,-4.124579845665721223e-06,-7.591562280140351504e-06,-7.482382784473884385e-07,1.056322980730328709e-05
2.129306039932998829e-06,4.936316145176533610e-06,1.399676548317074776e-04,3.987228265032172203e-04,6.650258437730371952e-04,7.483982481062412262e-04,6.630919524468481541e-04,4.435755254235118628e-04,2.207326615462079644e-04,3.378637848072685301e-05,-5.389922080212272704e-05,-6.422986189136281610e-05,-3.659629146568477154e-05,5.503406100615393370e-06,1.578728915774263442e-05,6.973406470933696255e-06,2.325360355825978331e-06,1.218582110595889390e-05,2.301727590747759677e-06,1.247387785952014383e-06
-4.965949642610212322e-07,8.292272468679584563e-06,9.840554412221536040e-05,2.806070842780172825e-04,4.667943576350808144e-04,5.280912737362086773e-04,4.819606256205588579e-04,3.393446677364408970e-04,1.940785150509327650e-04,7.276469841599464417e-05,4.450989308679709211e-06,-1.630639417271595448e-05,-1.041723498929059133e-05,9.699740985524840653e-06,1.100315239455085248e-05,7.001083758950699121e-06,8.070564035733696073e-06,2.349843725824030116e-06,-1.560576265546842478e-06,1.144674229180964176e-06
6.087868314352817833e-06,1.040418192133074626e-05,2.239890454802662134e-04,9.409438935108482838e-04,1.740652136504650116e-03,2.374416682869195938e-03,2.598978113383054733e-03,2.498061163350939751e-03,2.164022997021675110e-03,1.681590802036225796e-03,1.131120952777564526e-03,6.836400134488940239e-04,3.404635644983500242e-04,1.268559572054073215e-04,5.249463720247149467e-05,9.120661161432508379e-06,-1.243170572706731036e-05,-4.000273747806204483e-06,2.610744786579743959e-06,1.499238715041428804e-05
6.941356218703731429e-07,8.611814337200485170e-06,1.157236692961305380e-04,3.500103484839200974e-04,5.943468422628939152e-04,6.977189914323389530e-04,6.614461308345198631e-04,5.014667985960841179e-04,3.281311655882745981e-04,1.677992113400250673e-04,5.834702096763066947e-05,6.439830485760467127e-06,-2.887240952986758202e-06,7.464438567694742233e-06,7.529599770350614563e-06,5.564182174566667527e-06,6.332371867756592110e-06,3.642867568487417884e-06,-1.382191726406745147e-06,8.240418765126378275e-07
-6.191105057951062918e-06,9.334166861663106829e-06,4.651910421671345830e-05,1.624911819817498326e-04,2.721128694247454405e-04,3.216021577827632427e-04,3.291047178208827972e-04,2.765898825600743294e-04,2.172126987716183066e-04,1.593812776263803244e-04,1.067983757820911705e-04,5.980704736430197954e-05,3.374816151335835457e-05,2.218903864559251815e-05,1.130121290771057829e-05,7.427053787978366017e-06,1.094206163543276489e-05,-6.701226084260270000e-06,-2.510887725293287076e-06,2.766297939160722308e-06
8.792337212071288377e-06,-2.301778749824734405e-06,2.297201863257214427e-04,8.894996717572212219e-04,1.715170568786561489e-03,2.432294422760605812e-03,2.794634550809860229e-03,2.841175533831119537e-03,2.627688692882657051e-03,2.168868901208043098e-03,1.647282973863184452e-03,1.106561976484954357e-03,6.556318840011954308e-04,3.499813028611242771e-04,1.841094490373507142e-04,7.644204015377908945e-05,9.301897080149501562e-06,9.001143553177826107e-06,1.097392032534116879e-05,1.313071607000892982e-05
-9.825464530877070501e-07,5.084757049189647660e-06,4.948543573846109211e-05,1.411511038895696402e-04,2.235435094917193055e-04,2.435085480101406574e-04,2.152825327357277274e-04,1.440746564185246825e-04,7.497359183616936207e-05,2.454472269164398313e-05,3.272019739597453736e-06,-3.393302677068277262e-06,-2.538800799811724573e-06,8.614171747467480600e-06,1.244952545675914735e-05,7.191375971160596237e-06,8.738865290069952607e-06,-1.348740397588699125e-06,-7.200292770903615747e-07,5.595337597696925513e-07
3.702117282955441624e-06,8.650287782074883580e-06,1.511758455308154225e-04,4.599641833920031786e-04,7.863986538723111153e-04,9.310439345426857471e-04,8.807914564386010170e-04,6.693816394545137882e-04,4.356281715445220470e-04,2.144376339856535196e-04,6.362220301525667310e-05,-4.206486664770636708e-06,-1.390494162478717044e-05,7.436177043018687982e-07,4.631603587768040597e-06,4.915689714835025370e-06,3.657413344626547769e-06,8.829903890728019178e-06,-1.273063958251441363e-06,2.866133570478268666e-07
-3.647349331004079431e-06,9.608097570890095085e-06,1.057119297911413014e-04,4.043025255668908358e-04,7.105079130269587040e-04,9.012069785967469215e-04,9.338528616353869438e-04,8.176632109098136425e-04,6.506689824163913727e-04,4.598674422595649958e-04,2.706117811612784863e-04,1.329626975348219275e-04,5.363088348531164229e-05,1.519973829999798909e-05,3.993699920101789758e-06,1.870558207883732393e-06,4.162593540968373418e-06,-6.000064786348957568e-06,-2.151218950530164875e-06,2.240610911030671559e-06
-9.530215834274713416e-07,1.258648080693092197e-05,2.713735739234834909e-04,9.559998288750648499e-04,1.676834537647664547e-03,2.086374210193753242e-03,2.083434956148266792e-03,1.741042360663414001e-03,1.291732187382876873e-03,8.012728649191558361e-04,3.828967746812850237e-04,1.255216775462031364e-04,2.248039345431607217e-05,-1.178937600343488157e-05,-1.016196347336517647e-05,-4.656972123484592885e-07,-6.105116881371941417e-06,1.301980955759063363e-05,-7.922093345769098960e-07,7.794179168740811292e-07
-6.672167273791274056e-06,1.045277713274117559e-05,9.609018161427229643e-05,3.346761222928762436e-04,5.746894166804850101e-04,6.994951399974524975e-04,7.072443841025233269e-04,5.930777406319975853e-04,4.509577120188623667e-04,3.042250173166394234e-04,1.722561864880844951e-04,7.922104850877076387e-05,3.461765300016850233e-05,1.866379898274317384e-05,9.008764209283981472e-06,5.574959686782676727e-06,9.164651601167861372e-06,-6.186052360135363415e-06,-1.386980329698417336e-06,2.197647290813620202e-06
9.487928309681592509e-07,8.812484338704962283e-06,1.232872164109721780e-04,3.737613733392208815e-04,6.353842327371239662e-04,7.474104641005396843e-04,7.089732680469751358e-04,5.386755219660699368e-04,3.531193069647997618e-04,1.806244545150548220e-04,6.230621511349454522e-05,6.246881184779340401e-06,-3.936576376872835681e-06,6.878154181322315708e-06,7.234893473651027307e-06,5.568660526478197426e-06,6.180025138746714219e-06,4.256720330886309966e-06,-1.464242700421891641e-06,7.883450621193333063e-07
-3.478382950561353937e-06,9.797127859201282263e-06,1.459575578337535262e-04,5.422005779109895229e-04,9.541578474454581738e-04,1.202282728627324104e-03,1.229315297678112984e-03,1.059420523233711720e-03,8.216348360292613506e-04,5.536015960387885571e-04,3.031653177458792925e-04,1.318642316618934274e-04,4.500486102188006043e-05,6.833096904301783070e-06,-7.790636118443217129e-07,1.108511241909582168e-06,8.476710036120493896e-07,-1.534007651571300812e-06,-1.549166540826263372e-06,1.955545485543552786e-06
5.280627647152869031e-06,5.740092092310078442e-06,1.786143984645605087e-04,5.110646598041057587e-04,8.599531138315796852e-04,9.807351743802428246e-04,8.774184389039874077e-04,6.012455560266971588e-04,3.162741486448794603e-04,6.975096039241179824e-05,-5.680575122823938727e-05,-7.766867202008143067e-05,-4.902300861431285739e-05,-2.172339179651316954e-07,1.384183997288346291e-05,6.019929060130380094e-06,1.415899419043853413e-06,1.595778849150519818e-05,2.496248271199874580e-06,8.732762921681569424e-07
-2.389485871390206739e-06,7.900162927398923784e-06,6.554526044055819511e-05,1.896480680443346500e-04,3.097230801358819008e-04,3.472656244412064552e-04,3.216519253328442574e-04,2.324022789252921939e-04,1.415987644577398896e-04,6.962537008803337812e-05,2.663497980393003672e-05,6.455181392084341496e-06,3.120696192127070390e-06,1.224753032147418708e-05,1.026398967951536179e-05,7.749870746920350939e-06,1.021661864797351882e-05,-2.522399199733627029e-06,-2.663103941813460551e-06,1.417261387359758373e-06
1.345944951935962308e-06,8.763385267229750752e-06,1.348589139524847269e-04,4.187942831777036190e-04,7.163673872128129005e-04,8.517879759892821312e-04,8.149049826897680759e-04,6.306520081125199795e-04,4.235891101416200399e-04,2.253593120258301497e-04,8.371800504392012954e-05,1.303593489865306765e-05,-3.409015789657132700e-06,4.440639713720884174e-06,5.521735147340223193e-06,4.889747742709005252e-06,4.741829798149410635e-06,5.530398084374610335e-06,-1.288576754632231314e-06,5.578309583142981865e-07
-1.943399865922401659e-06,8.781411452218890190e-06,1.118941290769726038e-04,3.633052983786910772e-04,6.227426347322762012e-04,7.478317711502313614e-04,7.308290223591029644e-04,5.850617308169603348e-04,4.147054860368371010e-04,2.469494647812098265e-04,1.157744773081503808e-04,3.901466334355063736e-05,1.179034188680816442e-05,9.221683285431936383e-06,6.495974503195611760e-06,4.630790499504655600e-06,6.006507646816316992e-06,9.339231610283604823e-07,-1.187274278890981805e-06,9.475620004195661750e-07
-1.914470431074732915e-06,8.740229532122612000e-06,8.270431862911209464e-05,2.405086997896432877e-04,3.998379688709974289e-04,4.554394399747252464e-04,4.253466613590717316e-04,3.106853982899338007e-04,1.929192076204344630e-04,9.362417767988517880e-05,3.179276245646178722e-05,4.010844349977560341e-06,1.181717379949986935e-06,1.223140316142234951e-05,9.717368811834603548e-06,7.076333986333338544e-06,8.997722034109756351e-06,-4.263773689672234468e-07,-2.443129687890177593e-06,1.459805730519292410e-06
-2.798049990815343335e-06,1.010102550935698673e-05,9.850232891039922833e-05,3.887576749548316002e-04,7.008598186075687408e-04,9.288632427342236042e-04,1.004205550998449326e-03,9.462867747060954571e-04,8.127116598188877106e-04,6.318339146673679352e-04,4.266965843271464109e-04,2.604238106869161129e-04,1.353933475911617279e-04,5.984259041724726558e-05,2.563865928095765412e-05,9.782639608602039516e-06,3.917982667189789936e-06,-6.791536179662216455e-06,1.164474170423090982e-07,5.236098331806715578e-06
-1.410893560205295216e-06,7.801647370797581971e-06,9.536548895994201303e-05,3.729559248313307762e-04,6.806824821978807449e-04,9.151378180831670761e-04,1.002722186967730522e-03,9.623796795494854450e-04,8.435049094259738922e-04,6.667611305601894855e-04,4.671700298786163330e-04,2.943548606708645821e-04,1.603834971319884062e-04,7.704144081799313426e-05,3.588462277548387647e-05,1.465635341446613893e-05,4.336613983468851075e-06,-4.876917046203743666e-06,2.078227907986729406e-06,5.566614163399208337e-06
-4.062892912770621479e-06,8.739699296711478382e-06,8.245957724284380674e-05,2.677445882000029087e-04,4.549201403278857470e-04,5.413028411567211151e-04,5.326040554791688919e-04,4.279871063772588968e-04,3.082569455727934837e-04,1.934261090354993939e-04,1.012463399092666805e-04,4.236064705764874816e-05,1.857623283285647631e-05,1.465858531446428970e-05,9.196047358273062855e-06,5.306573712005047128e-06,8.335580787388607860e-06,-2.935445081675425172e-06,-1.241447193933709059e-06,1.410740424034884200e-06
-2.283258481838856824e-06,1.094861363526433706e-05,2.074989752145484090e-04,7.364785997197031975e-04,1.290664193220436573e-03,1.606411649845540524e-03,1.611062791198492050e-03,1.353044761344790459e-03,1.012399327009916306e-03,6.391979404725134373e-04,3.159343323204666376e-04,1.121339519158937037e-04,2.649516500241588801e-05,-3.851558176393155009e-06,-5.421389232651563361e-06,1.089454940483847167e-06,-2.530113079046714120e-06,6.831598966527963057e-06,-1.078027025869232602e-06,1.309631670665112324e-06
-3.038092245333245955e-06,9.284175575885456055e-06,1.284322643186897039e-04,4.362664476502686739e-04,7.541637169197201729e-04,9.207311668433248997e-04,9.134509600698947906e-04,7.518958882428705692e-04,5.510952905751764774e-04,3.437918203417211771e-04,1.707101619103923440e-04,6.284983101068064570e-05,1.942715425684582442e-05,7.638767783646471798e-06,4.175537469564005733e-06,3.647622179414611310e-06,4.550904577627079561e-06,1.058119664776313584e-06,-1.130845134866831359e-06,8.940465363593830261e-07
-1.314986548095475882e-06,5.960312137176515535e-06,6.882717570988461375e-05,1.963407266885042191e-04,3.185138339176774025e-04,3.510824462864547968e-04,3.130986297037452459e-04,2.120405551977455616e-04,1.114521946874447167e-04,3.370941340108402073e-05,-2.432064320601057261e-06,-1.226102085638558492e-05,-6.403470251825638115e-06,1.039131166180595756e-05,1.233961211255518720e-05,8.148261258611455560e-06,9.115977263718377799e-06,3.189873325482039945e-07,-8.784816714069165755e-07,1.416183408764482010e-06
-1.319879402217338793e-06,5.886166491109179333e-06,4.431032721186056733e-05,1.269416534341871738e-04,2.002627734327688813e-04,2.187384961871430278e-04,1.968816068256273866e-04,1.367266668239608407e-04,7.796911086188629270e-05,3.607532562455162406e-05,1.578526098455768079e-05,6.467116236308356747e-06,2.558025016696774401e-06,8.966389941633678973e-06,1.171738313132664189e-05,6.683269020868465304e-06,9.595079973223619163e-06,-2.907915586547460407e-06,-1.896150365610083099e-06,7.913873645293278969e-08
-4.246064236212987453e-06,1.208291541843209416e-05,2.097097749356180429e-04,7.562434184364974499e-04,1.326546887867152691e-03,1.656263251788914204e-03,1.672615413554012775e-03,1.417018007487058640e-03,1.073837629519402981e-03,6.929207011125981808e-04,3.547020314726978540e-04,1.348482619505375624e-04,3.767844100366346538e-05,1.688719635239976924e-07,-4.774798526341328397e-06,1.780173647603078280e-06,-1.524014237475057598e-06,3.804510697591467761e-06,-1.292465981350687798e-06,2.028336893999949098e-06
-9.131127285399998073e-07,6.442572612286312506e-06,8.630985394120216370e-05,2.454784989822655916e-04,4.032776341773569584e-04,4.480489878915250301e-04,4.001766792498528957e-04,2.707131789065897465e-04,1.407852687407284975e-04,3.718723382917232811e-05,-1.236980369867524132e-05,-2.291394775966182351e-05,-1.206831529998453334e-05,1.039522612700238824e-05,1.300985695706913248e-05,8.703928870090749115e-06,7.796405043336562812e-06,2.873220182664226741e-06,-7.312817160709528252e-07,1.454717335036548320e-06
-3.866156930598663166e-06,9.529145245323888958e-06,1.265717728529125452e-04,4.717093834187835455e-04,8.291428675875067711e-04,1.044764067046344280e-03,1.071940525434911251e-03,9.270721930079162121e-04,7.238223333843052387e-04,4.951831069774925709e-04,2.780014765448868275e-04,1.262350124306976795e-04,4.634712604456581175e-05,1.046791931003099307e-05,1.603439159225672483e-06,1.637009518162813038e-06,2.691973577384487726e-06,-3.442368324613198638e-06,-1.523788796475855634e-06,1.933729208758450113e-06
6.694664989481680095e-06,9.995653272198978812e-06,2.068583853542804718e-04,6.279076333157718182e-04,1.075985841453075409e-03,1.277461647987365723e-03,1.205094740726053715e-03,9.134509600698947906e-04,5.893473280593752861e-04,2.804959658533334732e-04,7.131266465876251459e-05,-1.887431426439434290e-05,-2.825345291057601571e-05,-5.783399501524399966e-06,2.218603412984521128e-06,4.899636678601382300e-06,1.660829525462759193e-06,1.513140887254849076e-05,-1.448974899176391773e-06,-1.259668493958088220e-07
-3.443529195124028774e-08,4.204937340546166524e-06,3.626583202276378870e-05,1.033817534334957600e-04,1.589225430507212877e-04,1.699171989457681775e-04,1.467427209718152881e-04,9.475058323005214334e-05,4.426641316968016326e-05,1.257128315046429634e-05,2.137412366209900938e-06,-2.379359926862889552e-07,-2.141110599040985107e-06,6.340407253446755931e-06,1.381934725941391662e-05,6.038438186806160957e-06,7.160176664910977706e-06,-1.181570610242488328e-06,6.617435701627982780e-07,-7.579094472021097317e-07
-1.421452111571852583e-07,3.173987124682753347e-06,7.591520261485129595e-05,2.154335670638829470e-04,3.484885382931679487e-04,3.805826709140092134e-04,3.289155138190835714e-04,2.089817135129123926e-04,9.093306289287284017e-05,-2.495555584403064131e-08,-3.314715650049038231e-05,-3.367584213265217841e-05,-1.693937883828766644e-05,9.165248229692224413e-06,1.529792643850669265e-05,8.767494364292360842e-06,5.318746389093575999e-06,5.393027095124125481e-06,2.337286559850326739e-06,2.067183231702074409e-06
-9.168347219201677945e-07,5.293071353662526235e-06,4.496687688515521586e-05,1.285503240069374442e-04,2.019718958763405681e-04,2.192874671891331673e-04,1.937910565175116062e-04,1.300283474847674370e-04,6.844264134997501969e-05,2.478705209796316922e-05,6.589044915017439052e-06,3.397471175503596896e-07,-8.811036309452902060e-07,8.323504516738466918e-06,1.270659322472056374e-05,7.022483714536065236e-06,8.931919182941783220e-06,-1.724239723444043193e-06,-8.178141115422477014e-07,6.942806862753059249e-08
1.973663074750220403e-06,9.062595381692517549e-06,1.537388889119029045e-04,4.850063123740255833e-04,8.332867291755974293e-04,9.983703494071960449e-04,9.598868200555443764e-04,7.512419833801686764e-04,5.113257211633026600e-04,2.770344144664704800e-04,1.055134562193416059e-04,1.792736657080240548e-05,-4.454518148122588173e-06,1.636411525396397337e-06,3.741127557077561505e-06,4.348437414591899142e-06,3.354940417921170592e-06,7.367276339209638536e-06,-1.248529088115901686e-06,3.916159130312735215e-07
4.413934220792725682e-06,9.937332833942491561e-06,2.041283296421170235e-04,6.460269214585423470e-04,1.114157959818840027e-03,1.341286115348339081e-03,1.288276631385087967e-03,1.009088009595870972e-03,6.849806522950530052e-04,3.642553638201206923e-04,1.296798873227089643e-04,1.275970589631469920e-05,-1.494525622547371313e-05,-5.801253792014904320e-06,1.698366105529203196e-07,3.620689540184685029e-06,4.790366006091062445e-07,1.327954032603884116e-05,-1.283361484638589900e-06,-8.989676225645837349e-10
9.094901542994193733e-07,1.020782474370207638e-05,1.803963968995958567e-04,5.886926082894206047e-04,1.016953494399785995e-03,1.233259099535644054e-03,1.201567589305341244e-03,9.630637941882014275e-04,6.772442720830440521e-04,3.888901264872401953e-04,1.650168414926156402e-04,4.150037784711457789e-05,2.146268343494739383e-06,2.589180536638480135e-10,1.492446244810707867e-06,3.561116727723856457e-06,2.253640332128270529e-06,7.875194569351151586e-06,-1.307969796471297741e-06,4.139293707794422517e-07
-2.136633838745183311e-06,1.259652435692260042e-05,1.618322712602093816e-04,6.519187008962035179e-04,1.160999760031700134e-03,1.505583291873335838e-03,1.577597577124834061e-03,1.413249527104198933e-03,1.143856323324143887e-03,8.247828227467834949e-04,4.929527058266103268e-04,2.523104194551706314e-04,1.004228033707477152e-04,2.058649442915339023e-05,1.714752784209849779e-06,-2.469662149451323785e-06,-9.855054940999252722e-07,-7.862861821195110679e-06,-3.614152547015692107e-06,3.809199824900133535e-06
-7.742215188955015037e-07,9.713082363305147737e-06,1.666443858994171023e-04,5.601838347502052784e-04,9.714424959383904934e-04,1.187990419566631317e-03,1.170462579466402531e-03,9.558410965837538242e-04,6.898466963320970535e-04,4.146306600887328386e-04,1.911003928398713470e-04,5.951963976258412004e-05,1.129313022829592228e-05,9.595138408258208074e-07,7.985311185620957986e-07,2.862533165171043947e-06,1.799527012735779863e-06,5.836436685058288276e-06,-1.198787117573374417e-06,5.059611112301354297e-07
-2.905717565226950683e-06,1.301726479141507298e-05,2.271844859933480620e-04,8.549202466383576393e-04,1.512512215413153172e-03,1.916721696034073830e-03,1.961537869647145271e-03,1.694600912742316723e-03,1.313731423579156399e-03,8.795975008979439735e-04,4.747617640532553196e-04,2.012523764278739691e-04,6.302243855316191912e-05,1.587377369105524849e-06,-6.727729214617284015e-06,-2.541512913012411445e-06,-4.277997504686936736e-06,1.869993980108120013e-06,-1.677737827776581980e-06,2.010731805057730526e-06
1.716802216833457351e-06,4.717138835985679179e-06,1.388516247970983386e-04,4.805790958926081657e-04,9.435293031856417656e-04,1.337822061032056808e-03,1.577424700371921062e-03,1.637781970202922821e-03,1.574665191583335400e-03,1.346238888800144196e-03,1.086238771677017212e-03,7.675374508835375309e-04,4.988251021131873131e-04,2.934656513389199972e-04,1.623573189135640860e-04,7.954727334436029196e-05,2.644750929903239012e-05,3.789592255998286419e-06,4.233803338138386607e-06,2.669341938599245623e-06
1.287847226194571704e-05,4.527588316705077887e-06,3.120473993476480246e-04,8.999968413263559341e-04,1.525840954855084419e-03,1.754685537889599800e-03,1.570877502672374249e-03,1.083483104594051838e-03,5.732909194193780422e-04,1.212590650538913906e-04,-1.149428499047644436e-04,-1.550694432808086276e-04,-1.024100783979520202e-04,-1.551712193759158254e-05,1.667877404543105513e-05,5.015324859414249659e-06,-5.421672085503814742e-06,3.604340599849820137e-05,7.424540854117367417e-06,7.706450446676171850e-07
-2.635685632412787527e-06,1.513625829829834402e-05,2.701290650293231010e-04,1.028121099807322025e-03,1.823369995690882206e-03,2.320472849532961845e-03,2.382262144237756729e-03,2.067813184112310410e-03,1.610809005796909332e-03,1.086930627934634686e-03,5.924306460656225681e-04,2.560557331889867783e-04,8.105998858809471130e-05,1.401189024363702629e-06,-9.071365639101713896e-06,-5.399143901740899310e-06,-6.547272278112359345e-06,1.987591758734197356e-06,-1.983801894311909564e-06,1.966677700693253428e-06
1.334462467639241368e-06,8.596835868956986815e-06,1.151658289018087089e-04,3.338574024382978678e-04,5.618768045678734779e-04,6.473416578955948353e-04,5.991989164613187313e-04,4.344944609329104424e-04,2.628591028042137623e-04,1.120790693676099181e-04,1.997013714571949095e-05,-1.378495016979286447e-05,-1.163552860816707835e-05,7.322099463635822758e-06,9.138710083789192140e-06,6.226667665032437071e-06,7.013902177277486771e-06,4.384466592455282807e-06,-1.344380393675237428e-06,8.910712949727894738e-07
3.601908474593074061e-06,8.523898941348306835e-06,1.406458759447559714e-04,4.115537740290164948e-04,6.977887824177742004e-04,8.118851692415773869e-04,7.538310019299387932e-04,5.521270213648676872e-04,3.383654111530631781e-04,1.451264397474005818e-04,2.450503598083741963e-05,-2.067758941848296672e-05,-1.865164631453808397e-05,3.312095259389025159e-06,7.487085895263589919e-06,5.719493401556974277e-06,5.569622771872673184e-06,7.968723366502672434e-06,-1.013312498798768502e-06,5.404247644946735818e-07
-1.310004336119163781e-06,1.317797705269185826e-05,1.803383929654955864e-04,7.316748378798365593e-04,1.306680613197386265e-03,1.698244945146143436e-03,1.780439401045441628e-03,1.595938578248023987e-03,1.291043125092983246e-03,9.285389096476137638e-04,5.524653242900967598e-04,2.805390686262398958e-04,1.091236408683471382e-04,1.922384944919031113e-05,-3.528046832457221171e-08,-4.628083843272179365e-06,-3.013174364241422154e-06,-7.326877039304235950e-06,-3.705774588524946012e-06,3.639963551904656924e-06
-1.267009793082252145e-06,1.842562051024287939e-05,3.614891029428690672e-04,1.383184920996427536e-03,2.459158888086676598e-03,3.135190578177571297e-03,3.216714132577180862e-03,2.791107399389147758e-03,2.170012565329670906e-03,1.454599783755838871e-03,7.838856545276939869e-04,3.315125941298902035e-04,9.897873678710311651e-05,-6.608354851778130978e-06,-1.669178163865581155e-05,-1.011761469271732494e-05,-1.349184185528429225e-05,6.991513146203942597e-06,-1.705338490864960477e-06,2.112812580890022218e-06
5.777946171292569488e-06,5.813716143165947869e-06,1.836365117924287915e-04,5.260615726001560688e-04,8.864135015755891800e-04,1.012734719552099705e-03,9.074684348888695240e-04,6.240672664716839790e-04,3.309059247840195894e-04,7.621106487931683660e-05,-5.605342448689043522e-05,-7.903505320427939296e-05,-5.054175198893062770e-05,-1.176399791802396066e-06,1.341332699666963890e-05,5.812420113215921447e-06,1.421665842826769222e-06,1.657816937949974090e-05,2.567834599176421762e-06,7.607800398545805365e-07
2.637622742440726142e-07,1.838798766584659461e-06,8.856027125148102641e-05,2.486455196049064398e-04,4.043878579977899790e-04,4.416344745550304651e-04,3.789557085838168859e-04,2.342106454307213426e-04,9.399445116287097335e-05,-1.547209103591740131e-05,-5.286229497869499028e-05,-4.936136610922403634e-05,-2.474159555276855826e-05,9.082911674340721220e-06,1.696300023468211293e-05,9.055311238626018167e-06,2.795409955069771968e-06,9.641367796575650573e-06,4.014092155557591468e-06,2.738425109782838263e-06
-3.976324023824417964e-06,9.082099495572037995e-06,1.085167023120447993e-04,3.712627512868493795e-04,6.404366577044129372e-04,7.805919740349054337e-04,7.786303176544606686e-04,6.439458229579031467e-04,4.771988315042108297e-04,3.051736275665462017e-04,1.587852748343721032e-04,6.386260793078690767e-05,2.319843406439758837e-05,1.102855640056077391e-05,5.891147338843438774e-06,4.206913217785768211e-06,5.915805559197906405e-06,-1.460607450098905247e-06,-1.095053335120610427e-06,1.258879137822077610e-06
-3.122281668765936047e-06,9.335681170341558754e-06,1.366743672406300902e-04,4.762340395245701075e-04,8.281454211100935936e-04,1.020251424051821232e-03,1.020435127429664135e-03,8.508317987434566021e-04,6.336210644803941250e-04,4.024592635687440634e-04,2.040304680122062564e-04,7.738867861917242408e-05,2.360239341214764863e-05,5.866725132364081219e-06,2.052815716524492018e-06,3.153369561914587393e-06,2.917915935540804639e-06,1.277571982427616604e-06,-1.124369418903370388e-06,1.219911837324616499e-06
-5.831268026668112725e-06,9.404730008100159466e-06,6.543895869981497526e-05,2.418060321360826492e-04,4.155262722633779049e-04,5.129662458784878254e-04,5.306132952682673931e-04,4.586455761454999447e-04,3.667255223263055086e-04,2.662074111867696047e-04,1.665244635660201311e-04,8.885616261977702379e-05,4.330728188506327569e-05,2.204811607953161001e-05,9.916692761180456728e-06,5.773909833806101233e-06,8.545043783669825643e-06,-7.999143235792871565e-06,-1.740361540214507841e-06,2.809876377796172164e-06
6.183288974170864094e-07,9.344551472167950124e-06,1.631699560675770044e-04,6.404392770491540432e-04,1.182861975394189358e-03,1.613411004655063152e-03,1.785087632015347481e-03,1.737767946906387806e-03,1.536933588795363903e-03,1.225739717483520508e-03,8.708712994121015072e-04,5.561924190260469913e-04,3.070167149417102337e-04,1.481623912695795298e-04,7.119544898159801960e-05,2.631116694828961045e-05,4.649928541766712442e-06,-3.402890570214367472e-06,4.270907083991914988e-06,9.593361937731970102e-06
3.916740297427168116e-06,1.028732913255225867e-05,2.125904284184798598e-04,6.811718340031802654e-04,1.177014899440109730e-03,1.422832719981670380e-03,1.373391598463058472e-03,1.085315598174929619e-03,7.461240165866911411e-04,4.067232366651296616e-04,1.531480811536312103e-04,2.255353138025384396e-05,-1.196541143144713715e-05,-6.457400559156667441e-06,-7.664652912353631109e-07,3.233624966014758684e-06,-5.681302539528587658e-08,1.341653751296689734e-05,-1.251428670911991503e-06,-5.647460277202753787e-09
2.352892579438048415e-06,1.937040678967605345e-06,1.135273196268826723e-04,4.012057615909725428e-04,7.912028813734650612e-04,1.126630580984055996e-03,1.330931088887155056e-03,1.382691669277846813e-03,1.328595681115984917e-03,1.132415025494992733e-03,9.088505175895988941e-04,6.385256419889628887e-04,4.110700974706560373e-04,2.389696310274302959e-04,1.321035524597391486e-04,6.479078729171305895e-05,1.896522553579416126e-05,3.390877509445999749e-06,3.999785803898703307e-06,2.309744559170212597e-06
-4.297588134249963332e-07,3.835612005786970258e-06,5.710578989237546921e-05,1.623674615984782577e-04,2.582752786111086607e-04,2.806828997563570738e-04,2.437006769469007850e-04,1.566406572237610817e-04,7.231345807667821646e-05,9.549421520205214620e-06,-1.346434510196559131e-05,-1.641934431972913444e-05,-8.973538569989614189e-06,8.346753020305186510e-06,1.370292648061877117e-05,7.753287718514911830e-06,6.997278887865832075e-06,1.436102593288524076e-06,1.226472136295342352e-06,1.183916424452036154e-06
-2.928982212324626744e-06,1.094643630494829267e-05,1.095097031793557107e-04,4.387518565636128187e-04,7.903926889412105083e-04,1.046577002853155136e-03,1.128109288401901722e-03,1.058425055816769600e-03,9.019058197736740112e-04,6.958213052712380886e-04,4.608677118085324764e-04,2.759261988103389740e-04,1.382563350489363074e-04,5.608779611065983772e-05,2.246364601887762547e-05,7.218981409096159041e-06,2.204707016062457114e-06,-7.449457825714489445e-06,-9.052649829754955135e-07,5.658731879520928487e-06
-4.717181582236662507e-06,1.015552879835013300e-05,9.375192166771739721e-05,3.725979768205434084e-04,6.588008254766464233e-04,8.509343606419861317e-04,8.968715555965900421e-04,8.128287736326456070e-04,6.696173222735524178e-04,4.979607183486223221e-04,3.120403853245079517e-04,1.736500853439792991e-04,7.864210783736780286e-05,2.737123577389866114e-05,9.238237907993607223e-06,3.054004309888114221e-06,3.705107701534871012e-06,-7.668119906156789511e-06,-3.006440238095819950e-06,3.647151515906443819e-06
-5.938693448115373030e-07,1.576816430315375328e-05,1.930708676809445024e-04,8.142583537846803665e-04,1.478831516578793526e-03,1.975729595869779587e-03,2.125903964042663574e-03,1.995927421376109123e-03,1.683813054114580154e-03,1.282774144783616066e-03,8.241385221481323242e-04,4.779492446687072515e-04,2.209639933425933123e-04,6.750397733412683010e-05,2.290804877702612430e-05,-1.902288545352348592e-06,-8.429604349657893181e-06,-6.965679858694784343e-06,-4.373830961412750185e-06,9.396341738465707749e-06
-4.780824838235275820e-06,9.572035196470096707e-06,1.013064102153293788e-04,3.762724227271974087e-04,6.574077415280044079e-04,8.244891650974750519e-04,8.486736332997679710e-04,7.350689265877008438e-04,5.787682603113353252e-04,4.041878273710608482e-04,2.353891759412363172e-04,1.133003315771929920e-04,4.666813401854597032e-05,1.596252513991203159e-05,5.202826287131756544e-06,3.407129042898304760e-06,5.587795840256148949e-06,-5.804871761938557029e-06,-1.727975472931575496e-06,2.244921688543399796e-06
-1.363958261890729773e-07,3.287962499598506838e-06,6.089200542191974819e-05,1.730184012558311224e-04,2.757229376584291458e-04,2.993861562572419643e-04,2.579487045295536518e-04,1.631112681934610009e-04,7.111779996193945408e-05,2.331817995582241565e-06,-2.139639764209277928e-05,-2.244370261905714869e-05,-1.184477150673046708e-05,8.380365215998608619e-06,1.455018809792818502e-05,8.063555469561833888e-06,6.174073860165663064e-06,2.968151193272206001e-06,2.137278897862415761e-06,1.454475864193227608e-06
7.210382136690896004e-06,1.065620108420262113e-05,2.449782041367143393e-04,7.683157455176115036e-04,1.325839548371732235e-03,1.594378263689577579e-03,1.523440936580300331e-03,1.183759304694831371e-03,7.924514939077198505e-04,4.063609230797737837e-04,1.296995033044368029e-04,-1.990234522963874042e-06,-2.789163772831670940e-05,-1.199756206915481016e-05,-2.104145551129477099e-06,3.329532546558766626e-06,-1.555514472784125246e-06,1.883516779344063252e-05,-1.222265495925967116e-06,-3.628498745911201695e-07
2.151352418877650052e-06,8.544931006326805800e-06,1.268088235519826412e-04,3.797652607318013906e-04,6.455538095906376839e-04,7.571634487248957157e-04,7.131155580282211304e-04,5.354015738703310490e-04,3.436601546127349138e-04,1.666474126977846026e-04,4.904204979538917542e-05,-2.866631120923557319e-06,-8.925973816076293588e-06,5.079336006019730121e-06,6.790122824895661324e-06,5.506010438693920150e-06,5.532165687327506021e-06,5.777698788733687252e-06,-1.382150912832003087e-06,6.156868721518549137e-07
-6.308985575742553920e-06,9.512220458418596536e-06,8.872776379575952888e-05,3.162604407407343388e-04,5.455873906612396240e-04,6.688327412120997906e-04,6.810623453930020332e-04,5.772470613010227680e-04,4.448952677194029093e-04,3.043026372324675322e-04,1.749279181240126491e-04,8.175727998604997993e-05,3.519593155942857265e-05,1.714022255328018218e-05,7.829903552192263305e-06,5.112457984068896621e-06,7.768898285576142371e-06,-6.044891961209941655e-06,-1.260189606000494678e-06,2.218189138147863559e-06
2.333672227905481122e-06,6.719395059917587787e-06,1.379027235088869929e-04,3.935632412321865559e-04,6.588512915186583996e-04,7.477310136891901493e-04,6.714673945680260658e-04,4.616350342985242605e-04,2.467214944772422314e-04,6.350543844746425748e-05,-3.161180211463943124e-05,-4.994659320800565183e-05,-3.088061930611729622e-05,4.776762125402456149e-06,1.297301150771090761e-05,6.615720394620439038e-06,4.220584742142818868e-06,9.429390956938732415e-06,6.432570671677240171e-07,1.000690190267050639e-06
-5.939189122727839276e-06,8.567238182877190411e-06,5.784406675957143307e-05,1.870145351858809590e-04,3.125018847640603781e-04,3.644129610620439053e-04,3.617972251959145069e-04,2.916090015787631273e-04,2.137379779014736414e-04,1.437373866792768240e-04,8.660262392368167639e-05,4.275939136277884245e-05,2.296431557624600828e-05,1.822322519728913903e-05,1.047576097334967926e-05,6.370036317093763500e-06,1.061685725289862603e-05,-5.792305728391511366e-06,-2.002250539590022527e-06,2.320752855666796677e-06
-3.266098701715236530e-06,6.784942797821713611e-06,4.828655801247805357e-05,1.481282233726233244e-04,2.820181543938815594e-04,3.817751712631434202e-04,4.484146193135529757e-04,4.600256215780973434e-04,4.511279112193733454e-04,3.943850751966238022e-04,3.331138577777892351e-04,2.428298757877200842e-04,1.687517797108739614e-04,1.079838111763820052e-04,5.951872662990354002e-05,3.437666600802913308e-05,1.727917697280645370e-05,-2.766724264802178368e-06,4.877113042311975732e-07,2.782975627724226797e-07
6.274211045820266008e-06,1.172990050690714270e-05,2.790493017528206110e-04,9.006861364468932152e-04,1.561412587761878967e-03,1.895982772111892700e-03,1.832560403272509575e-03,1.453553210012614727e-03,1.002585049718618393e-03,5.457119550555944443e-04,2.019900857703760266e-04,2.505218799342401326e-05,-2.157081689801998436e-05,-1.556934330437798053e-05,-5.579679964284878224e-06,2.003509962378302589e-06,-3.797349336309707724e-06,2.052736817859113216e-05,-1.134062245000677649e-06,-4.743355646041891305e-07
6.096868219174211845e-06,1.147167768067447469e-05,2.543001028243452311e-04,8.021176909096539021e-04,1.383766648359596729e-03,1.666442956775426865e-03,1.597864087671041489e-03,1.248510321602225304e-03,8.432863396592438221e-04,4.421506309881806374e-04,1.501582446508109570e-04,7.312235084100393578e-06,-2.420625423837918788e-05,-1.068738129106350243e-05,-1.891923488983593415e-06,3.558038997653056867e-06,-9.533106890557974111e-07,1.798175071598961949e-05,-1.506165972386952490e-06,-2.859272569821769139e-07
2.336106490474776365e-06,8.763519872445613146e-06,1.319943839916959405e-04,3.949934034608304501e-04,6.714842747896909714e-04,7.877483731135725975e-04,7.415636209771037102e-04,5.565812462009489536e-04,3.567682870198041201e-04,1.722711604088544846e-04,4.983061080565676093e-05,-3.876828486681915820e-06,-9.833543117565568537e-06,4.922754214931046590e-06,6.773518180125392973e-06,5.616774615191388875e-06,5.559460987569764256e-06,6.177153863973217085e-06,-1.446020405637682416e-06,6.164006549624900799e-07
8.258306252173497342e-07,9.355098882224410772e-06,1.670142082730308175e-04,5.503274733200669289e-04,9.526584763079881668e-04,1.158662838861346245e-03,1.132102450355887413e-03,9.122166084125638008e-04,6.461357115767896175e-04,3.751902841031551361e-04,1.626734447199851274e-04,4.340330269769765437e-05,3.829042270808713511e-06,-4.780686140293255448e-07,1.031702936415967997e-06,3.072995241382159293e-06,1.584550886946090031e-06,7.466171155101619661e-06,-1.074615511242882349e-06,3.699078661156818271e-07
-3.212327612800436327e-07,3.935691438528010622e-06,4.867328243562951684e-05,1.384130882797762752e-04,2.173579559894278646e-04,2.350602007936686277e-04,2.036592486547306180e-04,1.306464109802618623e-04,6.067652793717570603e-05,1.038718073687050492e-05,-7.306481620616978034e-06,-9.838168807618785650e-06,-6.111478796810843050e-06,7.676389031985308975e-06,1.369330129818990827e-05,7.369524155365070328e-06,7.155262665037298575e-06,4.489561717946344288e-07,9.501009685664030258e-07,4.426863142725778744e-07
-1.011200993161764927e-06,9.817193131311796606e-06,1.725072070257738233e-04,5.860829260200262070e-04,1.018443959765136242e-03,1.249944325536489487e-03,1.235480885952711105e-03,1.014802721329033375e-03,7.376095163635909557e-04,4.478394694160670042e-04,2.093743241857737303e-04,6.700825906591489911e-05,1.332722422375809401e-05,-6.947269781676368439e-08,-1.803291098667614278e-07,2.396436002527480014e-06,1.076972694136202335e-06,6.178708190418547019e-06,-1.098261577681114431e-06,4.851953576689993497e-07
-6.967854915274074301e-07,4.495614575716899708e-06,7.702669972786679864e-05,2.643269835971295834e-04,5.124906892888247967e-04,7.167044095695018768e-04,8.399787475354969501e-04,8.647067006677389145e-04,8.302925853058695793e-04,7.089091232046484947e-04,5.730231641791760921e-04,4.051799769513309002e-04,2.644693595357239246e-04,1.583599805599078536e-04,8.715761941857635975e-05,4.468973929760977626e-05,1.649077785259578377e-05,-3.626475972851039842e-07,2.410352408332983032e-06,1.478856006542628165e-06
2.400880475761368871e-06,-9.102373041969258338e-07,1.628103200346231461e-04,5.427754949778318405e-04,1.103011541999876499e-03,1.601117663085460663e-03,1.943973125889897346e-03,2.063024789094924927e-03,2.035437384620308876e-03,1.774381496943533421e-03,1.460845465771853924e-03,1.050039310939610004e-03,6.973120616748929024e-04,4.120678349863737822e-04,2.350667491555213928e-04,1.167568916571326554e-04,3.345877848914824426e-05,1.068526944436598569e-05,1.241671043317182921e-06,5.161198828318447340e-07
-5.431160843727411702e-06,1.580346361151896417e-05,1.651582861086353660e-04,6.726191495545208454e-04,1.199468038976192474e-03,1.568461302667856216e-03,1.660562702454626560e-03,1.520016929134726524e-03,1.255842042155563831e-03,9.353923960588872433e-04,5.831290036439895630e-04,3.244121617171913385e-04,1.434273290215060115e-04,4.271000216249376535e-05,1.159490057034417987e-05,-9.513076548728349735e-08,8.240353395194688346e-07,-1.120352408179314807e-05,-4.883353540208190680e-06,5.914070243306923658e-06
1.015943894344673026e-06,7.079252554831327870e-06,1.478513440815731883e-04,5.828925641253590584e-04,1.080406247638165951e-03,1.479016849771142006e-03,1.642015879042446613e-03,1.603984506800770760e-03,1.423805137164890766e-03,1.137866172939538956e-03,8.119558333419263363e-04,5.196841666474938393e-04,2.871776523534208536e-04,1.392618578393012285e-04,6.751038745278492570e-05,2.530445635784417391e-05,3.419724635023158044e-06,-2.496133902241126634e-06,4.460603122424799949e-06,8.796410838840529323e-06
3.593424935388611630e-06,8.211000022129155695e-06,1.382312329951673746e-04,4.006681265309453011e-04,6.777846137993037701e-04,7.841732003726065159e-04,7.225673180073499680e-04,5.221164901740849018e-04,3.114089777227491140e-04,1.238510594703257084e-04,1.074483679985860363e-05,-2.726804814301431179e-05,-2.145492908312007785e-05,3.425483328101108782e-06,8.489029823977034539e-06,5.731119927077088505e-06,5.873941518075298518e-06,7.899650881881825626e-06,-5.838009542458166834e-07,5.618790623884706292e-07
-3.690483481477713212e-06,1.033300941344350576e-05,1.379878958687186241e-04,5.227503716014325619e-04,9.212336153723299503e-04,1.169374329037964344e-03,1.206511515192687511e-03,1.052448875270783901e-03,8.291303529404103756e-04,5.759881460107862949e-04,3.289189480710774660e-04,1.541931123938411474e-04,5.717514795833267272e-05,1.185948349302634597e-05,1.276348257306381129e-06,1.943551666272469447e-07,2.591572638266370632e-06,-4.903511580778285861e-06,-2.065950866381172091e-06,1.919160240504425019e-06
-3.756622390937991440e-06,8.829948455968406051e-06,3.429554635658860207e-05,1.155848804046399891e-04,1.897236361401155591e-04,2.240801841253414750e-04,2.293131256010383368e-04,1.981440727831795812e-04,1.620999828446656466e-04,1.262998121092095971e-04,9.379217226523905993e-05,6.092796320444904268e-05,3.799507248913869262e-05,2.423978185106534511e-05,1.488397901994176209e-05,8.627980605524498969e-06,1.171609255834482610e-05,-6.391241186065599322e-06,-2.069570882667903788e-06,-1.202898936014662468e-08
-1.793919545889366418e-05,2.884022978832945228e-05,1.406058727297931910e-04,3.606566169764846563e-04,7.994478801265358925e-04,1.162013504654169083e-03,1.538365613669157028e-03,1.714268350042402744e-03,1.841824501752853394e-03,1.723137800581753254e-03,1.566811581142246723e-03,1.201835693791508675e-03,8.855109917931258678e-04,5.400832742452621460e-04,3.346676239743828773e-04,1.745449990266934037e-04,7.875494338804855943e-05,8.299831279146019369e-06,-9.479559594183228910e-06,-3.138391321044764481e-06
-8.445073831353511196e-07,4.579774213198106736e-06,6.407311593648046255e-05,1.826573861762881279e-04,2.940293925348669291e-04,3.213449090253561735e-04,2.815969637595117092e-04,1.846881787059828639e-04,8.950719347922131419e-05,1.702006738923955709e-05,-1.193708067148691043e-05,-1.735984733386430889e-05,-8.831403647491242737e-06,9.572971066518221051e-06,1.334380613116081804e-05,7.951274710649158806e-06,7.860226105549372733e-06,1.454701305192429572e-06,4.910656912215927150e-07,1.693446506578766275e-06
9.958897862816229463e-06,6.604323971259873360e-06,2.418225485598668456e-04,6.998302997089922428e-04,1.188862719573080540e-03,1.374984276480972767e-03,1.245618448592722416e-03,8.787938859313726425e-04,4.915872705169022083e-04,1.443446089979261160e-04,-5.017637522541917861e-05,-9.648124250816181302e-05,-6.749737076461315155e-05,-1.002735280053457245e-05,1.054902713804040104e-05,5.168552888790145516e-06,4.061175502556579886e-07,2.362970008107367903e-05,3.091758117079734802e-06,-9.446505089272250189e-08
2.517263055779039860e-06,1.401717872795416042e-05,3.443797759246081114e-04,1.178301637992262840e-03,2.060268539935350418e-03,2.546809380874037743e-03,2.514396561309695244e-03,2.067582448944449425e-03,1.498340046964585781e-03,8.916700608097016811e-04,3.941828617826104164e-04,1.054551321431063116e-04,2.475209839758463204e-06,-2.226641663582995534e-05,-1.380915546178584918e-05,-1.608997877156070899e-06,-8.900453394744545221e-06,2.210701495641842484e-05,-7.690663892390148249e-07,-5.161727472113852855e-07
