1.934619376697810367e-06,2.564889278744431067e-08,2.552767982706427574e-04,7.537694764323532581e-04,1.109407283365726471e-03,1.182899461127817631e-03,9.956259746104478836e-04,6.762200500816106796e-04,4.063682281412184238e-04,1.974306942429393530e-04,9.332876652479171753e-05,2.758340451691765338e-05,1.367856293654767796e-05,1.049565798894036561e-05,-6.490977284556720406e-07,-2.755556124611757696e-06,-5.853886705153854564e-06,-6.883026912873901892e-07,-3.120385827060090378e-06,1.733021690597524866e-06
1.875747443591535557e-06,1.620700231796945445e-07,2.552964433562010527e-04,7.541878730989992619e-04,1.110018580220639706e-03,1.183583866804838181e-03,9.964903583750128746e-04,6.768165039829909801e-04,4.066382534801959991e-04,1.975900086108595133e-04,9.327138104708865285e-05,2.736896203714422882e-05,1.366203832731116563e-05,1.039094877341995016e-05,-5.555287998504354618e-07,-2.803389634209452197e-06,-5.892768513149349019e-06,-7.657657761228620075e-07,-3.306985718154464848e-06,1.609037667549273465e-06
1.879835735962842591e-06,1.194868275433691451e-07,2.552402729634195566e-04,7.539494545198976994e-04,1.109706354327499866e-03,1.183333341032266617e-03,9.962851181626319885e-04,6.767765735276043415e-04,4.067160480190068483e-04,1.976888161152601242e-04,9.339032840216532350e-05,2.748020779108628631e-05,1.372895712847821414e-05,1.043699103320250288e-05,-5.622852654596499633e-07,-2.790091684801154770e-06,-5.873510417586658150e-06,-7.617635446877102368e-07,-3.284736749264993705e-06,1.632276621421624441e-06
1.970564426301280037e-06,-6.614487801925861277e-08,2.552773221395909786e-04,7.535326294600963593e-04,1.109067583456635475e-03,1.182534149847924709e-03,9.951695101335644722e-04,6.759212119504809380e-04,4.062432562932372093e-04,1.973624457605183125e-04,9.338114614365622401e-05,2.769611455732956529e-05,1.369599249301245436e-05,1.055967277352465317e-05,-7.065387990223825909e-07,-2.745378424151567742e-06,-5.846807198395254090e-06,-6.481079140030487906e-07,-3.024589886990725063e-06,1.789827933862397913e-06
1.886915015347767621e-06,1.275559071700627101e-07,2.552765072323381901e-04,7.540447404608130455e-04,1.109818113036453724e-03,1.183381536975502968e-03,9.962660260498523712e-04,6.766825681552290916e-04,4.065955581609159708e-04,1.975754712475463748e-04,9.330641478300094604e-05,2.744250741670839489e-05,1.367296863463707268e-05,1.042302028508856893e-05,-5.726567451347364113e-07,-2.786562845358275808e-06,-5.873531790712149814e-06,-7.462709277206158731e-07,-3.261971187384915538e-06,1.642648044253292028e-06
1.919072929013054818e-06,4.426155442160961684e-08,2.552631776779890060e-04,7.538024801760911942e-04,1.109468052163720131e-03,1.182991196401417255e-03,9.957923321053385735e-04,6.763606797903776169e-04,4.064478562213480473e-04,1.974947808776050806e-04,9.334884816780686378e-05,2.756059620878659189e-05,1.368263019685400650e-05,1.048074682330479845e-05,-6.290756573434919119e-07,-2.767842715911683626e-06,-5.859072189196012914e-06,-7.057749371597310528e-07,-3.152403905914979987e-06,1.707286742202995811e-06
1.858727046055719256e-06,2.172409665490704356e-07,2.553077356424182653e-04,7.543699466623365879e-04,1.110282610170543194e-03,1.183871529065072536e-03,9.968619560822844505e-04,6.770599284209311008e-04,4.067422996740788221e-04,1.976558560272678733e-04,9.324995335191488266e-05,2.728474100877065212e-05,1.364992385788355023e-05,1.035732748277951032e-05,-5.200463988330739085e-07,-2.820517465806915425e-06,-5.906023488932987675e-06,-8.026468094612937421e-07,-3.383760258657275699e-06,1.557352561576408334e-06
1.904688474496651907e-06,6.110978034712388762e-08,2.552626538090407848e-04,7.538332720287144184e-04,1.109523233026266098e-03,1.183085609227418900e-03,9.959079325199127197e-04,6.764688296243548393e-04,4.065320244990289211e-04,1.975542108993977308e-04,9.336427319794893265e-05,2.754837441898416728e-05,1.371122652926715091e-05,1.047312434820923954e-05,-6.135615535640681628e-07,-2.769047569017857313e-06,-5.865398179594194517e-06,-7.278949283318070229e-07,-3.193803649992332794e-06,1.691105580903240480e-06
1.909465481730876490e-06,7.683909331035465584e-08,2.552893711254000664e-04,7.539361249655485153e-04,1.109648612327873707e-03,1.183159416541457176e-03,9.959473973140120506e-04,6.764298886992037296e-04,4.064470704179257154e-04,1.974744664039462805e-04,9.329324529971927404e-05,2.750181010924279690e-05,1.366051037621218711e-05,1.045315002556890249e-05,-6.147880640128278174e-07,-2.770769015114638023e-06,-5.868711923540104181e-06,-7.217409461190982256e-07,-3.183303078913013451e-06,1.691019519967085216e-06
1.925926426338264719e-06,5.332043429007171653e-08,2.552900114096701145e-04,7.538675563409924507e-04,1.109538716264069080e-03,1.183012849651277065e-03,9.957411093637347221e-04,6.762610864825546741e-04,4.063490487169474363e-04,1.974107290152460337e-04,9.329034219263121486e-05,2.754333945631515235e-05,1.365284970233915374e-05,1.047857313096756116e-05,-6.376396868290612474e-07,-2.753253738774219528e-06,-5.853520633536390960e-06,-7.070659648888977244e-07,-3.135491169814486057e-06,1.721660396469815169e-06
1.878340299299452454e-06,1.614029798702176777e-07,2.552926307544112206e-04,7.541861850768327713e-04,1.110016251914203167e-03,1.183580956421792507e-03,9.965121280401945114e-04,6.768287857994437218e-04,4.066410765517503023e-04,1.975990453502163291e-04,9.327760199084877968e-05,2.737038084887899458e-05,1.365523803542600945e-05,1.039731796481646597e-05,-5.559053306569694541e-07,-2.803497181957936846e-06,-5.888594387215562165e-06,-7.701553386141313240e-07,-3.305866812297608703e-06,1.608004822628572583e-06
1.916824430736596696e-06,8.733964307339192601e-08,2.553016238380223513e-04,7.539946818724274635e-04,1.109718228690326214e-03,1.183208194561302662e-03,9.959877934306859970e-04,6.764255813322961330e-04,4.064232343807816505e-04,1.974495098693296313e-04,9.327218140242621303e-05,2.747771031863521785e-05,1.364329636999173090e-05,1.045438784785801545e-05,-6.129160396994848270e-07,-2.773178948700660840e-06,-5.866194442205596715e-06,-7.194600470938894432e-07,-3.189371000189566985e-06,1.685080633251345716e-06
1.878329612736706622e-06,1.344199915820354363e-07,2.552621299400925636e-04,7.540318183600902557e-04,1.109809963963925838e-03,1.183408079668879509e-03,9.963348275050520897e-04,6.767688901163637638e-04,4.066740511916577816e-04,1.976395433302968740e-04,9.334232890978455544e-05,2.744453013292513788e-05,1.369749861623859033e-05,1.042346684698713943e-05,-5.605638762062881142e-07,-2.791598035400966182e-06,-5.877125204278854653e-06,-7.554373837592720520e-07,-3.285726506874198094e-06,1.629565417715639342e-06
1.913231017169891857e-06,8.800668638286879286e-08,2.552994992583990097e-04,7.540026563219726086e-04,1.109746750444173813e-03,1.183269894681870937e-03,9.960884926840662956e-04,6.765302387066185474e-04,4.064982931595295668e-04,1.975044579012319446e-04,9.329589374829083681e-05,2.746316567936446518e-05,1.366193009744165465e-05,1.044390864990418777e-05,-6.078917067497968674e-07,-2.789123527691117488e-06,-5.882311143068363890e-06,-7.253988769662100822e-07,-3.216440063624759205e-06,1.663089733483502641e-06
1.886420136543165427e-06,1.257914732377685141e-07,2.552771184127777815e-04,7.540475926361978054e-04,1.109822071157395840e-03,1.183382701128721237e-03,9.962740587070584297e-04,6.766836158931255341e-04,4.065903776790946722e-04,1.975768391275778413e-04,9.330744796898216009e-05,2.744349876593332738e-05,1.366991364193381742e-05,1.042352596414275467e-05,-5.726352014789881650e-07,-2.787767925838124938e-06,-5.874736871191998944e-06,-7.521236398133623879e-07,-3.258614469814347103e-06,1.641959556764049921e-06
1.867366336227860302e-06,1.751311629050178453e-07,2.552864898461848497e-04,7.541961385868489742e-04,1.110031385906040668e-03,1.183604123070836067e-03,9.965304052457213402e-04,6.768462480977177620e-04,4.066611290909349918e-04,1.976094645215198398e-04,9.328030864708125591e-05,2.737089744186960161e-05,1.366750348097411916e-05,1.039246581058250740e-05,-5.422739945970533881e-07,-2.797967226797481999e-06,-5.883322501176735386e-06,-7.735551434961962514e-07,-3.318433073218329810e-06,1.605724037290201522e-06
1.882891297100286465e-06,1.248016587851452641e-07,2.552614314481616020e-04,7.540191872976720333e-04,1.109791104681789875e-03,1.183375949040055275e-03,9.962980402633547783e-04,6.767271552234888077e-04,4.066353139933198690e-04,1.976181956706568599e-04,9.333423804491758347e-05,2.744922130659688264e-05,1.368844004900893196e-05,1.042105213855393231e-05,-5.629846100418944843e-07,-2.790328380797291175e-06,-5.873316695215180516e-06,-7.522958185290917754e-07,-3.267996135036810301e-06,1.633825831959256902e-06
1.880481363514263649e-06,1.526883721680860617e-07,2.552858786657452583e-04,7.541354862041771412e-04,1.109947916120290756e-03,1.183521235361695290e-03,9.964354103431105614e-04,6.767936865799129009e-04,4.066447727382183075e-04,1.976078347070142627e-04,9.329843305749818683e-05,2.740171112236566842e-05,1.367148433928377926e-05,1.040969073073938489e-05,-5.567122229876986239e-07,-2.794782631099224091e-06,-5.882978257432114333e-06,-7.694667942814703565e-07,-3.300702701380942017e-06,1.616482791177986655e-06
1.938847617566352710e-06,1.437370844570295958e-08,2.552651567384600639e-04,7.537054480053484440e-04,1.109312288463115692e-03,1.182807260192930698e-03,9.955192217603325844e-04,6.761645199730992317e-04,4.063571395818144083e-04,1.974273909581825137e-04,9.334460628451779485e-05,2.760599818429909647e-05,1.368521225231233984e-05,1.050756873155478388e-05,-6.552302238560514525e-07,-2.748154201981378719e-06,-5.846161911904346198e-06,-6.801259928579383995e-07,-3.104850065938080661e-06,1.746018256199022289e-06
1.861481337073200848e-06,1.925173194194940152e-07,2.553094818722456694e-04,7.542893872596323490e-04,1.110152923502027988e-03,1.183696207590401173e-03,9.966080542653799057e-04,6.768481689505279064e-04,4.066020774189382792e-04,1.975552877411246300e-04,9.321565448772162199e-05,2.733143446675967425e-05,1.362453258479945362e-05,1.037007677950896323e-05,-5.433068395177542698e-07,-2.795341970340814441e-06,-5.886399321752833202e-06,-7.843999583201366477e-07,-3.316840775369200855e-06,1.604820226930314675e-06
1.915479515446349978e-06,7.767827270299676456e-08,2.552815712988376617e-04,7.539239013567566872e-04,1.109630917198956013e-03,1.183145097456872463e-03,9.959412273019552231e-04,6.764299469068646431e-04,4.064566455781459808e-04,1.974844490177929401e-04,9.330445755040273070e-05,2.750955718511249870e-05,1.366421111015370116e-05,1.045848694047890604e-05,-6.105490797381207813e-07,-2.769779257505433634e-06,-5.860384590050671250e-06,-7.148983627303096000e-07,-3.184981324011459947e-06,1.690287831479508895e-06
1.910595074150478467e-06,9.265447431516804500e-08,2.552990627009421587e-04,7.540137739852070808e-04,1.109763397835195065e-03,1.183286542072892189e-03,9.961103787645697594e-04,6.765439757145941257e-04,4.065030370838940144e-04,1.975066988961771131e-04,9.329266322311013937e-05,2.745791425695642829e-05,1.366046672046650201e-05,1.043968586600385606e-05,-6.054386858522775583e-07,-2.789446170936571434e-06,-5.882676759938476607e-06,-7.276367455233412329e-07,-3.220098051315289922e-06,1.660808834458293859e-06
1.880567424450418912e-06,1.621345688818109920e-07,2.553000813350081444e-04,7.542025996372103691e-04,1.110035344026982784e-03,1.183599466457962990e-03,9.965192293748259544e-04,6.768332677893340588e-04,4.066462570335716009e-04,1.975969789782539010e-04,9.327731822850182652e-05,2.736272108450066298e-05,1.365949901810381562e-05,1.039863036567112431e-05,-5.580247943726135418e-07,-2.807714508890057914e-06,-5.895092726859729737e-06,-7.703705477979383431e-07,-3.313785327918594703e-06,1.602969746272719931e-06
1.927992116179666482e-06,7.358994302819610311e-09,2.552318328525871038e-04,7.536179036833345890e-04,1.109218108467757702e-03,1.182772219181060791e-03,9.955554269254207611e-04,6.762646371498703957e-04,4.064701497554779053e-04,1.975276099983602762e-04,9.341668919660151005e-05,2.764580494840629399e-05,1.372525639453670010e-05,1.051545950758736581e-05,-6.382852006936445832e-07,-2.755469949988764711e-06,-5.844268343935254961e-06,-6.819334998908743728e-07,-3.122107273156871088e-06,1.738013793328718748e-06
1.950843625309062190e-06,-1.222195589178909358e-08,2.552855003159493208e-04,7.536971243098378181e-04,1.109296688809990883e-03,1.182762207463383675e-03,9.954469278454780579e-04,6.760807591490447521e-04,4.062846710439771414e-04,1.973762991838157177e-04,9.332894114777445793e-05,2.761352880042977631e-05,1.366791184409521520e-05,1.051904291671235114e-05,-6.780711032661201898e-07,-2.751790589172742330e-06,-5.852057711308589205e-06,-6.730682571287616156e-07,-3.073735797443077900e-06,1.757465611262887251e-06
1.909691263790591620e-06,8.064769474458444165e-08,2.552854421082884073e-04,7.539381040260195732e-04,1.109656412154436111e-03,1.183187705464661121e-03,9.959931485354900360e-04,6.764784920960664749e-04,4.064899403601884842e-04,1.975088089238852262e-04,9.331327601103112102e-05,2.749531267909333110e-05,1.367770255455980077e-05,1.045620047079864889e-05,-6.117325597188028041e-07,-2.773695314317592420e-06,-5.870906989002833143e-06,-7.302188009816745762e-07,-3.201377694495022297e-06,1.679012711974792182e-06
1.901374844237579964e-06,7.617205000087778899e-08,2.552557562012225389e-04,7.538599311374127865e-04,1.109557226300239563e-03,1.183120883069932461e-03,9.959719609469175339e-04,6.765153957530856133e-04,4.065512330271303654e-04,1.975634659174829721e-04,9.335833601653575897e-05,2.752715772658120841e-05,1.369711117149563506e-05,1.046518445946276188e-05,-6.037064963493321557e-07,-2.773910637188237160e-06,-5.863849310117075220e-06,-7.233331871248083189e-07,-3.203357437087106518e-06,1.682670699665322900e-06
1.914210088216350414e-06,6.498293458889747853e-08,2.552976366132497787e-04,7.539351936429738998e-04,1.109645236283540726e-03,1.183159649372100830e-03,9.959455346688628197e-04,6.764298886992037296e-04,4.064553359057754278e-04,1.974804035853594542e-04,9.330204193247482181e-05,2.749509621935430914e-05,1.367342065350385383e-05,1.046072429744526744e-05,-6.262891929509351030e-07,-2.776363544398918748e-06,-5.878265710634877905e-06,-7.257431775542499963e-07,-3.187434458595816977e-06,1.686371660980512388e-06
1.890637577162124217e-06,1.316227127290403587e-07,2.552910591475665569e-04,7.540813530795276165e-04,1.109860022552311420e-03,1.183398184366524220e-03,9.962515905499458313e-04,6.766464211978018284e-04,4.065496032126247883e-04,1.975325139937922359e-04,9.327319276053458452e-05,2.742503602348733693e-05,1.365334446745691821e-05,1.041637187881860882e-05,-5.808333867207693402e-07,-2.785702235996723175e-06,-5.878179763385560364e-06,-7.445064511557575315e-07,-3.253665454394649714e-06,1.646865484872250818e-06
1.909949560285895132e-06,8.899649373006468522e-08,2.552902733441442251e-04,7.539722137153148651e-04,1.109700184315443039e-03,1.183210755698382854e-03,9.960124734789133072e-04,6.764673744328320026e-04,4.064607783220708370e-04,1.974816987058147788e-04,9.329021122539415956e-05,2.748502629401627928e-05,1.365726075164275244e-05,1.044774944602977484e-05,-6.096776132835657336e-07,-2.774384029180509970e-06,-5.867442723683780059e-06,-7.231610652524977922e-07,-3.195654016963089816e-06,1.680949253568542190e-06
1.956933147084782831e-06,-3.795691938535128429e-08,2.552740043029189110e-04,7.536007324233651161e-04,1.109168748371303082e-03,1.182663370855152607e-03,9.953491389751434326e-04,6.760620162822306156e-04,4.063296655658632517e-04,1.974226470338180661e-04,9.338714880868792534e-05,2.765785575320478529e-05,1.370961308566620573e-05,1.054454605764476582e-05,-6.880874821035831701e-07,-2.751037527559674345e-06,-5.855134531884687021e-06,-6.716481379953620490e-07,-3.072616891586221755e-06,1.763232262419478502e-06
1.891821057142806239e-06,1.057586516139963351e-07,2.552607620600610971e-04,7.539512589573860168e-04,1.109696691855788231e-03,1.183287356980144978e-03,9.961725445464253426e-04,6.766665028408169746e-04,4.066404653713107109e-04,1.976187195396050811e-04,9.336242510471493006e-05,2.748687802522908896e-05,1.371312009723624215e-05,1.044603868649573997e-05,-5.767665811617916916e-07,-2.790285407172632404e-06,-5.874736871191998944e-06,-7.388688914033991750e-07,-3.257280241086846218e-06,1.650179228818160482e-06
1.847537987487157807e-06,2.223621322627877817e-07,2.552871883381158113e-04,7.543342071585357189e-04,1.110233133658766747e-03,1.183827640488743782e-03,9.968311060220003128e-04,6.770497420802712440e-04,4.067390400450676680e-04,1.976592175196856260e-04,9.325018618255853653e-05,2.729885636654216796e-05,1.364620129606919363e-05,1.035147488437360153e-05,-5.087389354230253957e-07,-2.811738340824376792e-06,-5.892338322155410424e-06,-7.989027608346077614e-07,-3.373388835825608112e-06,1.566562104926561005e-06
1.921063358167884871e-06,4.053902102896245196e-08,2.552548248786479235e-04,7.537670317105948925e-04,1.109427656047046185e-03,1.182988286018371582e-03,9.958024602383375168e-04,6.764132413081824780e-04,4.065212851855903864e-04,1.975517079699784517e-04,9.339065582025796175e-05,2.756911817414220423e-05,1.371804773953044787e-05,1.048896137945121154e-05,-6.250734259083401412e-07,-2.773652340692933649e-06,-5.863762908120406792e-06,-7.084431103976385202e-07,-3.173921413690550253e-06,1.697388711363601033e-06
1.878609282357501797e-06,1.442104746729455655e-07,2.552892547100782394e-04,7.541162776760756969e-04,1.109907752834260464e-03,1.183456741273403168e-03,9.963314514607191086e-04,6.766918813809752464e-04,4.065739340148866177e-04,1.975535269593819976e-04,9.327149018645286560e-05,2.741315802268218249e-05,1.366117703582858667e-05,1.041189079842297360e-05,-5.670406721947074402e-07,-2.782345518426154740e-06,-5.873811915080295876e-06,-7.594826456625014544e-07,-3.270061824878212065e-06,1.640195023355772719e-06
1.893165858746215235e-06,1.252104908644469106e-07,2.552873047534376383e-04,7.540594669990241528e-04,1.109830569475889206e-03,1.183377229608595371e-03,9.962354088202118874e-04,6.766462465748190880e-04,4.065617104060947895e-04,1.975461636902764440e-04,9.328821033705025911e-05,2.743390177784021944e-05,1.366229571431176737e-05,1.042238545778673142e-05,-5.809624781250022352e-07,-2.786670393106760457e-06,-5.877856892766430974e-06,-7.439900286954070907e-07,-3.254396915508550592e-06,1.646435180191474501e-06
1.897351012303261086e-06,1.022082543045144121e-07,2.552717633079737425e-04,7.539873477071523666e-04,1.109740114770829678e-03,1.183304470032453537e-03,9.961966425180435181e-04,6.766451988369226456e-04,4.065877292305231094e-04,1.975835621124133468e-04,9.333287744084373116e-05,2.746621976257301867e-05,1.368327593809226528e-05,1.043815791490487754e-05,-5.850831144016410690e-07,-2.790048711176495999e-06,-5.875985152670182288e-06,-7.414509468617325183e-07,-3.244929303036769852e-06,1.647597059672989417e-06
1.944947825904819183e-06,1.521289227923716680e-08,2.552834048401564360e-04,7.537640631198883057e-04,1.109393313527107239e-03,1.182879670523107052e-03,9.955993155017495155e-04,6.762000848539173603e-04,4.063560918439179659e-04,1.974206243176013231e-04,9.333316120319068432e-05,2.757647598627954721e-05,1.367316235700855032e-05,1.050607806973857805e-05,-6.576939881597354542e-07,-2.761903715509106405e-06,-5.857264568476239219e-06,-6.810727768424840178e-07,-3.116340622000279836e-06,1.730826852508471347e-06
1.837510808400111273e-06,2.363700417618019856e-07,2.552832302171736956e-04,7.543436950072646141e-04,1.110241748392581940e-03,1.183824148029088974e-03,9.968159720301628113e-04,6.770215113647282124e-04,4.067100235261023045e-04,1.976345083676278591e-04,9.322774712927639484e-05,2.730328924371860921e-05,1.363363480777479708e-05,1.034545493894256651e-05,-5.020361868446343578e-07,-2.797041815938428044e-06,-5.877921466890256852e-06,-7.994622137630358338e-07,-3.366976670804433525e-06,1.578310616423550528e-06
1.940665924848872237e-06,2.037709911917318095e-08,2.552570949774235487e-04,7.537237834185361862e-04,1.109357108362019062e-03,1.182892476208508015e-03,9.956790599972009659e-04,6.763143464922904968e-04,4.064672102686017752e-04,1.975162158487364650e-04,9.339241660200059414e-05,2.759029121079947799e-05,1.371043072140309960e-05,1.051379240379901603e-05,-6.434063379856524989e-07,-2.768036210909485817e-06,-5.856748430232983083e-06,-6.920037094459985383e-07,-3.146938524878351018e-06,1.714731752144871280e-06
1.910821083583869040e-06,8.125018524651750340e-08,2.552982768975198269e-04,7.539778598584234715e-04,1.109710778109729290e-03,1.183233223855495453e-03,9.960439056158065796e-04,6.764992140233516693e-04,4.064909007865935564e-04,1.975056220544502139e-04,9.330673492513597012e-05,2.748227234405931085e-05,1.367150525766192004e-05,1.045771205099299550e-05,-6.128299787633295637e-07,-2.782001274681533687e-06,-5.878782303625484928e-06,-7.330591529353114311e-07,-3.208521548003773205e-06,1.672772668825928122e-06
1.915017037390498444e-06,8.189571332195555442e-08,2.552879159338772297e-04,7.539468933828175068e-04,1.109660719521343708e-03,1.183172687888145447e-03,9.959664894267916679e-04,6.764453719370067120e-04,4.064555105287581682e-04,1.974754995899274945e-04,9.329120075562968850e-05,2.749100895016454160e-05,1.365431307931430638e-05,1.045390854415018111e-05,-6.126793437033484224e-07,-2.773803089439752512e-06,-5.865269031346542761e-06,-7.142097615542297717e-07,-3.191479663655627519e-06,1.685812208052084316e-06
1.943463075804174878e-06,8.004520601900821930e-09,2.552700170781463385e-04,7.537343772128224373e-04,1.109374221414327621e-03,1.182908890768885612e-03,9.956896537914872169e-04,6.763139972463250160e-04,4.064570530317723751e-04,1.975110935745760798e-04,9.339009557152166963e-05,2.758323353191372007e-05,1.371215239487355575e-05,1.051130675477907062e-05,-6.544017878695740364e-07,-2.775632083285017870e-06,-5.870433597010560334e-06,-7.009980436123441905e-07,-3.143926051052403636e-06,1.709438492980552837e-06
1.931316546688321978e-06,3.296485218129419081e-08,2.552795049268752337e-04,7.538030040450394154e-04,1.109459786675870419e-03,1.182963489554822445e-03,9.957144502550363541e-04,6.762866396456956863e-04,4.063977685291320086e-04,1.974497135961428285e-04,9.332743502454832196e-05,2.755913374130614102e-05,1.367434560961555690e-05,1.048413560056360438e-05,-6.416526616703777108e-07,-2.765884573818766512e-06,-5.861482350155711174e-06,-6.926492233105818741e-07,-3.136825171168311499e-06,1.716926590233924799e-06
1.865978447312954813e-06,1.705694501197285717e-07,2.552819205448031425e-04,7.541762897744774818e-04,1.110017881728708744e-03,1.183620654046535492e-03,9.965820936486124992e-04,6.769176106899976730e-04,4.067221598234027624e-04,1.976635248865932226e-04,9.331183537142351270e-05,2.737903196248225868e-05,1.368577159155393019e-05,1.039641392708290368e-05,-5.419727244770911057e-07,-2.804121095323353074e-06,-5.892510216654045507e-06,-7.847872893762541935e-07,-3.336378767926362343e-06,1.595309527147037443e-06
1.918416728585725650e-06,7.754916708790915436e-08,2.552978985477238894e-04,7.539632497355341911e-04,1.109681325033307076e-03,1.183177344501018524e-03,9.959597373381257057e-04,6.764138815924525261e-04,4.064228851348161697e-04,1.974584156414493918e-04,9.328517626272514462e-05,2.749303166638128459e-05,1.365173102385597304e-05,1.045831504598027095e-05,-6.192636874402523972e-07,-2.769865204754751176e-06,-5.866108494956279173e-06,-7.237205181809258647e-07,-3.182485443176119588e-06,1.687834924268827308e-06
1.932435452545178123e-06,1.637483926231197984e-08,2.552664373070001602e-04,7.537187775596976280e-04,1.109343138523399830e-03,1.182850566692650318e-03,9.955884888768196106e-04,6.762200500816106796e-04,4.063856322318315506e-04,1.974516198970377445e-04,9.335588401881977916e-05,2.760741881502326578e-05,1.368596531392540783e-05,1.050573428074130788e-05,-6.469567779276985675e-07,-2.756653429969446734e-06,-5.851132300449535251e-06,-6.851180955891322810e-07,-3.114188757535885088e-06,1.736722651912714355e-06
1.888625661194964778e-06,1.241346154756683973e-07,2.552692021708935499e-04,7.540105725638568401e-04,1.109762466512620449e-03,1.183317042887210846e-03,9.961776668205857277e-04,6.766197620891034603e-04,4.065675020683556795e-04,1.975588966161012650e-04,9.330985631095245481e-05,2.745989513641688973e-05,1.367673394270241261e-05,1.042836720444029197e-05,-5.754540097768767737e-07,-2.777697773126419634e-06,-5.865699677087832242e-06,-7.430432447108614724e-07,-3.244757181164459325e-06,1.654826974117895588e-06
1.937588876899098977e-06,1.377121794376989783e-08,2.552589576225727797e-04,7.537203491665422916e-04,1.109355944208800793e-03,1.182908308692276478e-03,9.957103757187724113e-04,6.763518904335796833e-04,4.064998356625437737e-04,1.975412596948444843e-04,9.340791439171880484e-05,2.759024755505379289e-05,1.372293263557367027e-05,1.051048911904217675e-05,-6.404584382835309952e-07,-2.778257112368009984e-06,-5.865656476089498028e-06,-6.950591568966046907e-07,-3.157826313326950185e-06,1.705651357042370364e-06
1.905893554976501036e-06,9.114824450762171182e-08,2.552738005761057138e-04,7.539399084635078907e-04,1.109663164243102074e-03,1.183206448331475258e-03,9.960432071238756180e-04,6.765266880393028259e-04,4.065254761371761560e-04,1.975369523279368877e-04,9.332334593636915088e-05,2.749724808381870389e-05,1.367660479445476085e-05,1.045543103828094900e-05,-5.973158181404869538e-07,-2.774276481432025321e-06,-5.863849310117075220e-06,-7.281531679836916737e-07,-3.213900981791084632e-06,1.675354724284261465e-06
1.901676114357542247e-06,1.133758544824559067e-07,2.552940568421036005e-04,7.540557417087256908e-04,1.109825330786406994e-03,1.183368149213492870e-03,9.962224867194890976e-04,6.766333244740962982e-04,4.065586254000663757e-04,1.975465420400723815e-04,9.329884051112458110e-05,2.743368531810119748e-05,1.366967626381665468e-05,1.043233260134002194e-05,-5.908390221520676278e-07,-2.791253791656345129e-06,-5.884075562789803371e-06,-7.439900286954070907e-07,-3.251384441682603210e-06,1.643121436245564837e-06
1.961129100891412236e-06,-4.738159731232371996e-08,2.552764490246772766e-04,7.535809418186545372e-04,1.109133474528789520e-03,1.182604348286986351e-03,9.952601976692676544e-04,6.759747047908604145e-04,4.062665975652635098e-04,1.973771140910685062e-04,9.336879156762734056e-05,2.767136902548372746e-05,1.369625078950775787e-05,1.055015127349179238e-05,-6.950699571461882442e-07,-2.742021706580999307e-06,-5.844806310051353648e-06,-6.620513204325106926e-07,-3.044385948669514619e-06,1.781220930752169807e-06
1.878340299299452454e-06,1.498265476129745366e-07,2.552900696173310280e-04,7.541417726315557957e-04,1.109949545934796333e-03,1.183507847599685192e-03,9.964074706658720970e-04,6.767560844309628010e-04,4.066063847858458757e-04,1.975768391275778413e-04,9.327731822850182652e-05,2.739620322245173156e-05,1.365887510473839939e-05,1.040246024786029011e-05,-5.601550583378411829e-07,-2.794997726596193388e-06,-5.883429821551544592e-06,-7.637000862814602442e-07,-3.285554385001887567e-06,1.624272158551320899e-06
1.917319423228036612e-06,7.135211887998593738e-08,2.552915539126843214e-04,7.539348443970084190e-04,1.109645469114184380e-03,1.183168613351881504e-03,9.959742892533540726e-04,6.764610880054533482e-04,4.064812383148819208e-04,1.975009363377466798e-04,9.331605542683973908e-05,2.749767918430734426e-05,1.367077402392169461e-05,1.046603392751421779e-05,-6.137659624982916284e-07,-2.780193653961759992e-06,-5.870411769137717783e-06,-7.189866551016166341e-07,-3.197633759555174038e-06,1.680346827015455347e-06
1.856725930338143371e-06,2.222760571157778031e-07,2.553026133682578802e-04,7.543562678620219231e-04,1.110249315388500690e-03,1.183809828944504261e-03,9.967604419216513634e-04,6.769630708731710911e-04,4.066688707098364830e-04,1.976001658476889133e-04,9.321937250206246972e-05,2.729541483859065920e-05,1.363060073344968259e-05,1.035359400702873245e-05,-5.219829404268239159e-07,-2.802034032356459647e-06,-5.889713065698742867e-06,-7.955890737321169581e-07,-3.356820343469735235e-06,1.578181581862736493e-06
1.897673769235552754e-06,9.895911290414005634e-08,2.552820660639554262e-04,7.539651123806834221e-04,1.109691918827593327e-03,1.183208543807268143e-03,9.960129391402006149e-04,6.764723802916705608e-04,4.064606910105794668e-04,1.974824263015761971e-04,9.328027226729318500e-05,2.749737723206635565e-05,1.364891249977517873e-05,1.044127293425844982e-05,-5.958418682894262020e-07,-2.763367092484259047e-06,-5.857910309714497998e-06,-7.260014172061346471e-07,-3.195094677721499465e-06,1.688609472694224678e-06
1.881772391243430320e-06,1.294279314834057004e-07,2.552753721829503775e-04,7.540317601524293423e-04,1.109794713556766510e-03,1.183348824270069599e-03,9.962078183889389038e-04,6.766322767361998558e-04,4.065651737619191408e-04,1.975558407139033079e-04,9.329834574600681663e-05,2.745688107097521424e-05,1.367202185065252706e-05,1.042917483573546633e-05,-5.751957701249921229e-07,-2.773243522824486718e-06,-5.866861556569347158e-06,-7.520806093452847563e-07,-3.248544317102641799e-06,1.657236907703918405e-06
1.880588911262748297e-06,1.566476015568696312e-07,2.553026133682578802e-04,7.541939849033951759e-04,1.110019045881927013e-03,1.183567568659782410e-03,9.964689379557967186e-04,6.767805316485464573e-04,4.066046676598489285e-04,1.975683262571692467e-04,9.326406870968639851e-05,2.736973510764073581e-05,1.365330172120593488e-05,1.039807648339774460e-05,-5.666103106705122627e-07,-2.799344201775966212e-06,-5.892467470403062180e-06,-7.697680644014326390e-07,-3.297130888313404284e-06,1.612480446055997163e-06
1.903548081827466376e-06,9.342910800569370622e-08,2.552820951677858829e-04,7.539756479673087597e-04,1.109718577936291695e-03,1.183263608254492283e-03,9.961117757484316826e-04,6.765685975551605225e-04,4.065380489919334650e-04,1.975439226953312755e-04,9.332015906693413854e-05,2.747633334365673363e-05,1.367948880215408280e-05,1.044618420564802364e-05,-5.999194172545685433e-07,-2.783442823783843778e-06,-5.875124315934954211e-06,-7.380081683550088201e-07,-3.224487727493396960e-06,1.661325313762063161e-06
1.889884515549056232e-06,1.365932718044859939e-07,2.552997029852122068e-04,7.541164522990584373e-04,1.109896344132721424e-03,1.183401443995535374e-03,9.962326148524880409e-04,6.765910075046122074e-04,4.064870299771428108e-04,1.974826882360503078e-04,9.324072016170248389e-05,2.741668686212506145e-05,1.362862076348392293e-05,1.040947518049506471e-05,-5.817586270495667122e-07,-2.780322802209411748e-06,-5.873854661331279203e-06,-7.408484634652268142e-07,-3.236494421798852272e-06,1.654138486628653482e-06
1.900664756249170750e-06,7.449368411016621394e-08,2.552655641920864582e-04,7.538823410868644714e-04,1.109587028622627258e-03,1.183141139335930347e-03,9.959788294509053230e-04,6.765023572370409966e-04,4.065261746291071177e-04,1.975440536625683308e-04,9.334435162600129843e-05,2.751721694949083030e-05,1.369059191347332671e-05,1.045632961904630065e-05,-6.029749215485935565e-07,-2.776234396151266992e-06,-5.867076652066316456e-06,-7.253128160300548188e-07,-3.200474111508810893e-06,1.679227921158599202e-06
1.917297822728869505e-06,6.496141935485866270e-08,2.552721125539392233e-04,7.538660429418087006e-04,1.109547330997884274e-03,1.183059532195329666e-03,9.958470473065972328e-04,6.763759884051978588e-04,4.064376116730272770e-04,1.974756742129102349e-04,9.331788169220089912e-05,2.753034277702681720e-05,1.366791184409521520e-05,1.047141904564341530e-05,-6.212002858774212655e-07,-2.763797283478197642e-06,-5.855887593497755006e-06,-7.083569926180643961e-07,-3.167035856677102856e-06,1.702552822280267719e-06
1.900288225442636758e-06,1.187982689998534624e-07,2.553011581767350435e-04,7.540914230048656464e-04,1.109867240302264690e-03,1.183387823402881622e-03,9.962348267436027527e-04,6.766083533875644207e-04,4.065124958287924528e-04,1.975094492081552744e-04,9.326714643975719810e-05,2.741952812357340008e-05,1.364484523946885020e-05,1.042262829287210479e-05,-5.894296464248327538e-07,-2.790199459923314862e-06,-5.880740445718402043e-06,-7.427420314343180507e-07,-3.240496653234004043e-06,1.646306031943822745e-06
1.881126877378846984e-06,1.554211053189646918e-07,2.553016820456832647e-04,7.541928789578378201e-04,1.110019162297248840e-03,1.183575601316988468e-03,9.964847704395651817e-04,6.767994491383433342e-04,4.066218971274793148e-04,1.975838240468874574e-04,9.327267616754397750e-05,2.736788519541732967e-05,1.366139258607290685e-05,1.039793642121367157e-05,-5.647813168252469040e-07,-2.801625214488012716e-06,-5.895157300983555615e-06,-7.743297487650124822e-07,-3.304188567199162208e-06,1.607015065019368194e-06
1.908604644995648414e-06,6.590818912854956579e-08,2.552590449340641499e-04,7.538494537584483624e-04,1.109543372876942158e-03,1.183103071525692940e-03,9.959480958059430122e-04,6.764921126887202263e-04,4.065352259203791618e-04,1.975592022063210607e-04,9.336152288597077131e-05,2.753417356871068478e-05,1.370020981994457543e-05,1.047142995957983658e-05,-6.072569362913782243e-07,-2.774771246549789794e-06,-5.862859325134195387e-06,-7.240648187689657789e-07,-3.195309773218468763e-06,1.684865424067538697e-06
1.902246253848716151e-06,8.127170048055631923e-08,2.552845980972051620e-04,7.539364160038530827e-04,1.109648961573839188e-03,1.183176995255053043e-03,9.959819726645946503e-04,6.764678400941193104e-04,4.064823733642697334e-04,1.974980841623619199e-04,9.330552711617201567e-05,2.749776467680931091e-05,1.367262484563980252e-05,1.045321459969272837e-05,-6.066543960514536593e-07,-2.774039785435888916e-06,-5.866280389454914257e-06,-7.211814363472512923e-07,-3.199053935531992465e-06,1.684305971139110625e-06
1.933392923092469573e-06,3.640765555701364065e-08,2.552990627009421587e-04,7.538609788753092289e-04,1.109529752284288406e-03,1.183015177957713604e-03,9.957503061741590500e-04,6.762851844541728497e-04,4.063746018800884485e-04,1.974222686840221286e-04,9.330084139946848154e-05,2.752823456830810755e-05,1.366137075820006430e-05,1.047887508320854977e-05,-6.463542376877740026e-07,-2.771156232483917847e-06,-5.869658707524649799e-06,-6.957047276046068873e-07,-3.143409458061796613e-06,1.710040919533639681e-06
1.961387170013040304e-06,-5.052315543707663892e-08,2.552591613493859768e-04,7.535369368270039558e-04,1.109085627831518650e-03,1.182580948807299137e-03,9.952698601409792900e-04,6.760181859135627747e-04,4.063155502080917358e-04,1.974226906895637512e-04,9.340648830402642488e-05,2.768871127045713365e-05,1.371417511109029874e-05,1.055574102792888880e-05,-6.937788725736027118e-07,-2.747573034866945818e-06,-5.845430223416769877e-06,-6.634714395659102593e-07,-3.050023451578454114e-06,1.775626401467889082e-06
1.919449459819588810e-06,5.183572326927787799e-08,2.552755468059331179e-04,7.538350182585418224e-04,1.109504024498164654e-03,1.183015061542391777e-03,9.957805741578340530e-04,6.763329729437828064e-04,4.064239328727126122e-04,1.974689075723290443e-04,9.332498302683234215e-05,2.755013883870560676e-05,1.367864933854434639e-05,1.047569003276294097e-05,-6.288174745350261219e-07,-2.761172254395205528e-06,-5.858598797203740105e-06,-7.067216643008578103e-07,-3.154813839501002803e-06,1.711116851765837055e-06
1.911628032758017071e-06,5.938837688290732331e-08,2.552469377405941486e-04,7.537885103374719620e-04,1.109453849494457245e-03,1.183000160381197929e-03,9.958165464922785759e-04,6.764029967598617077e-04,4.064917447976768017e-04,1.975286431843414903e-04,9.336261427961289883e-05,2.756864341790787876e-05,1.369302299281116575e-05,1.047883142746286467e-05,-6.116787858445604797e-07,-2.761989890132099390e-06,-5.849389253853587434e-06,-7.068508125485095661e-07,-3.167121803926420398e-06,1.706512080090760719e-06
1.890035036922199652e-06,1.164098222261600313e-07,2.552704827394336462e-04,7.539981743320822716e-04,1.109748263843357563e-03,1.183293410576879978e-03,9.961568284779787064e-04,6.765984580852091312e-04,4.065426182933151722e-04,1.975425839191302657e-04,9.330167813459411263e-05,2.746858808677643538e-05,1.366139258607290685e-05,1.042919029714539647e-05,-5.778424565505702049e-07,-2.778214138743351214e-06,-5.864064405614044517e-06,-7.345653898482851218e-07,-3.230168204026995227e-06,1.661411374698218424e-06
1.873929249995853752e-06,1.554856510210811393e-07,2.552852383814752102e-04,7.541482918895781040e-04,1.109965029172599316e-03,1.183523796498775482e-03,9.964397177100181580e-04,6.767765735276043415e-04,4.066116525791585445e-04,1.975842897081747651e-04,9.327768930234014988e-05,2.739482624747324735e-05,1.365728257951559499e-05,1.039820563164539635e-05,-5.587456257671874482e-07,-2.792716941257822327e-06,-5.883558969799196348e-06,-7.701553386141313240e-07,-3.286070750618819147e-06,1.621776050342305098e-06
1.951263129740254954e-06,-2.177573854567071976e-08,2.552587829995900393e-04,7.535972981713712215e-04,1.109163742512464523e-03,1.182645210064947605e-03,9.953303961083292961e-04,6.760366959497332573e-04,4.062969819642603397e-04,1.973980834009125829e-04,9.336601942777633667e-05,2.766745274129789323e-05,1.368424364045495167e-05,1.053381402016384527e-05,-6.720676992699736729e-07,-2.739998990364256315e-06,-5.835359843331389129e-06,-6.607172053918475285e-07,-3.056306695725652389e-06,1.774851739355653990e-06
1.926787035699817352e-06,4.129213593273561855e-08,2.552731893956661224e-04,7.538147037848830223e-04,1.109474804252386093e-03,1.182979205623269081e-03,9.957520524039864540e-04,6.763123092241585255e-04,4.064101667609065771e-04,1.974619372049346566e-04,9.332995250588282943e-05,2.755289278866257519e-05,1.367264576401794329e-05,1.048142985382582992e-05,-6.341107905427634250e-07,-2.765518729574978352e-06,-5.858168606209801510e-06,-6.975982387302792631e-07,-3.143538606309448369e-06,1.712838297862617765e-06
1.969058303075144067e-06,-6.489686654731485760e-08,2.552514197304844856e-04,7.534802425652742386e-04,1.108999131247401237e-03,1.182480249553918839e-03,9.951500687748193741e-04,6.759341922588646412e-04,4.062722728122025728e-04,1.973932085093110800e-04,9.340791439171880484e-05,2.771431718429084867e-05,1.370485733787063509e-05,1.056601558957481757e-05,-7.006429996181395836e-07,-2.740622903729672544e-06,-5.834477633470669389e-06,-6.446221050282474607e-07,-3.022524197149323300e-06,1.792582224879879504e-06
1.905936528601159807e-06,8.135777562756629777e-08,2.552908845245838165e-04,7.539625512436032295e-04,1.109688892029225826e-03,1.183215645141899586e-03,9.960390161722898483e-04,6.764990394003689289e-04,4.064948589075356722e-04,1.975136256078258157e-04,9.331129695056006312e-05,2.748967381194233894e-05,1.367212917102733627e-05,1.045851877279346809e-05,-6.073429972275334876e-07,-2.777374902507290244e-06,-5.871896519238362089e-06,-7.331882443395443261e-07,-3.206757128282333724e-06,1.676645752013428137e-06
1.883138679659168702e-06,1.293633715704345377e-07,2.552831429056823254e-04,7.540601654909551144e-04,1.109836855903267860e-03,1.183385145850479603e-03,9.962542681023478508e-04,6.766541046090424061e-04,4.065643006470054388e-04,1.975515042431652546e-04,9.329016756964847445e-05,2.744509038166143000e-05,1.366261858493089676e-05,1.042056737787788734e-05,-5.733345460612326860e-07,-2.782216370178502984e-06,-5.872542260476620868e-06,-7.474758945136272814e-07,-3.251857833674876019e-06,1.649834985073539428e-06
1.911057779580005445e-06,6.145405961888172897e-08,2.552736259531229734e-04,7.538609206676483154e-04,1.109537319280207157e-03,1.183059765025973320e-03,9.958428563550114632e-04,6.763787241652607918e-04,4.064518143422901630e-04,1.974870683625340462e-04,9.332440095022320747e-05,2.753374246822204441e-05,1.368381344946101308e-05,1.047201021719956771e-05,-6.186612040437466931e-07,-2.763453039733576588e-06,-5.858168606209801510e-06,-7.146401230784249492e-07,-3.172243168592103757e-06,1.703198449831688777e-06
1.881729303931933828e-06,1.623067191758309491e-07,2.553021186031401157e-04,7.541889790445566177e-04,1.110006007365882397e-03,1.183541142381727695e-03,9.964153869077563286e-04,6.767341983504593372e-04,4.065702378284186125e-04,1.975385384866967797e-04,9.324360144091770053e-05,2.737933209573384374e-05,1.363692717859521508e-05,1.039743619912769645e-05,-5.641358029606635682e-07,-2.789661493807216175e-06,-5.883128778805257753e-06,-7.622799671480606776e-07,-3.284951844761963002e-06,1.626725065762002487e-06
1.876220835583808366e-06,1.411980150578528992e-07,2.552729856688529253e-04,7.540714577771723270e-04,1.109867240302264690e-03,1.183454529382288456e-03,9.963713819161057472e-04,6.767729646526277065e-04,4.066485562361776829e-04,1.976185012608766556e-04,9.331181354355067015e-05,2.743140430538915098e-05,1.368299581372411922e-05,1.040952884068246931e-05,-5.630383839161368087e-07,-2.789962763927178457e-06,-5.882117420696886256e-06,-7.632697247572650667e-07,-3.285210141257266514e-06,1.631329837437078822e-06
1.934974534378852695e-06,3.186745800576318288e-08,2.552732767071574926e-04,7.537872879765927792e-04,1.109438366256654263e-03,1.182944397442042828e-03,9.957064175978302956e-04,6.762890843674540520e-04,4.064087697770446539e-04,1.974634942598640919e-04,9.334516653325408697e-05,2.756782669166568667e-05,1.368054290651343763e-05,1.049493221216835082e-05,-6.436000035137112718e-07,-2.765884573818766512e-06,-5.858039457962149754e-06,-6.953173965484893415e-07,-3.138245347145129927e-06,1.716840529297769535e-06
1.915877646752051078e-06,4.234649608747531602e-08,2.552531659603118896e-04,7.537521887570619583e-04,1.109397504478693008e-03,1.182931941002607346e-03,9.957100264728069305e-04,6.763192941434681416e-04,4.064471577294170856e-04,1.974974002223461866e-04,9.335906361229717731e-05,2.758973096206318587e-05,1.369526125927222893e-05,1.048886952048633248e-05,-6.234703846530464943e-07,-2.754458819254068658e-06,-5.846462954650633037e-06,-7.008688953646924347e-07,-3.145001755910925567e-06,1.722521119518205523e-06
1.906033389786898624e-06,9.446194582096723025e-08,2.552865189500153065e-04,7.539848447777330875e-04,1.109724980778992176e-03,1.183258718810975552e-03,9.960915194824337959e-04,6.765460711903870106e-04,4.065165412612259388e-04,1.975220220629125834e-04,9.330475586466491222e-05,2.747349390119779855e-05,1.366616925224661827e-05,1.044423697749152780e-05,-5.992524165776558220e-07,-2.783356876534526236e-06,-5.874736871191998944e-06,-7.290568646567407995e-07,-3.218979145458433777e-06,1.665628815317177214e-06
1.892746354315022472e-06,1.236827529282891192e-07,2.552934747654944658e-04,7.540959632024168968e-04,1.109890639781951904e-03,1.183459768071770668e-03,9.963612537831068039e-04,6.767445593141019344e-04,4.066256806254386902e-04,1.975951745407655835e-04,9.331222099717706442e-05,2.741031858022324741e-05,1.367959612252889201e-05,1.042159510689089075e-05,-5.757014491791778710e-07,-2.806810925903846510e-06,-5.893285106139956042e-06,-7.545336302428040653e-07,-3.282154693806660362e-06,1.619925569684710354e-06
1.845386236709600780e-06,2.290325653575564502e-07,2.553186786826699972e-04,7.544145919382572174e-04,1.110328827053308487e-03,1.183884683996438980e-03,9.968404192477464676e-04,6.769971805624663830e-04,4.066644178237766027e-04,1.975913037313148379e-04,9.319432865595445037e-05,2.726907769101671875e-05,1.362111197522608563e-05,1.034056003845762461e-05,-5.218968794906686526e-07,-2.805326175803202204e-06,-5.899546522414311767e-06,-8.081122473413415719e-07,-3.366374130564508960e-06,1.571511120346258394e-06
1.899868607324606273e-06,9.743136786255490733e-08,2.552749065216630697e-04,7.539713988080620766e-04,1.109718461520969868e-03,1.183278625831007957e-03,9.961473988369107246e-04,6.766100996173918247e-04,4.065717221237719059e-04,1.975715131266042590e-04,9.333388879895210266e-05,2.747560210991650820e-05,1.368848279525991529e-05,1.044430155161535367e-05,-5.946476449025794864e-07,-2.785809783745207824e-06,-5.876974682905711234e-06,-7.434305757669790182e-07,-3.235203394069685601e-06,1.654784000493236817e-06
1.870400296866137069e-06,1.714516599804483121e-07,2.552963560447096825e-04,7.542103412561118603e-04,1.110054552555084229e-03,1.183627638965845108e-03,9.965579956769943237e-04,6.768647581338882446e-04,4.066644178237766027e-04,1.976130006369203329e-04,9.327755833510309458e-05,2.736685200943611562e-05,1.366375909128692001e-05,1.039168546412838623e-05,-5.480621894093928859e-07,-2.801840309984982014e-06,-5.891972705285297707e-06,-7.786762807882041670e-07,-3.322951897644088604e-06,1.601850840415863786e-06
1.892186901386594400e-06,1.220043799321501865e-07,2.552859659772366285e-04,7.540497463196516037e-04,1.109817181713879108e-03,1.183349173516035080e-03,9.962049080058932304e-04,6.766081787645816803e-04,4.065302200615406036e-04,1.975275226868689060e-04,9.328375745099037886e-05,2.745016900007613003e-05,1.365183834423078224e-05,1.042732401401735842e-05,-5.806182343803811818e-07,-2.780451950457063504e-06,-5.868991593160899356e-06,-7.407624025290715508e-07,-3.237053761040442623e-06,1.656376298342365772e-06
1.891562874334340449e-06,6.476776093222724739e-08,2.551944053266197443e-04,7.536798948422074318e-04,1.109334523789584637e-03,1.182962208986282349e-03,9.958711452782154083e-04,6.765410653315484524e-04,4.066473629791289568e-04,1.976683415705338120e-04,9.345563739771023393e-05,2.761241012194659561e-05,1.375331521558109671e-05,1.048312424245523289e-05,-5.856640541423985269e-07,-2.757815536824637093e-06,-5.839125606144079939e-06,-7.234623353724600747e-07,-3.199613274773582816e-06,1.693515514489263296e-06
1.916049768624361604e-06,4.045295298737983103e-08,2.552452497184276581e-04,7.537478813901543617e-04,1.109393429942429066e-03,1.182943698950111866e-03,9.957668371498584747e-04,6.763696437701582909e-04,4.064923559781163931e-04,1.975422492250800133e-04,9.338978998130187392e-05,2.758594382612500340e-05,1.371307735098525882e-05,1.050219452736200765e-05,-6.204901978890120517e-07,-2.759622930170735344e-06,-5.844139195687603205e-06,-7.136072781577240676e-07,-3.159978177791344933e-06,1.711719392005761620e-06
1.843417408053937834e-06,2.098174149978149217e-07,2.552372461650520563e-04,7.541747181676328182e-04,1.110036857426166534e-03,1.183698652312159538e-03,9.967479854822158813e-04,6.770886247977614403e-04,4.068509151693433523e-04,1.977694773813709617e-04,9.335254435427486897e-05,2.737752583925612271e-05,1.371096914226654917e-05,1.037697802530601621e-05,-4.974529588253062684e-07,-2.803368033710285090e-06,-5.878567208128515631e-06,-8.011405725483200513e-07,-3.379499958100495860e-06,1.572543965266959276e-06
1.877092245194944553e-06,1.543237146961473627e-07,2.552864025346934795e-04,7.541486411355435848e-04,1.109963166527450085e-03,1.183535088784992695e-03,9.964526398107409477e-04,6.768001476302742958e-04,4.066485562361776829e-04,1.976082567125558853e-04,9.329578460892662406e-05,2.739189949352294207e-05,1.367686309095006436e-05,1.040507504512788728e-05,-5.550768946704920381e-07,-2.798827836159034632e-06,-5.885431164642795920e-06,-7.677454050281085074e-07,-3.303370931462268345e-06,1.614331040400429629e-06
1.912467041620402597e-06,6.386402162661397597e-08,2.552659134380519390e-04,7.538512581959366798e-04,1.109541277401149273e-03,1.183095155283808708e-03,9.959175949916243553e-04,6.764685967937111855e-04,4.065288521815091372e-04,1.975497725652530789e-04,9.336500806966796517e-05,2.753331136773340404e-05,1.370746122120181099e-05,1.047557725541992113e-05,-6.142070674286514986e-07,-2.773523192445281893e-06,-5.865462753718020394e-06,-7.254419074342877138e-07,-3.198709691787371412e-06,1.683961727394489571e-06
1.942107473951182328e-06,-9.209501605766945431e-09,2.552692312747240067e-04,7.536527700722217560e-04,1.109247677959501743e-03,1.182749751023948193e-03,9.954479755833745003e-04,6.761267432011663914e-04,4.063519590999931097e-04,1.974316401174291968e-04,9.336573566542938352e-05,2.764072814898099750e-05,1.370005975331878290e-05,1.052319566952064633e-05,-6.659674909315072000e-07,-2.747659209489938803e-06,-5.849130957358283922e-06,-6.777160592719155829e-07,-3.090476411671261303e-06,1.757035306582110934e-06
1.840329559854581021e-06,2.180586307076737285e-07,2.552892838139086962e-04,7.543066749349236488e-04,1.110194134525954723e-03,1.183782704174518585e-03,9.967529913410544395e-04,6.769896717742085457e-04,4.067156114615499973e-04,1.976444909814745188e-04,9.325528662884607911e-05,2.732842222030740231e-05,1.365995103697059676e-05,1.036252433550544083e-05,-5.160871410225809086e-07,-2.797924253172823228e-06,-5.888120995223289356e-06,-8.066060672717867419e-07,-3.360521532158600166e-06,1.583690050210861955e-06
1.899502763080818113e-06,1.068130046633086749e-07,2.552652440499514341e-04,7.539763464592397213e-04,1.109725097194314003e-03,1.183294109068810940e-03,9.961884934455156326e-04,6.766498554497957230e-04,4.066003602929413319e-04,1.975939667318016291e-04,9.334101196145638824e-05,2.747349390119779855e-05,1.368579341942677274e-05,1.044373675540555269e-05,-5.804890861327294260e-07,-2.787983021335094236e-06,-5.870627319382037967e-06,-7.387827736238250509e-07,-3.247468384870444424e-06,1.649189357522118371e-06
1.860943370957102161e-06,2.068480000616546022e-07,2.552988007664680481e-04,7.543194806203246117e-04,1.110203913412988186e-03,1.183768850751221180e-03,9.967363439500331879e-04,6.769589381292462349e-04,4.066791152581572533e-04,1.976171333808451891e-04,9.324545681010931730e-05,2.731452150328550488e-05,1.363886349281528965e-05,1.036712910718051717e-05,-5.274376349007070530e-07,-2.805756594170816243e-06,-5.891219188924878836e-06,-7.952447731440770440e-07,-3.351139866936136968e-06,1.578568912918854039e-06
1.912832885864190757e-06,4.841443868031092279e-08,2.552433288656175137e-04,7.537437486462295055e-04,1.109394594095647335e-03,1.182944979518651962e-03,9.957492584362626076e-04,6.763687706552445889e-04,4.064883105456829071e-04,1.975284249056130648e-04,9.337559458799660206e-05,2.759261406026780605e-05,1.370249083265662193e-05,1.049092406901763752e-05,-6.197370794325252064e-07,-2.757342144832364284e-06,-5.846118710906011984e-06,-7.039674301267950796e-07,-3.156535285597783513e-06,1.718260705274587963e-06
1.912069137688376941e-06,7.046990191383883939e-08,2.552527876105159521e-04,7.538450881838798523e-04,1.109540346078574657e-03,1.183106214739382267e-03,9.959586896002292633e-04,6.765126599930226803e-04,4.065602552145719528e-04,1.975761551875621080e-04,9.337634401163086295e-05,2.753456101345364004e-05,1.370733207295415923e-05,1.047335535986348987e-05,-6.025875904924760107e-07,-2.777504050754942000e-06,-5.862407306267414242e-06,-7.200195000223175157e-07,-3.204906761311576702e-06,1.679141746535606217e-06
1.814454776649654377e-06,3.039565967810631264e-07,2.553009835537523031e-04,7.545674452558159828e-04,1.110562239773571491e-03,1.184167573228478432e-03,9.972270345315337181e-04,6.772886845283210278e-04,4.068198613822460175e-04,1.976957137230783701e-04,9.319273522123694420e-05,2.719475560297723860e-05,1.362362945656059310e-05,1.029669147101230919e-05,-4.637995516532100737e-07,-2.817634140228619799e-06,-5.901246368011925370e-06,-8.442617058790347073e-07,-3.454768148003495298e-06,1.516813540547445882e-06
1.897910465231689159e-06,7.998065143510757480e-08,2.552598016336560249e-04,7.538821664638817310e-04,1.109597855247557163e-03,1.183162909001111984e-03,9.960212046280503273e-04,6.765439757145941257e-04,4.065538814757019281e-04,1.975657796720042825e-04,9.335317008662968874e-05,2.752543696260545403e-05,1.369302299281116575e-05,1.045406497723888606e-05,-5.970791221443505492e-07,-2.778579982987139374e-06,-5.865721050213323906e-06,-7.272063839991460554e-07,-3.208521548003773205e-06,1.676172360021155328e-06
1.888614974632218946e-06,1.155491275994791067e-07,2.552688529249280691e-04,7.539954385720193386e-04,1.109749195165932178e-03,1.183320418931543827e-03,9.962060721591114998e-04,6.766575388610363007e-04,4.066032124683260918e-04,1.975895866053178906e-04,9.332988702226430178e-05,2.746471363934688270e-05,1.368738594464957714e-05,1.043752854457125068e-05,-5.764545676356647164e-07,-2.782991032290738076e-06,-5.870046152267605066e-06,-7.455392960764584132e-07,-3.254440116506884806e-06,1.650136141506663989e-06
1.920676140798605047e-06,4.032384737229222083e-08,2.552804071456193924e-04,7.538152276538312435e-04,1.109475619159638882e-03,1.182982116006314754e-03,9.957344736903905869e-04,6.762950797565281391e-04,4.064043168909847736e-04,1.974572078324854374e-04,9.332664194516837597e-05,2.756976209639105946e-05,1.367688491882290691e-05,1.048580361384665594e-05,-6.310983167168160435e-07,-2.760397592282970436e-06,-5.856188636244041845e-06,-7.018156793492380530e-07,-3.141989509458653629e-06,1.722908450574323069e-06
1.943850520547130145e-06,6.756503800886548561e-09,2.552574733272194862e-04,7.536788471043109894e-04,1.109285629354417324e-03,1.182800857350230217e-03,9.955423884093761444e-04,6.762053817510604858e-04,4.064022505190223455e-04,1.974698243429884315e-04,9.337832307210192084e-05,2.762136136880144477e-05,1.370178051729453728e-05,1.051785875461064279e-05,-6.517767019431630615e-07,-2.755469949988764711e-06,-5.848206001246580854e-06,-6.801259928579383995e-07,-3.113801540166605264e-06,1.739132699185574893e-06
1.910218543343944475e-06,7.251406941577442922e-08,2.552779333200305700e-04,7.539106300100684166e-04,1.109630917198956013e-03,1.183182117529213428e-03,9.960250463336706161e-04,6.765302387066185474e-04,4.065399407409131527e-04,1.975505147129297256e-04,9.334675996797159314e-05,2.750723251665476710e-05,1.369048368360381573e-05,1.046362922352273017e-05,-6.097314440012269188e-07,-2.785573087749071419e-06,-5.875296210433589295e-06,-7.263886914188333321e-07,-3.210974682588130236e-06,1.671567588346078992e-06
1.913575260914512910e-06,8.546761876004893566e-08,2.552858786657452583e-04,7.539596408605575562e-04,1.109686680138111115e-03,1.183212734758853912e-03,9.960301686078310013e-04,6.765016587451100349e-04,4.064957902301102877e-04,1.975076447706669569e-04,9.330884495284408331e-05,2.748364931903779507e-05,1.366653486911673099e-05,1.045155295287258923e-05,-6.082252070882532280e-07,-2.782216370178502984e-06,-5.873682766832644120e-06,-7.210523449430183973e-07,-3.205810344297788106e-06,1.672686494202935137e-06
1.935437012434704229e-06,1.200678045876202304e-08,2.552591613493859768e-04,7.537068449892103672e-04,1.109338947571814060e-03,1.182873267680406570e-03,9.956490248441696167e-04,6.762936827726662159e-04,4.064508539158850908e-04,1.975045452127233148e-04,9.338757809018716216e-05,2.760290044534485787e-05,1.370888185192598030e-05,1.050690116244368255e-05,-6.466985382758139167e-07,-2.768660351648577489e-06,-5.861482350155711174e-06,-6.901962024130625650e-07,-3.134286089334636927e-06,1.721316152725194115e-06
1.926087634274153970e-06,5.276097780892996525e-08,2.552957739681005478e-04,7.538938079960644245e-04,1.109581207856535912e-03,1.183079439215362072e-03,9.958418086171150208e-04,6.763522978872060776e-04,4.064130771439522505e-04,1.974526094272732735e-04,9.330290777143090963e-05,2.751928332145325840e-05,1.366412470815703273e-05,1.047374280460644513e-05,-6.335297939585871063e-07,-2.770360197246191092e-06,-5.868389507668325678e-06,-7.095189857864170335e-07,-3.164755071338731796e-06,1.701433916423411574e-06
1.813282096918555908e-06,2.808467627346544759e-07,2.552704827394336462e-04,7.544422405771911144e-04,1.110408687964081764e-03,1.184064778499305248e-03,9.971658000722527504e-04,6.773188943043351173e-04,4.069052229169756174e-04,1.977809588424861431e-04,9.327467705588787794e-05,2.724859223235398531e-05,1.367944514640839770e-05,1.031968804454663768e-05,-4.682967187363828998e-07,-2.818064558596233837e-06,-5.900902124267304316e-06,-8.500284138790448196e-07,-3.458469109318684787e-06,1.518793169452692382e-06
1.928809751916560344e-06,2.308830815422879823e-08,2.552592777647078037e-04,7.537268684245646000e-04,1.109355711378157139e-03,1.182869425974786282e-03,9.956338908523321152e-04,6.762518896721303463e-04,4.064081877004355192e-04,1.974737388081848621e-04,9.336472430732101202e-05,2.760345887509174645e-05,1.369175333820749074e-05,1.050751416187267751e-05,-6.416096312023000792e-07,-2.754480192379560322e-06,-5.846462954650633037e-06,-6.950591568966046907e-07,-3.124345084870583378e-06,1.732333089421445038e-06
1.870013079496857245e-06,1.724845049011491938e-07,2.552821533754467964e-04,7.541736704297363758e-04,1.109998323954641819e-03,1.183572341687977314e-03,9.964950149878859520e-04,6.768252933397889137e-04,4.066514084115624428e-04,1.976071362150833011e-04,9.328257146989926696e-05,2.738131297519430518e-05,1.366545893688453361e-05,1.039712969941319898e-05,-5.463408001560310367e-07,-2.792802888507139869e-06,-5.879040600120788440e-06,-7.734259952485444956e-07,-3.310859028715640306e-06,1.612910864423611201e-06
1.916974952109740116e-06,7.664543488772324054e-08,2.552857913542538881e-04,7.539350190199911594e-04,1.109649543650448322e-03,1.183168846182525158e-03,9.959721937775611877e-04,6.764545105397701263e-04,4.064718668814748526e-04,1.974962360691279173e-04,9.331088949693366885e-05,2.750172461674083024e-05,1.366920332657173276e-05,1.046224133460782468e-05,-6.151108209451194853e-07,-2.774513177428161725e-06,-5.868755124538438395e-06,-7.207081011983973440e-07,-3.191651785527938046e-06,1.683875666458334308e-06
1.867291075541288592e-06,1.699454372783293366e-07,2.552712976466864347e-04,7.541606319136917591e-04,1.109994133003056049e-03,1.183606451377272606e-03,9.965817444026470184e-04,6.769289029762148857e-04,4.067380796186625957e-04,1.976775965886190534e-04,9.332055196864530444e-05,2.737511567829642445e-05,1.369291567243635654e-05,1.039441303873900324e-05,-5.393260948949318845e-07,-2.806445081660058349e-06,-5.891047294426243752e-06,-7.822051770745019894e-07,-3.338100214023143053e-06,1.591436330272699706e-06
1.903268412206671201e-06,7.356842957051412668e-08,2.552650112193077803e-04,7.538769859820604324e-04,1.109581906348466873e-03,1.183138694614171982e-03,9.959794115275144577e-04,6.765081780031323433e-04,4.065386601723730564e-04,1.975535269593819976e-04,9.335140930488705635e-05,2.752418913587462157e-05,1.369616438751108944e-05,1.046328543452546000e-05,-6.038786750650615431e-07,-2.776191422526608221e-06,-5.866603260074043646e-06,-7.247963935697043780e-07,-3.203314463462447748e-06,1.680863192632386927e-06
1.896404228318715468e-06,1.134619225240385276e-07,2.552951336838304996e-04,7.540536462329328060e-04,1.109816017560660839e-03,1.183345215395092964e-03,9.961837204173207283e-04,6.765890866518020630e-04,4.065217799507081509e-04,1.975193445105105639e-04,9.328315354650840163e-05,2.743906588875688612e-05,1.366115520795574412e-05,1.042864732880843803e-05,-5.907422178097476717e-07,-2.784992148008313961e-06,-5.878438059880863875e-06,-7.422686394420452416e-07,-3.236924840166466311e-06,1.653492859077232424e-06
1.852164245974563528e-06,2.116894393111579120e-07,2.552926889620721340e-04,7.543080137111246586e-04,1.110195764340460300e-03,1.183783519081771374e-03,9.967607911676168442e-04,6.769957835786044598e-04,4.067141562700271606e-04,1.976411440409719944e-04,9.325106657342985272e-05,2.731994391069747508e-05,1.364884792565135285e-05,1.036117373587330803e-05,-5.172598775970982388e-07,-2.805670419547823258e-06,-5.889153726457152516e-06,-7.936094448268704582e-07,-3.360263235663296655e-06,1.579300487719592638e-06
1.901977270790666807e-06,1.060814156517153606e-07,2.552897494751960039e-04,7.540223887190222740e-04,1.109778997488319874e-03,1.183312269859015942e-03,9.961585747078061104e-04,6.765838479623198509e-04,4.065289394930005074e-04,1.975321792997419834e-04,9.330174361821264029e-05,2.745627898548264056e-05,1.366543801850639284e-05,1.044184864440467209e-05,-5.978106969450891484e-07,-2.783012405416229740e-06,-5.877491275896318257e-06,-7.452811132679926232e-07,-3.231631353628472425e-06,1.656892663959297352e-06
1.951327703864080831e-06,-8.650046012803613849e-09,2.552692894823849201e-04,7.536630146205425262e-04,1.109254779294133186e-03,1.182744046673178673e-03,9.954404085874557495e-04,6.761112599633634090e-04,4.063356318511068821e-04,1.974158076336607337e-04,9.335923823527991772e-05,2.762885014817584306e-05,1.368977427773643285e-05,1.052365769282914698e-05,-6.654403250649920665e-07,-2.754071374511113390e-06,-5.847172815265366808e-06,-6.656231903434672859e-07,-3.086043761868495494e-06,1.754065806380822323e-06
1.905204953800421208e-06,7.083570352506285417e-08,2.552634978201240301e-04,7.538677891716361046e-04,1.109571778215467930e-03,1.183126936666667461e-03,9.959678864106535912e-04,6.765027064830064774e-04,4.065347893629223108e-04,1.975539053091779351e-04,9.335682989330962300e-05,2.752496402536053210e-05,1.369986603094730526e-05,1.046662055159686133e-05,-6.153475169412558898e-07,-2.774427002805168740e-06,-5.870605491509195417e-06,-7.318541292988811620e-07,-3.200000719516538084e-06,1.680734044384735171e-06
1.900062216009246185e-06,8.589797317881675554e-08,2.552648074924945831e-04,7.539138314314186573e-04,1.109634758904576302e-03,1.183196436613798141e-03,9.960585739463567734e-04,6.765608559362590313e-04,4.065588000230491161e-04,1.975665218196809292e-04,9.334723290521651506e-05,2.750138082774356008e-05,1.369110850646393374e-05,1.045705630531301722e-05,-5.988865723338676617e-07,-2.779913984340964817e-06,-5.868733751412946731e-06,-7.348235726567509118e-07,-3.218634901713812724e-06,1.668985532887745649e-06
1.931693077494855970e-06,3.537481418902643782e-08,2.552908263169229031e-04,7.538206409662961960e-04,1.109475269913673401e-03,1.182952080853283405e-03,9.956666035577654839e-04,6.762223783880472183e-04,4.063401720486581326e-04,1.974017795873805881e-04,9.329644672106951475e-05,2.756481444521341473e-05,1.365474327030824497e-05,1.048349531629355624e-05,-6.459023893512494396e-07,-2.755814421107061207e-06,-5.855091330886352807e-06,-6.883026912873901892e-07,-3.121031340924673714e-06,1.732634359541407321e-06
1.909938873723149300e-06,8.974960508112417301e-08,2.552911464590579271e-04,7.539759972132742405e-04,1.109704724512994289e-03,1.183223910629749298e-03,9.960262104868888855e-04,6.764837307855486870e-04,4.064782406203448772e-04,1.974965416593477130e-04,9.329623571829870343e-05,2.748283259279560298e-05,1.366483502351911739e-05,1.045128919940907508e-05,-6.059443649064633064e-07,-2.774211907308199443e-06,-5.870002951269270852e-06,-7.303049187612487003e-07,-3.205121856808545999e-06,1.677678596934129018e-06
1.876479018392274156e-06,1.436079770655851462e-07,2.552722580730915070e-04,7.540839142166078091e-04,1.109879929572343826e-03,1.183465588837862015e-03,9.963846532627940178e-04,6.767792510800063610e-04,4.066560650244355202e-04,1.976211351575329900e-04,9.331766341347247362e-05,2.741875323408748955e-05,1.368882749375188723e-05,1.040903953253291547e-05,-5.600689974016859196e-07,-2.794610509226913564e-06,-5.882418918190523982e-06,-7.639583259333448950e-07,-3.290718495918554254e-06,1.622120407773763873e-06
1.901503878798393998e-06,1.070497006594450795e-07,2.552716759964823723e-04,7.539803627878427505e-04,1.109717646613717079e-03,1.183260115794837475e-03,9.961122414097189903e-04,6.765713915228843689e-04,4.065395041834563017e-04,1.975393679458647966e-04,9.331084584118798375e-05,2.747129838098771870e-05,1.366784726997138932e-05,1.044114378601079807e-05,-5.871272605872945860e-07,-2.780193653961759992e-06,-5.864838840352604166e-06,-7.262165695465228055e-07,-3.226811486456426792e-06,1.663606099100434221e-06
1.914274662340176292e-06,7.696819892544226605e-08,2.552746154833585024e-04,7.539093494415283203e-04,1.109619624912738800e-03,1.183164538815617561e-03,9.959927992895245552e-04,6.765036960132420063e-04,4.065294342581182718e-04,1.975421619135886431e-04,9.334435162600129843e-05,2.750693238340318203e-05,1.369222718494711444e-05,1.046813213179120794e-05,-6.096022957535751630e-07,-2.778343286991002969e-06,-5.869357664778362960e-06,-7.259152994265605230e-07,-3.210544264220516197e-06,1.674752184044336900e-06
1.915027723953244276e-06,5.764545818465194316e-08,2.552672522142529488e-04,7.538429345004260540e-04,1.109527191147208214e-03,1.183077110908925533e-03,9.958974551409482956e-04,6.764505524188280106e-04,4.065167158842086792e-04,1.975406921701505780e-04,9.335950016975402832e-05,2.754032720986288041e-05,1.369969322695396841e-05,1.048026751959696412e-05,-6.120983471191721037e-07,-2.773738515315926634e-06,-5.862816124135861173e-06,-7.151565455387753900e-07,-3.190963298038695939e-06,1.690675162535626441e-06
1.910100081659038551e-06,7.937816093317451305e-08,2.552781370468437672e-04,7.539252983406186104e-04,1.109641045331954956e-03,1.183172804303467274e-03,9.959931485354900360e-04,6.764845456928014755e-04,4.064927925355732441e-04,1.975111372303217649e-04,9.331624460173770785e-05,2.750094972725491971e-05,1.367049389955354854e-05,1.045343560690525919e-05,-6.067405138310277835e-07,-2.778708903861115687e-06,-5.867894287803210318e-06,-7.180829584285675082e-07,-3.196213583578355610e-06,1.680002469583996572e-06
1.908389549498679116e-06,8.705991660917788977e-08,2.552902733441442251e-04,7.539742509834468365e-04,1.109711010940372944e-03,1.183251384645700455e-03,9.960773168131709099e-04,6.765417638234794140e-04,4.065275425091385841e-04,1.975325576495379210e-04,9.331809997092932463e-05,2.747809776337817311e-05,1.368374887533718720e-05,1.044883083523018286e-05,-6.041153710611979477e-07,-2.784066964522935450e-06,-5.878674528503324836e-06,-7.345653898482851218e-07,-3.223626890758168884e-06,1.663089733483502641e-06
1.866021534624451306e-06,1.923021528682511416e-07,2.552975201979279518e-04,7.542665698565542698e-04,1.110123586840927601e-03,1.183675718493759632e-03,9.965972276404500008e-04,6.768564344383776188e-04,4.066262627020478249e-04,1.975787017727270722e-04,9.323865378974005580e-05,2.734430199780035764e-05,1.363761566608445719e-05,1.037528363667661324e-05,-5.361199555409257300e-07,-2.796762146317632869e-06,-5.883064204681431875e-06,-7.779877364555431996e-07,-3.318820517961285077e-06,1.602195084160484839e-06
1.926431878018775024e-06,4.254015095739305252e-08,2.552733931224793196e-04,7.538169156759977341e-04,1.109478995203971863e-03,1.182984560728073120e-03,9.957585716620087624e-04,6.763183046132326126e-04,4.064144450239837170e-04,1.974644401343539357e-04,9.333078924100846052e-05,2.755233435891568661e-05,1.367378627037396654e-05,1.048120429913979024e-05,-6.334652766781800892e-07,-2.766078296190244146e-06,-5.858426902705105022e-06,-6.984589617786696181e-07,-3.145690470773843117e-06,1.711805452941916883e-06
1.873627979875891469e-06,1.662229038856821717e-07,2.552839869167655706e-04,7.541642989963293076e-04,1.109993318095803261e-03,1.183563028462231159e-03,9.964860510081052780e-04,6.768216844648122787e-04,4.066445108037441969e-04,1.975999621208757162e-04,9.327940642833709717e-05,2.738854163908399642e-05,1.365741172776324674e-05,1.039310609485255554e-05,-5.452649247672525235e-07,-2.797493834805209190e-06,-5.879793661733856425e-06,-7.615913659719808493e-07,-3.303284756839275360e-06,1.614158918528119102e-06
1.894790443657257129e-06,1.325479672686924459e-07,2.553061640355736017e-04,7.541360682807862759e-04,1.109925680793821812e-03,1.183439395390450954e-03,9.962879121303558350e-04,6.766298902221024036e-04,4.065100802108645439e-04,1.975023915292695165e-04,9.325014252681285143e-05,2.740123818512074649e-05,1.363658248010324314e-05,1.041452651406871155e-05,-5.835015599586768076e-07,-2.790156258924980648e-06,-5.880761818843893707e-06,-7.483795911866764072e-07,-3.249835344831808470e-06,1.642002530388708692e-06
1.917362396852695383e-06,-4.776891326940813087e-09,2.551759243942797184e-04,7.534662145189940929e-04,1.109040109440684319e-03,1.182682113721966743e-03,9.955607820302248001e-04,6.763828569091856480e-04,4.066336841788142920e-04,1.976817584363743663e-04,9.354110807180404663e-05,2.771113213384523988e-05,1.380123467242810875e-05,1.053717642207629979e-05,-6.198446840244287159e-07,-2.758934442681493238e-06,-5.835596766701200977e-06,-6.936390377632051241e-07,-3.148401674479828216e-06,1.726222194520232733e-06
1.883848767647577915e-06,1.337959929514909163e-07,2.552865771576762199e-04,7.540936348959803581e-04,1.109883422031998634e-03,1.183441141620278358e-03,9.963355259969830513e-04,6.767163285985589027e-04,4.065996909048408270e-04,1.975741324713453650e-04,9.329360909759998322e-05,2.741505159065127373e-05,1.366758897347608581e-05,1.041843734128633514e-05,-5.740876645177195314e-07,-2.792759914882481098e-06,-5.882849109184462577e-06,-7.553943532911944203e-07,-3.272127514719613828e-06,1.632750013413897250e-06
1.902773419715231284e-06,9.258992150762423989e-08,2.552742662373930216e-04,7.539487560279667377e-04,1.109672593884170055e-03,1.183217042125761509e-03,9.960582247003912926e-04,6.765380385331809521e-04,4.065304819960147142e-04,1.975381164811551571e-04,9.332141053164377809e-05,2.748756560322362930e-05,1.367722961731487885e-05,1.045206408889498562e-05,-5.979183015369926579e-07,-2.777267354758805595e-06,-5.867765139555558562e-06,-7.316820074265706353e-07,-3.217558969481615350e-06,1.671223344601457939e-06
1.848258762038312852e-06,2.178434499455761397e-07,2.552844234742224216e-04,7.543073734268546104e-04,1.110199722461402416e-03,1.183803309686481953e-03,9.967974619939923286e-04,6.770409527234733105e-04,4.067546979058533907e-04,1.976743660634383559e-04,9.327067527920007706e-05,2.731955646595451981e-05,1.366515789413824677e-05,1.035853802022757009e-05,-5.108798859509988688e-07,-2.809285433613695204e-06,-5.893586148886242881e-06,-8.014418426682823338e-07,-3.374679863554774784e-06,1.569746700624818914e-06
1.899319954645761754e-06,8.850159360918041784e-08,2.552582591306418180e-04,7.538920035585761070e-04,1.109602511860430241e-03,1.183167099952697754e-03,9.960072347894310951e-04,6.765327998436987400e-04,4.065572575200349092e-04,1.975635532289743423e-04,9.334654168924316764e-05,2.751657120825257152e-05,1.369995152344927192e-05,1.045600129145896062e-05,-5.919041541346814483e-07,-2.771629624476190656e-06,-5.860449164174497128e-06,-7.262596000146004371e-07,-3.215493279640213586e-06,1.678453259046364110e-06
1.875962652775342576e-06,1.480405984466415248e-07,2.552672522142529488e-04,7.540763472206890583e-04,1.109868520870804787e-03,1.183451851829886436e-03,9.963706834241747856e-04,6.767683080397546291e-04,4.066481487825512886e-04,1.976148923859000206e-04,9.331435285275802016e-05,2.742456308624241501e-05,1.368075845675775781e-05,1.041250379785196856e-05,-5.571748715738067403e-07,-2.788972778944298625e-06,-5.872671408724272624e-06,-7.600851290590071585e-07,-3.287749223090941086e-06,1.627930032555013895e-06
1.951005060618626885e-06,-3.851637586649303557e-08,2.552499063313007355e-04,7.535515469498932362e-04,1.109110773541033268e-03,1.182627747766673565e-03,9.953508852049708366e-04,6.760936812497675419e-04,4.063684900756925344e-04,1.974597835214808583e-04,9.341505210613831878e-05,2.767924343061167747e-05,1.372047972836298868e-05,1.054281983670080081e-05,-6.732081487825780641e-07,-2.752887894530431367e-06,-5.844526185683207586e-06,-6.638157401539501734e-07,-3.072659865210880525e-06,1.763318323355633765e-06
1.890164185169851407e-06,1.087065513161178387e-07,2.552565420046448708e-04,7.539506186731159687e-04,1.109698554500937462e-03,1.183282467536628246e-03,9.961833711713552475e-04,6.766606820747256279e-04,4.066199180670082569e-04,1.976157509488984942e-04,9.335829236079007387e-05,2.749509621935430914e-05,1.369962865283014253e-05,1.044506007019663230e-05,-5.750236482526815962e-07,-2.779978558464790694e-06,-5.865570528840180486e-06,-7.496706757592619397e-07,-3.249447900088853203e-06,1.652287892284221016e-06
1.880395188891270664e-06,1.590790787986406940e-07,2.553036611061543226e-04,7.542025414295494556e-04,1.110031735152006149e-03,1.183580374345183372e-03,9.964822093024849892e-04,6.767881568521261215e-04,4.066071705892682076e-04,1.975694467546418309e-04,9.326176223112270236e-05,2.736624992394354194e-05,1.365293610433582217e-05,1.039577909978106618e-05,-5.648350906994892284e-07,-2.799860794766573235e-06,-5.892854915146017447e-06,-7.711451530667545740e-07,-3.300014213891699910e-06,1.610543904462247156e-06
1.872541361080948263e-06,1.521289192396579892e-07,2.552905352786183357e-04,7.541475933976471424e-04,1.109959674067795277e-03,1.183512969873845577e-03,9.964144555851817131e-04,6.767546874471008778e-04,4.065959947183728218e-04,1.975673367269337177e-04,9.326927101938053966e-05,2.739555748121347278e-05,1.365102070849388838e-05,1.039768358168657869e-05,-5.604347848020552192e-07,-2.793190333250095136e-06,-5.882956884306622669e-06,-7.643456001460435800e-07,-3.281035787949804217e-06,1.625434038032835815e-06
1.879964884210494347e-06,1.594018499417870771e-07,2.552932128310203552e-04,7.541596423834562302e-04,1.109965960495173931e-03,1.183496438898146152e-03,9.963667253032326698e-04,6.766965962015092373e-04,4.065480316057801247e-04,1.975252089323475957e-04,9.324136772193014622e-05,2.739568662946112454e-05,1.363165483780903742e-05,1.039854396367445588e-05,-5.625757921734475531e-07,-2.781291186693124473e-06,-5.870820587006164715e-06,-7.528983019255974796e-07,-3.269674380135256797e-06,1.637957211642060429e-06
1.906302372844947968e-06,9.175074211498213117e-08,2.552770602051168680e-04,7.539555081166327000e-04,1.109682372771203518e-03,1.183218671940267086e-03,9.960554307326674461e-04,6.765261059626936913e-04,4.065170651301741600e-04,1.975291670532897115e-04,9.331749606644734740e-05,2.749092345766257495e-05,1.367109689454082400e-05,1.045065982907544822e-05,-5.945400403106759768e-07,-2.778257112368009984e-06,-5.865914772584801540e-06,-7.242799711093539372e-07,-3.212652927686576732e-06,1.671998006713693030e-06
1.839468950493028387e-06,2.059657759900801466e-07,2.552187070250511169e-04,7.541271043010056019e-04,1.109989359974861145e-03,1.183705404400825500e-03,9.968111990019679070e-04,6.771988118998706341e-04,4.069641872774809599e-04,1.978627697099000216e-04,9.341286204289644957e-05,2.739082265179604292e-05,1.374991552438586950e-05,1.038485424942336977e-05,-4.875979584539891221e-07,-2.814256049532559700e-06,-5.885452537768287584e-06,-8.101779371827433351e-07,-3.411087618587771431e-06,1.556405777591862716e-06
1.949229726960766129e-06,-1.273837657578269500e-08,2.552609366830438375e-04,7.536408957093954086e-04,1.109227770939469337e-03,1.182724721729755402e-03,9.954439010471105576e-04,6.761222612112760544e-04,4.063483502250164747e-04,1.974363840417936444e-04,9.337645315099507570e-05,2.763900556601583958e-05,1.369631536363158375e-05,1.052856441674521193e-05,-6.680224373667442705e-07,-2.751274223555810750e-06,-5.846333806402981281e-06,-6.754782475582032930e-07,-3.084107220274745487e-06,1.753764536260860041e-06
1.866688535301364027e-06,1.783372738373145694e-07,2.553156227804720402e-04,7.542694220319390297e-04,1.110113109461963177e-03,1.183627755381166935e-03,9.965038625523447990e-04,6.767495069652795792e-04,4.065354587510228157e-04,1.975085033336654305e-04,9.320082608610391617e-05,2.734791632974520326e-05,1.361620525131002069e-05,1.037412221194244921e-05,-5.533985358852078207e-07,-2.788176743706571870e-06,-5.882504865439841524e-06,-7.750613804091699421e-07,-3.287792196715599857e-06,1.620700231796945445e-06
1.847043108682555612e-06,2.412545256902376423e-07,2.553127415012568235e-04,7.544381660409271717e-04,1.110374578274786472e-03,1.183941145427525043e-03,9.969349484890699387e-04,6.770721520297229290e-04,4.067094123456627131e-04,1.976278872461989522e-04,9.321115794591605663e-05,2.726468665059655905e-05,1.362281182082369924e-05,1.034335764416027814e-05,-5.085237262392183766e-07,-2.811867489072028548e-06,-5.897158189327456057e-06,-8.147396783897420391e-07,-3.386772732483223081e-06,1.557137466079439037e-06
1.895070226964890026e-06,1.004868579457252054e-07,2.552715013734996319e-04,7.539644720964133739e-04,1.109703443944454193e-03,1.183260115794837475e-03,9.961226023733615875e-04,6.765878060832619667e-04,4.065577522851526737e-04,1.975594204850494862e-04,9.332451008958742023e-05,2.748278893704991788e-05,1.368103767163120210e-05,1.044454347720602527e-05,-5.857070846104761586e-07,-2.779935584840131924e-06,-5.865957973583135754e-06,-7.362437486335693393e-07,-3.230082256777677685e-06,1.663950456531892996e-06
1.870884489107993431e-06,1.559590430133539485e-07,2.552470832597464323e-04,7.540585938841104507e-04,1.109861768782138824e-03,1.183480257168412209e-03,9.964570635929703712e-04,6.768731400370597839e-04,4.067335103172808886e-04,1.976869680220261216e-04,9.335325739812105894e-05,2.742843571468256414e-05,1.370057543681468815e-05,1.040899132931372151e-05,-5.417898591986158863e-07,-2.797020442812936381e-06,-5.876329396414803341e-06,-7.695528552176256198e-07,-3.311891759949503466e-06,1.610543904462247156e-06
1.933210114657413214e-06,2.767154150262740586e-08,2.552705700509250164e-04,7.537755882367491722e-04,1.109433709643781185e-03,1.182967098429799080e-03,9.957490256056189537e-04,6.763481069356203079e-04,4.064656677655875683e-04,1.975064806174486876e-04,9.336836228612810373e-05,2.756898902589455247e-05,1.370109202980529517e-05,1.049193542712600902e-05,-6.360904194480099250e-07,-2.774427002805168740e-06,-5.866259016329422593e-06,-6.966514547457336448e-07,-3.155502326990244910e-06,1.705780505290022120e-06
1.919976739372941665e-06,6.326153112468091422e-08,2.553077938500791788e-04,7.539403741247951984e-04,1.109638717025518417e-03,1.183119718916714191e-03,9.958586888387799263e-04,6.763358833268284798e-04,4.063794331159442663e-04,1.974182232515886426e-04,9.327222505817189813e-05,2.750163912423886359e-05,1.364884792565135285e-05,1.046366196533199400e-05,-6.317008001133217476e-07,-2.767326122921076603e-06,-5.868604603165294975e-06,-7.111112836355459876e-07,-3.162861503369640559e-06,1.701864334791025613e-06
1.930358848767355084e-06,3.763415534763225878e-08,2.552862279117107391e-04,7.538308855146169662e-04,1.109492033720016479e-03,1.182981650345027447e-03,9.957335423678159714e-04,6.762798293493688107e-04,4.063789965584874153e-04,1.974376646103337407e-04,9.331900218967348337e-05,2.755078457994386554e-05,1.366414653602987528e-05,1.048977355821989477e-05,-6.397914376066182740e-07,-2.762850499493652023e-06,-5.856619281985331327e-06,-7.015574965407722630e-07,-3.138761712762061507e-06,1.715420353320951108e-06
1.848226588663237635e-06,2.200812758701431449e-07,2.552962105255573988e-04,7.543367100879549980e-04,1.110229175537824631e-03,1.183801796287298203e-03,9.967702208086848259e-04,6.769791943952441216e-04,4.066821420565247536e-04,1.976165222004055977e-04,9.322811092715710402e-05,2.730849701038096100e-05,1.363354840577812865e-05,1.035554669215343893e-05,-5.167756853552418761e-07,-2.799817593768239021e-06,-5.886098279006546363e-06,-8.004520282156590838e-07,-3.355529315740568563e-06,1.581882543177925982e-06
1.937050910783000290e-06,1.975308983048762457e-08,2.552700461819767952e-04,7.537496276199817657e-04,1.109383767470717430e-03,1.182897714897990227e-03,9.956629946827888489e-04,6.762711564078927040e-04,4.064175591338425875e-04,1.974755869014188647e-04,9.336112998425960541e-05,2.758633127086795866e-05,1.369041910947998986e-05,1.051006438501644880e-05,-6.449233183047908824e-07,-2.763044221865129657e-06,-5.854037226526997983e-06,-6.944997039681766182e-07,-3.135362021566834301e-06,1.724242565614986233e-06
1.949735406014951877e-06,-2.020495948329426028e-08,2.552754594944417477e-04,7.536618504673242569e-04,1.109256059862673283e-03,1.182744046673178673e-03,9.954544948413968086e-04,6.761140539310872555e-04,4.063268424943089485e-04,1.974164042621850967e-04,9.336272341897711158e-05,2.762786061794031411e-05,1.368833272863412276e-05,1.052338939189212397e-05,-6.756396260243491270e-07,-2.757514266704674810e-06,-5.855069957760861143e-06,-6.753060688424739055e-07,-3.080707529079518281e-06,1.750709088810253888e-06
1.885032247628259938e-06,1.093951098596335214e-07,2.552234800532460213e-04,7.538697682321071625e-04,1.109600416384637356e-03,1.183232176117599010e-03,9.961739415302872658e-04,6.767250015400350094e-04,4.067131085321307182e-04,1.976933854166418314e-04,9.341503027826547623e-05,2.752737418632023036e-05,1.373515442537609488e-05,1.045583485392853618e-05,-5.642218638968188316e-07,-2.781613829938578419e-06,-5.862127636646619067e-06,-7.480783779101329856e-07,-3.264251972723286599e-06,1.651857587603444699e-06
1.867721380222064909e-06,1.666747664330614498e-07,2.552835212554782629e-04,7.541668019257485867e-04,1.109995064325630665e-03,1.183574669994413853e-03,9.965002536773681641e-04,6.768364692106842995e-04,4.066640685778111219e-04,1.976159255718812346e-04,9.329008025815710425e-05,2.738260263868141919e-05,1.367682034469908103e-05,1.039276139636058360e-05,-5.477824629451788496e-07,-2.797170964186079800e-06,-5.884893198526697233e-06,-7.731247819720010739e-07,-3.313484057798632421e-06,1.608220031812379602e-06
1.942645440067281015e-06,-1.755830325578244810e-08,2.552533405832946301e-04,7.536151097156107426e-04,1.109204953536391258e-03,1.182724954560399055e-03,9.954670676961541176e-04,6.761639378964900970e-04,4.063895030412822962e-04,1.974703773157671094e-04,9.339431562693789601e-05,2.765062527032569051e-05,1.371159305563196540e-05,1.052620245900470763e-05,-6.617393069063837174e-07,-2.754200522758765146e-06,-5.848162800248246640e-06,-6.753921866220480297e-07,-3.092154884143383242e-06,1.751182480802526698e-06
1.888238330138847232e-06,1.435649465975075145e-07,2.552875084802508354e-04,7.541130180470645428e-04,1.109901932068169117e-03,1.183449407108128071e-03,9.963267948478460312e-04,6.766945589333772659e-04,4.065800458192825317e-04,1.975594204850494862e-04,9.327902080258354545e-05,2.741251228144392371e-05,1.365844400424975902e-05,1.041777522914344445e-05,-5.679981995854177512e-07,-2.784841399261495098e-06,-5.875167516933288425e-06,-7.552221745754650328e-07,-3.271438799856696278e-06,1.636924366721359547e-06
1.908454123622504994e-06,6.184137646414455958e-08,2.552649821154773235e-04,7.538436329923570156e-04,1.109527307562530041e-03,1.183059299364686012e-03,9.958768496289849281e-04,6.764167919754981995e-04,4.064732347615063190e-04,1.975076011149212718e-04,9.333660273114219308e-05,2.754488923528697342e-05,1.367602453683502972e-05,1.047170371748507023e-05,-6.130451311037177220e-07,-2.767455271168728359e-06,-5.854768915014574304e-06,-7.114985578482446726e-07,-3.171124035361572169e-06,1.701089672678790521e-06
1.880567424450418912e-06,1.264800317812841968e-07,2.552769437897950411e-04,7.540346705354750156e-04,1.109796692617237568e-03,1.183342188596725464e-03,9.962057229131460190e-04,6.766211008653044701e-04,4.065494285896420479e-04,1.975449995370581746e-04,9.329315798822790384e-05,2.745899109868332744e-05,1.366395281365839764e-05,1.042232634063111618e-05,-5.721403226743859705e-07,-2.777267354758805595e-06,-5.865269031346542761e-06,-7.459696576006535906e-07,-3.241056219849269837e-06,1.658528049119922798e-06
1.931198085003416054e-06,3.716077046078680723e-08,2.552777004893869162e-04,7.538005593232810497e-04,1.109450822696089745e-03,1.182942767627537251e-03,9.956873254850506783e-04,6.762580596841871738e-04,4.063786473125219345e-04,1.974376646103337407e-04,9.332367335446178913e-05,2.756593312369659543e-05,1.366728793072979897e-05,1.049308139045024291e-05,-6.436000035137112718e-07,-2.756997901087743230e-06,-5.853370112163247541e-06,-6.975121777941239998e-07,-3.129724518657894805e-06,1.725963898024929222e-06
1.908841340991784818e-06,7.490251618946786039e-08,2.552605292294174433e-04,7.538702921010553837e-04,1.109572360292077065e-03,1.183132757432758808e-03,9.959812741726636887e-04,6.765157449990510941e-04,4.065507091581821442e-04,1.975623890757560730e-04,9.335878712590783834e-05,2.752573891484644264e-05,1.369721940136514604e-05,1.046935358317568898e-05,-6.024047252140007913e-07,-2.776449719021911733e-06,-5.861998488398967311e-06,-7.201916787380469032e-07,-3.206972451152978465e-06,1.680389800640114117e-06
1.889938289423298556e-06,1.400791092009967542e-07,2.553041267674416304e-04,7.541536469943821430e-04,1.109953154809772968e-03,1.183478278107941151e-03,9.963460033759474754e-04,6.766779115423560143e-04,4.065393586643040180e-04,1.975239138118922710e-04,9.325444989372044802e-05,2.739056435530073941e-05,1.364071431453339756e-05,1.040976530930493027e-05,-5.777563956144149415e-07,-2.793448402371723205e-06,-5.884376605536090210e-06,-7.555664751635049470e-07,-3.263993903601658531e-06,1.633266379030828830e-06
1.941795517268474214e-06,-6.110977945894546792e-09,2.552636724431067705e-04,7.536601042374968529e-04,1.109260017983615398e-03,1.182763138785958290e-03,9.954895358532667160e-04,6.761577096767723560e-04,4.063649685122072697e-04,1.974434417206794024e-04,9.337339724879711866e-05,2.763108750514220446e-05,1.369515302940271795e-05,1.052172683557728305e-05,-6.617823373744613491e-07,-2.754480192379560322e-06,-5.848356522619724274e-06,-6.784046036045765504e-07,-3.095124156970996410e-06,1.747696614984306507e-06
1.860147222032537684e-06,1.849001165510344435e-07,2.552824153099209070e-04,7.541975355707108974e-04,1.110026612877845764e-03,1.183582935482263565e-03,9.964937344193458557e-04,6.768033490516245365e-04,4.066136316396296024e-04,1.975721534108743072e-04,9.324541315436363220e-05,2.737933209573384374e-05,1.363998217129847035e-05,1.037989932228811085e-05,-5.370237090573937166e-07,-2.785056722132139839e-06,-5.872111614735331386e-06,-7.669277124477957841e-07,-3.299497620901092887e-06,1.622851982574502472e-06
1.905742919916519895e-06,8.903953130356967449e-08,2.552702208049595356e-04,7.539310608990490437e-04,1.109651988372206688e-03,1.183197251521050930e-03,9.960380848497152328e-04,6.765291327610611916e-04,4.065249813720583916e-04,1.975382911041378975e-04,9.332775516668334603e-05,2.749604391283355653e-05,1.367690674669574946e-05,1.045232784235849977e-05,-5.983701498735172208e-07,-2.778192538244184107e-06,-5.866237643203930929e-06,-7.277658369275741279e-07,-3.211103603462106548e-06,1.672342250458314084e-06
1.898792675092408899e-06,1.116759662522781582e-07,2.552867517806589603e-04,7.540438091382384300e-04,1.109809265471994877e-03,1.183345913887023926e-03,9.962160838767886162e-04,6.766211008653044701e-04,4.065443354193121195e-04,1.975440536625683308e-04,9.329796012025326490e-05,2.744207813520915806e-05,1.366474953101715073e-05,1.043070187733974308e-05,-5.895910248909785878e-07,-2.787767925838124938e-06,-5.878007414139574394e-06,-7.457114179487689398e-07,-3.240754949729307555e-06,1.648113538976758718e-06
1.898932623589644209e-06,1.191640706110774772e-07,2.552958612795919180e-04,7.540783262811601162e-04,1.109858159907162189e-03,1.183402957394719124e-03,9.962654439732432365e-04,6.766613805666565895e-04,4.065695684403181076e-04,1.975529157789424062e-04,9.329464228358119726e-05,2.742068863881286234e-05,1.366986998618813232e-05,1.042564053932437673e-05,-5.884398319722095039e-07,-2.794050942611647770e-06,-5.888529813091736287e-06,-7.504022505600005388e-07,-3.259561253798892722e-06,1.636020670048310421e-06
1.929713334902771749e-06,4.533742981038813014e-08,2.552995574660599232e-04,7.538792560808360577e-04,1.109558623284101486e-03,1.183040323667228222e-03,9.957759175449609756e-04,6.762936827726662159e-04,4.063709056936204433e-04,1.974202896235510707e-04,9.329309250460937619e-05,2.752849286480341107e-05,1.365827210975112393e-05,1.047552359523251653e-05,-6.450632099586073309e-07,-2.766078296190244146e-06,-5.868023436050862074e-06,-7.035370686025999021e-07,-3.145260052406229079e-06,1.711030790829681791e-06
1.899007884276215918e-06,8.193874379003318609e-08,2.552684163674712181e-04,7.539085927419364452e-04,1.109628356061875820e-03,1.183186424896121025e-03,9.960290044546127319e-04,6.765378057025372982e-04,4.065445973537862301e-04,1.975529157789424062e-04,9.334013157058507204e-05,2.750512430793605745e-05,1.369396977679571137e-05,1.044826058205217123e-05,-6.007155661791330203e-07,-2.780925342449336313e-06,-5.872671408724272624e-06,-7.284974117283127271e-07,-3.210285967725212686e-06,1.672729581514431629e-06
1.921967168527771719e-06,5.887195442255688249e-08,2.552930673118680716e-04,7.539019570685923100e-04,1.109593780711293221e-03,1.183097716420888901e-03,9.958611335605382919e-04,6.763693527318537235e-04,4.064254753757268190e-04,1.974600018002092838e-04,9.330475586466491222e-05,2.751536703726742417e-05,1.367008553643245250e-05,1.046882061928045005e-05,-6.304743465079809539e-07,-2.770898163362289779e-06,-5.870562745258212090e-06,-7.117998279682069551e-07,-3.170091304127709009e-06,1.697560833235911559e-06
1.867613832473580260e-06,1.881923026303411461e-07,2.553005178924649954e-04,7.542714593000710011e-04,1.110133365727961063e-03,1.183693413622677326e-03,9.966309880837798119e-04,6.768855382688343525e-04,4.066468391101807356e-04,1.975972409127280116e-04,9.324928396381437778e-05,2.733393012022133917e-05,1.364729814667953178e-05,1.037925358104985207e-05,-5.420157549451687373e-07,-2.800549282255815342e-06,-5.889239673706470057e-06,-7.891338213994458783e-07,-3.329493210912914947e-06,1.593545107425597962e-06
1.928293158925953321e-06,3.259905412278385484e-08,2.552639925852417946e-04,7.537777419202029705e-04,1.109437551349401474e-03,1.182981650345027447e-03,9.957880247384309769e-04,6.763854762539267540e-04,4.064893291797488928e-04,1.975276973098516464e-04,9.337606752524152398e-05,2.756197318376507610e-05,1.370550307910889387e-05,1.049001002684235573e-05,-6.341538210108410567e-07,-2.776148448901949450e-06,-5.866818355571012944e-06,-7.065495424285472836e-07,-3.165486532452632673e-06,1.699669496701972093e-06
