7.633894681930541992e-03,8.032963871955871582e-01,2.209537124633789062e+01,7.825319671630859375e+01,1.371950836181640625e+02,1.691627502441406250e+02,1.712893066406250000e+02,1.498908081054687500e+02,1.170438766479492188e+02,8.213485717773437500e+01,5.330618286132812500e+01,3.090241813659667969e+01,1.653897476196289062e+01,8.665801048278808594e+00,3.379097938537597656e+00,1.153352260589599609e+00,2.713936567306518555e-01,9.026221930980682373e-02,1.141826063394546509e-02,-2.899788320064544678e-03
-8.281007409095764160e-03,7.922512292861938477e-01,1.997974205017089844e+01,7.087718963623046875e+01,1.242443695068359375e+02,1.531565399169921875e+02,1.551393127441406250e+02,1.357036132812500000e+02,1.059582595825195312e+02,7.438278961181640625e+01,4.832901763916015625e+01,2.799052047729492188e+01,1.503469371795654297e+01,7.856564044952392578e+00,3.068493604660034180e+00,1.018325448036193848e+00,2.357355803251266479e-01,4.389879107475280762e-02,9.492148458957672119e-02,3.757884353399276733e-02
2.301268279552459717e-02,8.194203376770019531e-01,2.435781860351562500e+01,8.614912414550781250e+01,1.510594940185546875e+02,1.862950897216796875e+02,1.885791778564453125e+02,1.650769653320312500e+02,1.289093322753906250e+02,9.043478393554687500e+01,5.863626098632812500e+01,3.402066802978515625e+01,1.815264129638671875e+01,9.533043861389160156e+00,3.713204860687255859e+00,1.297852993011474609e+00,3.085553050041198730e-01,1.380057036876678467e-01,-7.373820990324020386e-02,-4.454629123210906982e-02
1.579806208610534668e-03,7.967872023582458496e-01,2.115030097961425781e+01,7.495482635498046875e+01,1.314033813476562500e+02,1.620059204101562500e+02,1.640669250488281250e+02,1.435471191406250000e+02,1.120871658325195312e+02,7.866748046875000000e+01,5.107965087890625000e+01,2.959990692138671875e+01,1.586494636535644531e+01,8.303553581237792969e+00,3.239367246627807617e+00,1.093143820762634277e+00,2.556325197219848633e-01,7.055537402629852295e-02,4.723627865314483643e-02,1.420274376869201660e-02
2.555812895298004150e-02,8.214932680130004883e-01,2.478760719299316406e+01,8.764530944824218750e+01,1.536876068115234375e+02,1.895440216064453125e+02,1.918566436767578125e+02,1.679564361572265625e+02,1.311590728759765625e+02,9.200817108154296875e+01,5.964640808105468750e+01,3.461176300048828125e+01,1.845811653137207031e+01,9.697838783264160156e+00,3.776498794555664062e+00,1.324932456016540527e+00,3.159607648849487305e-01,1.469520181417465210e-01,-9.096542745828628540e-02,-5.280582606792449951e-02
-4.453584551811218262e-04,7.947161793708801270e-01,2.093373489379882812e+01,7.419738769531250000e+01,1.300739746093750000e+02,1.603636779785156250e+02,1.624090270996093750e+02,1.420911102294921875e+02,1.109495086669921875e+02,7.787182617187500000e+01,5.056858062744140625e+01,2.930101966857910156e+01,1.571023464202880859e+01,8.220588684082031250e+00,3.207600355148315430e+00,1.079021573066711426e+00,2.522802352905273438e-01,6.563001871109008789e-02,5.493768304586410522e-02,1.837516576051712036e-02
-5.421377718448638916e-03,7.958939671516418457e-01,2.041058349609375000e+01,7.238193511962890625e+01,1.268864822387695312e+02,1.564208068847656250e+02,1.584341888427734375e+02,1.385974578857421875e+02,1.082190628051757812e+02,7.596456146240234375e+01,4.934482955932617188e+01,2.858468627929687500e+01,1.534238243103027344e+01,8.021943092346191406e+00,3.132203102111816406e+00,1.046107292175292969e+00,2.428472042083740234e-01,5.285017192363739014e-02,7.929608970880508423e-02,2.971645444631576538e-02
2.316059917211532593e-02,8.231334090232849121e-01,2.447285461425781250e+01,8.655712127685546875e+01,1.517758789062500000e+02,1.871780548095703125e+02,1.894727630615234375e+02,1.658601837158203125e+02,1.295211029052734375e+02,9.086410522460937500e+01,5.891280364990234375e+01,3.418222808837890625e+01,1.823800086975097656e+01,9.578094482421875000e+00,3.731276035308837891e+00,1.305331945419311523e+00,3.097197115421295166e-01,1.395822465419769287e-01,-7.538107782602310181e-02,-4.567515850067138672e-02
-8.990988135337829590e-04,7.963883876800537109e-01,2.093246459960937500e+01,7.419676208496093750e+01,1.300729522705078125e+02,1.603609924316406250e+02,1.624077911376953125e+02,1.420891571044921875e+02,1.109477615356445312e+02,7.787158966064453125e+01,5.056872940063476562e+01,2.930102157592773438e+01,1.571108722686767578e+01,8.220704078674316406e+00,3.208143949508666992e+00,1.079144954681396484e+00,2.519831657409667969e-01,6.503939628601074219e-02,5.654714256525039673e-02,1.902493089437484741e-02
-9.357735514640808105e-03,7.893763184547424316e-01,1.975245094299316406e+01,7.008155822753906250e+01,1.228471221923828125e+02,1.514309387207031250e+02,1.533968200683593750e+02,1.341737060546875000e+02,1.047630538940429688e+02,7.354611968994140625e+01,4.779136657714843750e+01,2.767615127563476562e+01,1.487111759185791016e+01,7.768900871276855469e+00,3.034488916397094727e+00,1.003801584243774414e+00,2.322246432304382324e-01,3.964691609144210815e-02,1.022873148322105408e-01,4.129884392023086548e-02
-2.630919218063354492e-03,7.974128127098083496e-01,2.074891853332519531e+01,7.356092834472656250e+01,1.289564971923828125e+02,1.589795532226562500e+02,1.610155334472656250e+02,1.408653106689453125e+02,1.099912872314453125e+02,7.720352935791015625e+01,5.014018249511718750e+01,2.905003738403320312e+01,1.558251762390136719e+01,8.151250839233398438e+00,3.181636810302734375e+00,1.067663788795471191e+00,2.485674321651458740e-01,6.052292883396148682e-02,6.558233499526977539e-02,2.299308776855468750e-02
1.382078975439071655e-02,8.124884963035583496e-01,2.305194282531738281e+01,8.159706115722656250e+01,1.430662994384765625e+02,1.764159698486328125e+02,1.786113891601562500e+02,1.563207092285156250e+02,1.220674514770507812e+02,8.564998626708984375e+01,5.556426620483398438e+01,3.222328948974609375e+01,1.722385406494140625e+01,9.033193588256835938e+00,3.521180152893066406e+00,1.214703559875488281e+00,2.864792943000793457e-01,1.098805367946624756e-01,-2.228287607431411743e-02,-1.986115425825119019e-02
-5.335278809070587158e-03,7.933393120765686035e-01,2.032272911071777344e+01,7.207085418701171875e+01,1.263402404785156250e+02,1.557476043701171875e+02,1.577529144287109375e+02,1.380002288818359375e+02,1.077527923583984375e+02,7.563710021972656250e+01,4.913412094116210938e+01,2.846150588989257812e+01,1.527752685546875000e+01,7.987561702728271484e+00,3.118283033370971680e+00,1.040242195129394531e+00,2.417222857475280762e-01,5.177739262580871582e-02,8.067392557859420776e-02,3.047266602516174316e-02
-6.602331995964050293e-04,8.043647408485412598e-01,2.125264549255371094e+01,7.532589721679687500e+01,1.320561523437500000e+02,1.628068237304687500e+02,1.648809204101562500e+02,1.442586669921875000e+02,1.126420974731445312e+02,7.905995941162109375e+01,5.133291625976562500e+01,2.974754905700683594e+01,1.594551372528076172e+01,8.345789909362792969e+00,3.257568597793579102e+00,1.100135684013366699e+00,2.564788758754730225e-01,6.956583261489868164e-02,4.983889311552047729e-02,1.526164263486862183e-02
2.798882871866226196e-02,8.273863792419433594e-01,2.519264411926269531e+01,8.906517791748046875e+01,1.561803588867187500e+02,1.926215820312500000e+02,1.949652099609375000e+02,1.706856842041015625e+02,1.332910614013671875e+02,9.350065612792968750e+01,6.060536956787109375e+01,3.517223739624023438e+01,1.874976539611816406e+01,9.854176521301269531e+00,3.836733818054199219e+00,1.351450920104980469e+00,3.222500681877136230e-01,1.548465043306350708e-01,-1.033569499850273132e-01,-5.966779589653015137e-02
3.585044294595718384e-02,8.323140144348144531e-01,2.608612823486328125e+01,9.218136596679687500e+01,1.616508331298828125e+02,1.993827362060546875e+02,2.017873229980468750e+02,1.766786651611328125e+02,1.379740600585937500e+02,9.677476501464843750e+01,6.270771026611328125e+01,3.640215682983398438e+01,1.938490295410156250e+01,1.019562149047851562e+01,3.967350721359252930e+00,1.408746361732482910e+00,3.369144201278686523e-01,1.752833425998687744e-01,-1.384862959384918213e-01,-7.742010056972503662e-02
-1.110824942588806152e-02,7.865685820579528809e-01,1.945355224609375000e+01,6.903707885742187500e+01,1.210130233764648438e+02,1.491651153564453125e+02,1.511095733642578125e+02,1.321651153564453125e+02,1.031938247680664062e+02,7.244796752929687500e+01,4.708608245849609375e+01,2.726356697082519531e+01,1.465725326538085938e+01,7.654017925262451172e+00,2.990061044692993164e+00,9.845955967903137207e-01,2.273731231689453125e-01,3.362099081277847290e-02,1.128872632980346680e-01,4.654471203684806824e-02
-4.803098738193511963e-03,7.961786389350891113e-01,2.047784996032714844e+01,7.261666870117187500e+01,1.272985534667968750e+02,1.569302062988281250e+02,1.589480743408203125e+02,1.390488128662109375e+02,1.085719223022460938e+02,7.621119689941406250e+01,4.950325775146484375e+01,2.867741775512695312e+01,1.539026355743408203e+01,8.047551155090332031e+00,3.142115354537963867e+00,1.050274372100830078e+00,2.438599467277526855e-01,5.442418158054351807e-02,7.651328295469284058e-02,2.845934778451919556e-02
3.209558129310607910e-02,8.235012888908386230e-01,2.539964294433593750e+01,8.977750396728515625e+01,1.574298553466796875e+02,1.941701049804687500e+02,1.965234832763671875e+02,1.720567321777343750e+02,1.343634338378906250e+02,9.424730682373046875e+01,6.108382415771484375e+01,3.545276641845703125e+01,1.889136505126953125e+01,9.930939674377441406e+00,3.864959239959716797e+00,1.364377260208129883e+00,3.261039853096008301e-01,1.620073467493057251e-01,-1.163109168410301208e-01,-6.577329337596893311e-02
4.838258028030395508e-04,8.068049550056457520e-01,2.143114471435546875e+01,7.595067596435546875e+01,1.331530761718750000e+02,1.641615295410156250e+02,1.662491607666015625e+02,1.454600524902343750e+02,1.135803680419921875e+02,7.971661376953125000e+01,5.175510025024414062e+01,2.999429321289062500e+01,1.607400131225585938e+01,8.414675712585449219e+00,3.283956766128540039e+00,1.111719369888305664e+00,2.591190636157989502e-01,7.313589751720428467e-02,4.433459043502807617e-02,1.191247999668121338e-02
7.007211446762084961e-03,8.059719800949096680e-01,2.208970832824707031e+01,7.823990631103515625e+01,1.371716918945312500e+02,1.691316528320312500e+02,1.712603454589843750e+02,1.498636932373046875e+02,1.170224609375000000e+02,8.212140655517578125e+01,5.329822921752929688e+01,3.089775466918945312e+01,1.653795814514160156e+01,8.664479255676269531e+00,3.379527568817138672e+00,1.153230071067810059e+00,2.706069946289062500e-01,8.939328789710998535e-02,1.414570957422256470e-02,-1.801937818527221680e-03
-3.902882337570190430e-03,7.953975796699523926e-01,2.054418563842773438e+01,7.284518432617187500e+01,1.276997375488281250e+02,1.574270782470703125e+02,1.594483337402343750e+02,1.394890136718750000e+02,1.089159698486328125e+02,7.645109558105468750e+01,4.965692901611328125e+01,2.876741027832031250e+01,1.543597602844238281e+01,8.072556495666503906e+00,3.151272773742675781e+00,1.054503798484802246e+00,2.452516555786132812e-01,5.636203289031982422e-02,7.279260456562042236e-02,2.659565210342407227e-02
2.126277983188629150e-02,8.183176517486572266e-01,2.412969589233398438e+01,8.535355377197265625e+01,1.496628265380859375e+02,1.845689697265625000e+02,1.868374328613281250e+02,1.635470428466796875e+02,1.277138595581054688e+02,8.959877014160156250e+01,5.809943771362304688e+01,3.370656585693359375e+01,1.799035644531250000e+01,9.445906639099121094e+00,3.679638385772705078e+00,1.283294677734375000e+00,3.047730326652526855e-01,1.330014616250991821e-01,-6.475516408681869507e-02,-4.029579460620880127e-02
-9.297594428062438965e-03,7.882601618766784668e-01,1.972692680358886719e+01,6.999033355712890625e+01,1.226869812011718750e+02,1.512338562011718750e+02,1.531970825195312500e+02,1.339987792968750000e+02,1.046265335083007812e+02,7.345004272460937500e+01,4.772955703735351562e+01,2.764001655578613281e+01,1.485200214385986328e+01,7.758776187896728516e+00,3.030340909957885742e+00,1.001980185508728027e+00,2.319312393665313721e-01,3.938131779432296753e-02,1.023606285452842712e-01,4.146260023117065430e-02
2.982942014932632446e-02,8.272105455398559570e-01,2.524307441711425781e+01,8.924121093750000000e+01,1.564882354736328125e+02,1.930025939941406250e+02,1.953493652343750000e+02,1.710233459472656250e+02,1.335553588867187500e+02,9.368432617187500000e+01,6.072348403930664062e+01,3.524128723144531250e+01,1.878486061096191406e+01,9.872751235961914062e+00,3.843268394470214844e+00,1.354818940162658691e+00,3.227232694625854492e-01,1.571844816207885742e-01,-1.058824434876441956e-01,-6.152041256427764893e-02
-1.061992347240447998e-02,7.898380756378173828e-01,1.965702438354492188e+01,6.975071716308593750e+01,1.222665176391601562e+02,1.507125396728515625e+02,1.526728057861328125e+02,1.335372161865234375e+02,1.042654571533203125e+02,7.319887542724609375e+01,4.756863784790039062e+01,2.754575920104980469e+01,1.480440425872802734e+01,7.732860088348388672e+00,3.021008014678955078e+00,9.977495074272155762e-01,2.305312156677246094e-01,3.699678927659988403e-02,1.070046201348304749e-01,4.358552768826484680e-02
4.661177098751068115e-02,8.476204872131347656e-01,2.802915954589843750e+01,9.896109008789062500e+01,1.735580139160156250e+02,2.140962677001953125e+02,2.166367034912109375e+02,1.897211914062500000e+02,1.481635437011718750e+02,1.039038085937500000e+02,6.728649902343750000e+01,3.908052444458007812e+01,2.077294158935546875e+01,1.094212722778320312e+01,4.255256652832031250e+00,1.532156944274902344e+00,3.690163493156433105e-01,2.141550928354263306e-01,-2.101401388645172119e-01,-1.124432086944580078e-01
1.156497001647949219e-02,8.072779178619384766e-01,2.260980415344238281e+01,8.004889678955078125e+01,1.403478851318359375e+02,1.730586700439453125e+02,1.752212982177734375e+02,1.533443603515625000e+02,1.197422103881835938e+02,8.402199554443359375e+01,5.451845169067382812e+01,3.161149597167968750e+01,1.690619087219238281e+01,8.862984657287597656e+00,3.454733848571777344e+00,1.186216115951538086e+00,2.795277237892150879e-01,1.013968735933303833e-01,-7.637642323970794678e-03,-1.272125542163848877e-02
1.386202871799468994e-03,8.014227151870727539e-01,2.134341239929199219e+01,7.563500213623046875e+01,1.325984497070312500e+02,1.634801940917968750e+02,1.655573425292968750e+02,1.448545989990234375e+02,1.131082839965820312e+02,7.938371276855468750e+01,5.154035949707031250e+01,2.986914825439453125e+01,1.600645637512207031e+01,8.379075050354003906e+00,3.269333600997924805e+00,1.105486631393432617e+00,2.583177685737609863e-01,7.306544482707977295e-02,4.301835596561431885e-02,1.198647916316986084e-02
-7.633730769157409668e-03,7.892691493034362793e-01,1.993792152404785156e+01,7.072629547119140625e+01,1.239789505004882812e+02,1.528305664062500000e+02,1.548081512451171875e+02,1.354140319824218750e+02,1.057324066162109375e+02,7.422341156005859375e+01,4.822597885131835938e+01,2.793048858642578125e+01,1.500188159942626953e+01,7.839374542236328125e+00,3.061347723007202148e+00,1.015560865402221680e+00,2.355513572692871094e-01,4.408914595842361450e-02,9.397222101688385010e-02,3.745570778846740723e-02
1.867022365331649780e-02,8.188553452491760254e-01,2.374895286560058594e+01,8.403182983398437500e+01,1.473412933349609375e+02,1.816974639892578125e+02,1.839425048828125000e+02,1.610031585693359375e+02,1.257256546020507812e+02,8.820912170410156250e+01,5.720779037475585938e+01,3.318437576293945312e+01,1.772180175781250000e+01,9.300966262817382812e+00,3.623810768127441406e+00,1.259717345237731934e+00,2.979313135147094727e-01,1.245121359825134277e-01,-4.727270454168319702e-02,-3.288306295871734619e-02
3.902390599250793457e-03,8.008882403373718262e-01,2.163827323913574219e+01,7.665837860107421875e+01,1.343954315185546875e+02,1.657028656005859375e+02,1.677982177734375000e+02,1.468240966796875000e+02,1.146473617553710938e+02,8.045909118652343750e+01,5.223034286499023438e+01,3.027304649353027344e+01,1.621399116516113281e+01,8.491172790527343750e+00,3.312044382095336914e+00,1.124055981636047363e+00,2.636997103691101074e-01,8.001644909381866455e-02,2.947449684143066406e-02,5.785979330539703369e-03
-1.126080751419067383e-02,7.876042723655700684e-01,1.947944641113281250e+01,6.912899780273437500e+01,1.211745834350585938e+02,1.493641204833984375e+02,1.513111114501953125e+02,1.323417205810546875e+02,1.033316574096679688e+02,7.254483032226562500e+01,4.714855194091796875e+01,2.730001449584960938e+01,1.467673015594482422e+01,7.664319515228271484e+00,2.994190216064453125e+00,9.862504601478576660e-01,2.276251912117004395e-01,3.380467742681503296e-02,1.127356886863708496e-01,4.635186493396759033e-02
5.126304924488067627e-03,8.025646209716796875e-01,2.186749076843261719e+01,7.745862579345703125e+01,1.358008270263671875e+02,1.674394226074218750e+02,1.695507049560546875e+02,1.483632202148437500e+02,1.158500595092773438e+02,8.130059814453125000e+01,5.277071762084960938e+01,3.058922004699707031e+01,1.637772941589355469e+01,8.579113006591796875e+00,3.346178054809570312e+00,1.138530373573303223e+00,2.674972414970397949e-01,8.459347486495971680e-02,2.084773778915405273e-02,1.879066228866577148e-03
-8.784964680671691895e-03,7.916659712791442871e-01,1.990342903137207031e+01,7.061056518554687500e+01,1.237762603759765625e+02,1.525781250000000000e+02,1.545555725097656250e+02,1.351910095214843750e+02,1.055576248168945312e+02,7.410257720947265625e+01,4.814901733398437500e+01,2.788520812988281250e+01,1.498010921478271484e+01,7.827329158782958984e+00,3.057200908660888672e+00,1.013526558876037598e+00,2.345576584339141846e-01,4.228387773036956787e-02,9.777712821960449219e-02,3.891143947839736938e-02
-4.213362932205200195e-03,7.946792244911193848e-01,2.048391151428222656e+01,7.263489532470703125e+01,1.273302917480468750e+02,1.569707336425781250e+02,1.589875793457031250e+02,1.390843505859375000e+02,1.085999221801757812e+02,7.622994232177734375e+01,4.951487731933593750e+01,2.868434715270996094e+01,1.539280986785888672e+01,8.049240112304687500e+00,3.142404794692993164e+00,1.050580382347106934e+00,2.442663460969924927e-01,5.520467460155487061e-02,7.479435950517654419e-02,2.772123366594314575e-02
-5.717225372791290283e-03,7.936486601829528809e-01,2.029124450683593750e+01,7.196279907226562500e+01,1.261503448486328125e+02,1.555124664306640625e+02,1.575161590576171875e+02,1.377918090820312500e+02,1.075899505615234375e+02,7.552358245849609375e+01,4.906143569946289062e+01,2.841900825500488281e+01,1.525584983825683594e+01,7.975588321685791016e+00,3.114036083221435547e+00,1.038220763206481934e+00,2.410136163234710693e-01,5.094152688980102539e-02,8.238809555768966675e-02,3.137379139661788940e-02
3.080957382917404175e-02,8.286403417587280273e-01,2.551872444152832031e+01,9.020013427734375000e+01,1.581730499267578125e+02,1.950850372314453125e+02,1.974503326416015625e+02,1.728693389892578125e+02,1.349971160888671875e+02,9.469316101074218750e+01,6.137090682983398438e+01,3.562006378173828125e+01,1.898075294494628906e+01,9.978844642639160156e+00,3.883991956710815430e+00,1.372421860694885254e+00,3.278872966766357422e-01,1.623826622962951660e-01,-1.166253313422203064e-01,-6.661893427371978760e-02
-1.236568391323089600e-02,7.854787707328796387e-01,1.928966140747070312e+01,6.846483612060546875e+01,1.200083999633789062e+02,1.479236755371093750e+02,1.498567047119140625e+02,1.310647735595703125e+02,1.023339843750000000e+02,7.184657287597656250e+01,4.669984436035156250e+01,2.703756141662597656e+01,1.454038906097412109e+01,7.591336250305175781e+00,2.965831995010375977e+00,9.741351008415222168e-01,2.247549146413803101e-01,3.004172444343566895e-02,1.191370487213134766e-01,4.955220222473144531e-02
4.809267818927764893e-03,7.984773516654968262e-01,2.162219619750976562e+01,7.659884643554687500e+01,1.342902221679687500e+02,1.655746002197265625e+02,1.676669006347656250e+02,1.467096252441406250e+02,1.145585174560546875e+02,8.039570617675781250e+01,5.218908309936523438e+01,3.024924468994140625e+01,1.620004272460937500e+01,8.483830451965332031e+00,3.308967351913452148e+00,1.122903227806091309e+00,2.636928558349609375e-01,8.078542351722717285e-02,2.785448729991912842e-02,5.378209054470062256e-03
-4.145815968513488770e-03,7.985733151435852051e-01,2.065069770812988281e+01,7.322184753417968750e+01,1.283614654541015625e+02,1.582427520751953125e+02,1.602736358642578125e+02,1.402125396728515625e+02,1.094809799194335938e+02,7.684772491455078125e+01,4.991227722167968750e+01,2.891658973693847656e+01,1.551483440399169922e+01,8.114379882812500000e+00,3.168053150177001953e+00,1.061364054679870605e+00,2.465368062257766724e-01,5.751989781856536865e-02,7.113243639469146729e-02,2.570007741451263428e-02
-7.985621690750122070e-03,7.939117550849914551e-01,2.008029747009277344e+01,7.122934722900390625e+01,1.248630218505859375e+02,1.539202575683593750e+02,1.559107208251953125e+02,1.363811035156250000e+02,1.064872512817382812e+02,7.475334167480468750e+01,4.856695938110351562e+01,2.812952423095703125e+01,1.510709476470947266e+01,7.895674705505371094e+00,3.083501815795898438e+00,1.024975776672363281e+00,2.375098168849945068e-01,4.559081792831420898e-02,9.200502187013626099e-02,3.587746620178222656e-02
-7.442787289619445801e-03,7.923586964607238770e-01,2.008172988891601562e+01,7.123153686523437500e+01,1.248666381835937500e+02,1.539260406494140625e+02,1.559152679443359375e+02,1.363856658935546875e+02,1.064911804199218750e+02,7.475522613525390625e+01,4.856795883178710938e+01,2.813031005859375000e+01,1.510661888122558594e+01,7.895497798919677734e+00,3.083246946334838867e+00,1.024817109107971191e+00,2.376345098018646240e-01,4.624388366937637329e-02,9.046027064323425293e-02,3.539963811635971069e-02
3.754177689552307129e-02,8.296552300453186035e-01,2.627736282348632812e+01,9.283932495117187500e+01,1.628067932128906250e+02,2.008146820068359375e+02,2.032288818359375000e+02,1.779465179443359375e+02,1.389651336669921875e+02,9.746630859375000000e+01,6.315104293823242188e+01,3.666204071044921875e+01,1.951740837097167969e+01,1.026765727996826172e+01,3.994599103927612305e+00,1.420229554176330566e+00,3.407167792320251465e-01,1.801276057958602905e-01,-1.494401097297668457e-01,-8.188395202159881592e-02
6.020650267601013184e-03,8.010599613189697266e-01,2.178342056274414062e+01,7.716443634033203125e+01,1.352830505371093750e+02,1.668001556396484375e+02,1.689049835205078125e+02,1.477966766357421875e+02,1.154076385498046875e+02,8.099006652832031250e+01,5.257096481323242188e+01,3.047239494323730469e+01,1.631612777709960938e+01,8.546091079711914062e+00,3.332809686660766602e+00,1.133630871772766113e+00,2.661604285240173340e-01,8.407598733901977539e-02,2.310252934694290161e-02,2.500891685485839844e-03
-8.122548460960388184e-04,7.988886833190917969e-01,2.100155067443847656e+01,7.444255828857421875e+01,1.305042877197265625e+02,1.608922424316406250e+02,1.629457702636718750e+02,1.425605926513671875e+02,1.113159484863281250e+02,7.813002014160156250e+01,5.073528671264648438e+01,2.939819717407226562e+01,1.576266288757324219e+01,8.247828483581542969e+00,3.218933343887329102e+00,1.083726882934570312e+00,2.526482939720153809e-01,6.595323979854583740e-02,5.588936805725097656e-02,1.839640736579895020e-02
6.619378924369812012e-03,8.045464754104614258e-01,2.204055786132812500e+01,7.806492614746093750e+01,1.368647918701171875e+02,1.687534942626953125e+02,1.708776855468750000e+02,1.495283355712890625e+02,1.167603378295898438e+02,8.193745422363281250e+01,5.318001174926757812e+01,3.082854652404785156e+01,1.650193214416503906e+01,8.645484924316406250e+00,3.371754407882690430e+00,1.149805307388305664e+00,2.700332999229431152e-01,8.838872611522674561e-02,1.510948687791824341e-02,-1.289263367652893066e-03
-9.593605995178222656e-03,7.901099920272827148e-01,1.976549911499023438e+01,7.012813568115234375e+01,1.229291000366210938e+02,1.515317382812500000e+02,1.534990844726562500e+02,1.342632293701171875e+02,1.048329010009765625e+02,7.359528350830078125e+01,4.782320022583007812e+01,2.769466018676757812e+01,1.488127803802490234e+01,7.774209022521972656e+00,3.036642313003540039e+00,1.004567623138427734e+00,2.323008179664611816e-01,3.956713527441024780e-02,1.024297326803207397e-01,4.133415222167968750e-02
-1.933626830577850342e-03,7.979226112365722656e-01,2.084051322937011719e+01,7.388013458251953125e+01,1.295168457031250000e+02,1.596720428466796875e+02,1.617144927978515625e+02,1.414791259765625000e+02,1.104708404541015625e+02,7.753874206542968750e+01,5.035575485229492188e+01,2.917606735229492188e+01,1.564799880981445312e+01,8.186263084411621094e+00,3.194961547851562500e+00,1.073418021202087402e+00,2.499148696660995483e-01,6.250864267349243164e-02,6.216374039649963379e-02,2.123020589351654053e-02
4.246054589748382568e-02,8.313412666320800781e-01,2.691875076293945312e+01,9.507294464111328125e+01,1.667284240722656250e+02,2.056625671386718750e+02,2.081190643310546875e+02,1.822428436279296875e+02,1.423225250244140625e+02,9.981362915039062500e+01,6.465767669677734375e+01,3.754374694824218750e+01,1.997197341918945312e+01,1.051232433319091797e+01,4.088597297668457031e+00,1.460960626602172852e+00,3.518731594085693359e-01,1.944897025823593140e-01,-1.762431263923645020e-01,-9.422843158245086670e-02
-5.060963332653045654e-03,7.954325675964355469e-01,2.041018486022949219e+01,7.237967681884765625e+01,1.268824157714843750e+02,1.564163360595703125e+02,1.584291839599609375e+02,1.385932769775390625e+02,1.082159729003906250e+02,7.596200561523437500e+01,4.934310531616210938e+01,2.858378982543945312e+01,1.534151077270507812e+01,8.021533012390136719e+00,3.131938457489013672e+00,1.046016573905944824e+00,2.428100556135177612e-01,5.319635570049285889e-02,7.877643406391143799e-02,2.944079786539077759e-02
2.557983994483947754e-02,8.250234127044677734e-01,2.474917411804199219e+01,8.752134704589843750e+01,1.534684448242187500e+02,1.892695770263671875e+02,1.915835876464843750e+02,1.677144775390625000e+02,1.309697875976562500e+02,9.187709808349609375e+01,5.956336212158203125e+01,3.456267166137695312e+01,1.843471145629882812e+01,9.683851242065429688e+00,3.771602869033813477e+00,1.323237776756286621e+00,3.142625093460083008e-01,1.458076685667037964e-01,-8.577135950326919556e-02,-5.121995508670806885e-02
2.632892876863479614e-02,8.335089683532714844e-01,2.529452896118164062e+01,8.942987823486328125e+01,1.568224182128906250e+02,1.934115447998046875e+02,1.957665100097656250e+02,1.713870391845703125e+02,1.338380737304687500e+02,9.388632965087890625e+01,6.085474014282226562e+01,3.531763839721679688e+01,1.882885360717773438e+01,9.895743370056152344e+00,3.854126453399658203e+00,1.357681035995483398e+00,3.228325545787811279e-01,1.544083356857299805e-01,-1.021397486329078674e-01,-5.965602397918701172e-02
-4.971094429492950439e-03,7.946978807449340820e-01,2.040959548950195312e+01,7.237647247314453125e+01,1.268765869140625000e+02,1.564095001220703125e+02,1.584219207763671875e+02,1.385870666503906250e+02,1.082111358642578125e+02,7.595839691162109375e+01,4.934071731567382812e+01,2.858244323730468750e+01,1.534050464630126953e+01,8.020985603332519531e+00,3.131696462631225586e+00,1.045950889587402344e+00,2.429145276546478271e-01,5.334910750389099121e-02,7.826265692710876465e-02,2.934154868125915527e-02
2.183221280574798584e-02,8.202819824218750000e-01,2.410850906372070312e+01,8.528446197509765625e+01,1.495404205322265625e+02,1.844157867431640625e+02,1.866850280761718750e+02,1.634124755859375000e+02,1.276083221435546875e+02,8.952526092529296875e+01,5.805280303955078125e+01,3.367883300781250000e+01,1.797690963745117188e+01,9.438188552856445312e+00,3.676317214965820312e+00,1.282719016075134277e+00,3.039159178733825684e-01,1.327659785747528076e-01,-6.186192482709884644e-02,-4.002995789051055908e-02
-1.038821041584014893e-02,7.893958091735839844e-01,1.964315795898437500e+01,6.970172882080078125e+01,1.221802597045898438e+02,1.506062774658203125e+02,1.525652008056640625e+02,1.334429168701171875e+02,1.041920318603515625e+02,7.314700317382812500e+01,4.753535079956054688e+01,2.752621841430664062e+01,1.479418087005615234e+01,7.727334976196289062e+00,3.018590450286865234e+00,9.967524409294128418e-01,2.302515208721160889e-01,3.699787706136703491e-02,1.071542352437973022e-01,4.360820353031158447e-02
-5.512148141860961914e-03,7.940909266471862793e-01,2.034240531921386719e+01,7.214172363281250000e+01,1.264645462036132812e+02,1.559004974365234375e+02,1.579080047607421875e+02,1.381357421875000000e+02,1.078585968017578125e+02,7.571182250976562500e+01,4.918223953247070312e+01,2.848980522155761719e+01,1.529243755340576172e+01,7.995222568511962891e+00,3.121859550476074219e+00,1.041580557823181152e+00,2.418710291385650635e-01,5.189269781112670898e-02,8.059270679950714111e-02,3.064151108264923096e-02
-5.061887204647064209e-03,7.969621419906616211e-01,2.048895645141601562e+01,7.265685272216796875e+01,1.273691711425781250e+02,1.570168914794921875e+02,1.590361175537109375e+02,1.391258544921875000e+02,1.086320266723632812e+02,7.625360107421875000e+01,4.953068923950195312e+01,2.869330596923828125e+01,1.539907264709472656e+01,8.052135467529296875e+00,3.143973588943481445e+00,1.050958633422851562e+00,2.439494878053665161e-01,5.429479479789733887e-02,7.680144906044006348e-02,2.854756265878677368e-02
1.599309593439102173e-02,8.088321685791015625e-01,2.319571685791015625e+01,8.208908843994140625e+01,1.439301147460937500e+02,1.774872589111328125e+02,1.796883544921875000e+02,1.572688751220703125e+02,1.228091125488281250e+02,8.616631317138671875e+01,5.589466476440429688e+01,3.241706085205078125e+01,1.732133865356445312e+01,9.086555480957031250e+00,3.540769338607788086e+00,1.223382234573364258e+00,2.896977066993713379e-01,1.144984364509582520e-01,-3.222971409559249878e-02,-2.396956086158752441e-02
-6.177775561809539795e-03,7.916756868362426758e-01,2.016678237915039062e+01,7.152626037597656250e+01,1.253836975097656250e+02,1.545658721923828125e+02,1.565599822998046875e+02,1.369525299072265625e+02,1.069343185424804688e+02,7.506444549560546875e+01,4.876618576049804688e+01,2.824639701843261719e+01,1.516573238372802734e+01,7.927444934844970703e+00,3.095235347747802734e+00,1.030316233634948730e+00,2.392397969961166382e-01,4.874636977910995483e-02,8.603923022747039795e-02,3.328620642423629761e-02
1.453286409378051758e-02,8.158910870552062988e-01,2.329283523559570312e+01,8.243985748291015625e+01,1.445470581054687500e+02,1.782446289062500000e+02,1.804579467773437500e+02,1.579419555664062500e+02,1.233339996337890625e+02,8.653678894042968750e+01,5.613407135009765625e+01,3.255644607543945312e+01,1.739751815795898438e+01,9.126508712768554688e+00,3.557322502136230469e+00,1.229970216751098633e+00,2.902417778968811035e-01,1.140165627002716064e-01,-2.988306432962417603e-02,-2.363429963588714600e-02
1.522205770015716553e-03,7.993213534355163574e-01,2.123024559020996094e+01,7.523825073242187500e+01,1.319011688232421875e+02,1.626194000244140625e+02,1.646876831054687500e+02,1.440912475585937500e+02,1.125122222900390625e+02,7.896589660644531250e+01,5.127168273925781250e+01,2.971214866638183594e+01,1.592414951324462891e+01,8.334918022155761719e+00,3.252022743225097656e+00,1.098357319831848145e+00,2.565625011920928955e-01,7.154494524002075195e-02,4.601009190082550049e-02,1.354514807462692261e-02
-5.644217133522033691e-03,7.924665212631225586e-01,2.026577377319335938e+01,7.187245941162109375e+01,1.259915237426757812e+02,1.553169097900390625e+02,1.573180999755859375e+02,1.376180725097656250e+02,1.074544525146484375e+02,7.542839813232421875e+01,4.900018310546875000e+01,2.838333320617675781e+01,1.523687267303466797e+01,7.965321540832519531e+00,3.110139369964599609e+00,1.036406278610229492e+00,2.406467795372009277e-01,5.069819092750549316e-02,8.244967460632324219e-02,3.174623101949691772e-02
-4.721231758594512939e-03,7.946634292602539062e-01,2.042145919799804688e+01,7.241740417480468750e+01,1.269484786987304688e+02,1.564985961914062500e+02,1.585114746093750000e+02,1.386659240722656250e+02,1.082729873657226562e+02,7.600130462646484375e+01,4.936822891235351562e+01,2.859848213195800781e+01,1.534876918792724609e+01,8.025494575500488281e+00,3.133184194564819336e+00,1.046589255332946777e+00,2.430895268917083740e-01,5.374515056610107422e-02,7.757051289081573486e-02,2.898948639631271362e-02
-1.979455351829528809e-03,7.973272204399108887e-01,2.087324523925781250e+01,7.399224853515625000e+01,1.297142486572265625e+02,1.599168395996093750e+02,1.619605560302734375e+02,1.416957855224609375e+02,1.106401748657226562e+02,7.765708923339843750e+01,5.043146896362304688e+01,2.922049522399902344e+01,1.567057323455810547e+01,8.198689460754394531e+00,3.199868679046630859e+00,1.075212121009826660e+00,2.507404685020446777e-01,6.307001411914825439e-02,6.007725000381469727e-02,2.061176300048828125e-02
-6.105117499828338623e-03,7.974087595939636230e-01,2.037936782836914062e+01,7.227593994140625000e+01,1.267005844116210938e+02,1.561899261474609375e+02,1.582026214599609375e+02,1.383932495117187500e+02,1.080592803955078125e+02,7.585339355468750000e+01,4.927418136596679688e+01,2.854307746887207031e+01,1.532224750518798828e+01,8.010693550109863281e+00,3.128002643585205078e+00,1.044021368026733398e+00,2.418285310268402100e-01,5.158175528049468994e-02,8.215156197547912598e-02,3.070752322673797607e-02
6.270706653594970703e-03,8.052546977996826172e-01,2.202794837951660156e+01,7.802223205566406250e+01,1.367900390625000000e+02,1.686605224609375000e+02,1.707844543457031250e+02,1.494461517333984375e+02,1.166959915161132812e+02,8.189288330078125000e+01,5.315147018432617188e+01,3.081179237365722656e+01,1.649368286132812500e+01,8.641028404235839844e+00,3.370161056518554688e+00,1.149080991744995117e+00,2.697413563728332520e-01,8.780965209007263184e-02,1.629302650690078735e-02,-8.221343159675598145e-04
-2.852916717529296875e-03,7.957347035408020020e-01,2.066391372680664062e+01,7.326221466064453125e+01,1.284318237304687500e+02,1.583319702148437500e+02,1.603612518310546875e+02,1.402910461425781250e+02,1.095426712036132812e+02,7.688920593261718750e+01,4.993817520141601562e+01,2.893196296691894531e+01,1.552081203460693359e+01,8.118184089660644531e+00,3.168736457824707031e+00,1.062196731567382812e+00,2.473122626543045044e-01,5.911840498447418213e-02,6.786327064037322998e-02,2.422343194484710693e-02
1.596462726593017578e-02,8.114117980003356934e-01,2.323299980163574219e+01,8.222351074218750000e+01,1.441662292480468750e+02,1.777772979736328125e+02,1.799829711914062500e+02,1.575267333984375000e+02,1.230102386474609375e+02,8.630789947509765625e+01,5.598617553710937500e+01,3.247030639648437500e+01,1.735020828247070312e+01,9.101694107055664062e+00,3.546780109405517578e+00,1.226035118103027344e+00,2.898296415805816650e-01,1.147186458110809326e-01,-3.149164468050003052e-02,-2.420558035373687744e-02
-2.396248281002044678e-03,7.984901070594787598e-01,2.082011795043945312e+01,7.381112670898437500e+01,1.293957824707031250e+02,1.595219421386718750e+02,1.615635070800781250e+02,1.413460083007812500e+02,1.103668670654296875e+02,7.746670532226562500e+01,5.030947494506835938e+01,2.914914512634277344e+01,1.563421630859375000e+01,8.178671836853027344e+00,3.192650556564331055e+00,1.072138190269470215e+00,2.494789361953735352e-01,6.176564097404479980e-02,6.348538398742675781e-02,2.207937091588973999e-02
1.917437463998794556e-02,8.195516467094421387e-01,2.409242820739746094e+01,8.522463989257812500e+01,1.494378662109375000e+02,1.842899475097656250e+02,1.865571289062500000e+02,1.633001251220703125e+02,1.275200881958007812e+02,8.946475982666015625e+01,5.801395034790039062e+01,3.365636825561523438e+01,1.796604347229003906e+01,9.432818412780761719e+00,3.675218582153320312e+00,1.280647516250610352e+00,3.041422665119171143e-01,1.305656880140304565e-01,-6.164798885583877563e-02,-3.864139318466186523e-02
-1.147039234638214111e-02,7.885214686393737793e-01,1.950266075134277344e+01,6.921130371093750000e+01,1.213193511962890625e+02,1.495424194335937500e+02,1.514916076660156250e+02,1.324999237060546875e+02,1.034551544189453125e+02,7.263168334960937500e+01,4.720441436767578125e+01,2.733263969421386719e+01,1.469407176971435547e+01,7.673599243164062500e+00,2.997933626174926758e+00,9.877721667289733887e-01,2.279480099678039551e-01,3.391128778457641602e-02,1.125449612736701965e-01,4.624752327799797058e-02
1.411025226116180420e-02,8.119592070579528809e-01,2.306705093383789062e+01,8.164809417724609375e+01,1.431559906005859375e+02,1.765274353027343750e+02,1.787231597900390625e+02,1.564193267822265625e+02,1.221447219848632812e+02,8.570349884033203125e+01,5.559846115112304688e+01,3.224329757690429688e+01,1.723390007019042969e+01,9.038807868957519531e+00,3.523009061813354492e+00,1.215500831604003906e+00,2.868357300758361816e-01,1.104387789964675903e-01,-2.355373650789260864e-02,-2.042597532272338867e-02
1.994544267654418945e-02,8.198099732398986816e-01,2.404859733581542969e+01,8.507427978515625000e+01,1.491727752685546875e+02,1.839618835449218750e+02,1.862265014648437500e+02,1.630095062255859375e+02,1.272933959960937500e+02,8.930583953857421875e+01,5.791179656982421875e+01,3.359661483764648438e+01,1.793471527099609375e+01,9.415753364562988281e+00,3.668438911437988281e+00,1.278299808502197266e+00,3.031416833400726318e-01,1.304551512002944946e-01,-5.971840769052505493e-02,-3.817749023437500000e-02
1.340118050575256348e-02,8.107996582984924316e-01,2.301249694824218750e+01,8.145397186279296875e+01,1.428160095214843750e+02,1.761080627441406250e+02,1.782990264892578125e+02,1.560477142333984375e+02,1.218538970947265625e+02,8.550000000000000000e+01,5.546712493896484375e+01,3.216651916503906250e+01,1.719353866577148438e+01,9.018129348754882812e+00,3.514591693878173828e+00,1.212238073348999023e+00,2.866297364234924316e-01,1.091552823781967163e-01,-2.224557846784591675e-02,-1.985377073287963867e-02
9.761638939380645752e-03,8.085021972656250000e-01,2.250388908386230469e+01,7.968260192871093750e+01,1.397054290771484375e+02,1.722633666992187500e+02,1.744201965332031250e+02,1.526397705078125000e+02,1.191912994384765625e+02,8.363803863525390625e+01,5.427214050292968750e+01,3.146737098693847656e+01,1.683279228210449219e+01,8.823419570922851562e+00,3.440141916275024414e+00,1.179513573646545410e+00,2.775832116603851318e-01,9.806376695632934570e-02,-1.806147396564483643e-03,-9.882658720016479492e-03
1.395118981599807739e-02,8.087689280509948730e-01,2.298280525207519531e+01,8.134810638427734375e+01,1.426295471191406250e+02,1.758792572021484375e+02,1.780666198730468750e+02,1.558439178466796875e+02,1.216953964233398438e+02,8.538807678222656250e+01,5.539522552490234375e+01,3.212477493286132812e+01,1.717098045349121094e+01,9.005687713623046875e+00,3.509867668151855469e+00,1.209820628166198730e+00,2.859796285629272461e-01,1.093706041574478149e-01,-2.289373427629470825e-02,-1.969152688980102539e-02
1.656594872474670410e-02,8.177113533020019531e-01,2.351514244079589844e+01,8.321681213378906250e+01,1.459106140136718750e+02,1.799292144775390625e+02,1.821584777832031250e+02,1.594355316162109375e+02,1.245008163452148438e+02,8.735293579101562500e+01,5.665814590454101562e+01,3.286301040649414062e+01,1.755590438842773438e+01,9.211604118347167969e+00,3.589931011199951172e+00,1.244628787040710449e+00,2.938707768917083740e-01,1.191262006759643555e-01,-3.797712177038192749e-02,-2.804769575595855713e-02
-2.088010311126708984e-03,7.963790893554687500e-01,2.080523681640625000e+01,7.375467681884765625e+01,1.292967071533203125e+02,1.594010314941406250e+02,1.614397583007812500e+02,1.412384490966796875e+02,1.102830200195312500e+02,7.740702819824218750e+01,5.027062606811523438e+01,2.912649536132812500e+01,1.562141418457031250e+01,8.172302246093750000e+00,3.189646959304809570e+00,1.071021676063537598e+00,2.497262209653854370e-01,6.199724972248077393e-02,6.218772381544113159e-02,2.171923965215682983e-02
-6.095565855503082275e-03,8.000310063362121582e-01,2.051500892639160156e+01,7.275285339355468750e+01,1.275383911132812500e+02,1.572236175537109375e+02,1.592471313476562500e+02,1.393100433349609375e+02,1.087752532958984375e+02,7.635556793212890625e+01,4.959656524658203125e+01,2.873156547546386719e+01,1.542053604125976562e+01,8.063514709472656250e+00,3.148911714553833008e+00,1.052983164787292480e+00,2.441854476928710938e-01,5.352880060672760010e-02,7.855251431465148926e-02,2.907200902700424194e-02
2.819240093231201172e-03,8.012239933013916016e-01,2.146546173095703125e+01,7.605918121337890625e+01,1.333429718017578125e+02,1.644011383056640625e+02,1.664857635498046875e+02,1.456705627441406250e+02,1.137461471557617188e+02,7.982920074462890625e+01,5.182616043090820312e+01,3.003650474548339844e+01,1.609224128723144531e+01,8.425297737121582031e+00,3.286934614181518555e+00,1.113219380378723145e+00,2.604220807552337646e-01,7.624416053295135498e-02,3.731334209442138672e-02,9.329691529273986816e-03
2.601895481348037720e-02,8.217004537582397461e-01,2.472444725036621094e+01,8.742728424072265625e+01,1.533037261962890625e+02,1.890687103271484375e+02,1.913779144287109375e+02,1.675356903076171875e+02,1.308303222656250000e+02,9.177801513671875000e+01,5.949872589111328125e+01,3.452516555786132812e+01,1.841329193115234375e+01,9.673454284667968750e+00,3.766780376434326172e+00,1.321481108665466309e+00,3.147070407867431641e-01,1.461846530437469482e-01,-8.791811019182205200e-02,-5.191236734390258789e-02
2.591267228126525879e-03,8.003445267677307129e-01,2.149236106872558594e+01,7.615101623535156250e+01,1.335044250488281250e+02,1.646011047363281250e+02,1.666869049072265625e+02,1.458475341796875000e+02,1.138843460083007812e+02,7.992592620849609375e+01,5.188788604736328125e+01,3.007275772094726562e+01,1.611051750183105469e+01,8.435390472412109375e+00,3.290956497192382812e+00,1.114881634712219238e+00,2.613101601600646973e-01,7.666203379631042480e-02,3.547902405261993408e-02,8.946202695369720459e-03
1.492172479629516602e-03,7.973457574844360352e-01,2.116853904724121094e+01,7.502008819580078125e+01,1.315178680419921875e+02,1.621468811035156250e+02,1.642095947265625000e+02,1.436721191406250000e+02,1.121848907470703125e+02,7.873619842529296875e+01,5.112383270263671875e+01,2.962572288513183594e+01,1.587853050231933594e+01,8.310644149780273438e+00,3.242400407791137695e+00,1.094326376914978027e+00,2.558971345424652100e-01,7.073253393173217773e-02,4.695069044828414917e-02,1.421242952346801758e-02
-9.601756930351257324e-03,7.871199250221252441e-01,1.965955924987792969e+01,6.975395965576171875e+01,1.222719116210937500e+02,1.507214202880859375e+02,1.526793670654296875e+02,1.335444030761718750e+02,1.042715835571289062e+02,7.320149993896484375e+01,4.756966781616210938e+01,2.754656410217285156e+01,1.480313110351562500e+01,7.732712268829345703e+00,3.020202636718750000e+00,9.976955056190490723e-01,2.310348749160766602e-01,3.817827999591827393e-02,1.042534038424491882e-01,4.250371828675270081e-02
-5.083277821540832520e-03,7.914167046546936035e-01,2.028885078430175781e+01,7.195026397705078125e+01,1.261280136108398438e+02,1.554864654541015625e+02,1.574882202148437500e+02,1.377682037353515625e+02,1.075717849731445312e+02,7.550984954833984375e+01,4.905206680297851562e+01,2.841377067565917969e+01,1.525177383422851562e+01,7.973742485046386719e+00,3.112978935241699219e+00,1.037979722023010254e+00,2.413742244243621826e-01,5.165743827819824219e-02,8.047062158584594727e-02,3.079459816217422485e-02
4.110038280487060547e-03,7.999554872512817383e-01,2.158887100219726562e+01,7.648551177978515625e+01,1.340914306640625000e+02,1.653275299072265625e+02,1.674190368652343750e+02,1.464912109375000000e+02,1.143875045776367188e+02,8.027692413330078125e+01,5.211310958862304688e+01,3.020460891723632812e+01,1.617793273925781250e+01,8.471819877624511719e+00,3.304487228393554688e+00,1.121040701866149902e+00,2.629289925098419189e-01,7.949021458625793457e-02,3.075049817562103271e-02,6.426222622394561768e-03
4.275928437709808350e-02,8.327389359474182129e-01,2.703354072570800781e+01,9.547492218017578125e+01,1.674344024658203125e+02,2.065342254638671875e+02,2.089994201660156250e+02,1.830157165527343750e+02,1.429261932373046875e+02,1.002364807128906250e+02,6.492935943603515625e+01,3.770260238647460938e+01,2.005465316772460938e+01,1.055660629272460938e+01,4.105974197387695312e+00,1.468345522880554199e+00,3.537713289260864258e-01,1.964359134435653687e-01,-1.799109578132629395e-01,-9.588526189327239990e-02
-7.991954684257507324e-03,7.890171408653259277e-01,1.991303443908691406e+01,7.063861083984375000e+01,1.238253479003906250e+02,1.526410064697265625e+02,1.546166076660156250e+02,1.352459411621093750e+02,1.056010284423828125e+02,7.413148498535156250e+01,4.816696929931640625e+01,2.789595222473144531e+01,1.498410129547119141e+01,7.829954624176025391e+00,3.057654857635498047e+00,1.013812422752380371e+00,2.351787686347961426e-01,4.342713207006454468e-02,9.480480104684829712e-02,3.787255287170410156e-02
1.409952342510223389e-02,8.152719140052795410e-01,2.320553970336914062e+01,8.213627624511718750e+01,1.440134735107421875e+02,1.775850219726562500e+02,1.797925262451171875e+02,1.573573303222656250e+02,1.228772048950195312e+02,8.621737670898437500e+01,5.592891693115234375e+01,3.243646621704101562e+01,1.733524894714355469e+01,9.092873573303222656e+00,3.544517755508422852e+00,1.224585533142089844e+00,2.888030409812927246e-01,1.123508960008621216e-01,-2.652474492788314819e-02,-2.199856936931610107e-02
-9.094014763832092285e-03,7.918347120285034180e-01,1.987814521789550781e+01,7.052306365966796875e+01,1.236226501464843750e+02,1.523880462646484375e+02,1.543639373779296875e+02,1.350225372314453125e+02,1.054260711669921875e+02,7.401066589355468750e+01,4.809002685546875000e+01,2.785064888000488281e+01,1.496245098114013672e+01,7.817802429199218750e+00,3.053534269332885742e+00,1.011883258819580078e+00,2.340931892395019531e-01,4.164610803127288818e-02,9.898558259010314941e-02,3.949374705553054810e-02
-8.709564805030822754e-03,7.924627065658569336e-01,1.994228363037109375e+01,7.074678802490234375e+01,1.240155563354492188e+02,1.528733978271484375e+02,1.548539733886718750e+02,1.354530334472656250e+02,1.057621688842773438e+02,7.424584960937500000e+01,4.824109649658203125e+01,2.793893051147460938e+01,1.500827217102050781e+01,7.842526435852050781e+00,3.062929630279541016e+00,1.016108274459838867e+00,2.352084219455718994e-01,4.289861023426055908e-02,9.682687371969223022e-02,3.823992609977722168e-02
-1.027642190456390381e-02,7.911485433578491211e-01,1.972727775573730469e+01,6.999727630615234375e+01,1.226995086669921875e+02,1.512470550537109375e+02,1.532127838134765625e+02,1.340112304687500000e+02,1.046358261108398438e+02,7.345812225341796875e+01,4.773532104492187500e+01,2.764313316345214844e+01,1.485533428192138672e+01,7.760131359100341797e+00,3.031462669372558594e+00,1.002232432365417480e+00,2.315095812082290649e-01,3.827354311943054199e-02,1.050496250391006470e-01,4.244206100702285767e-02
2.339056879281997681e-02,8.159011602401733398e-01,2.429627799987792969e+01,8.592902374267578125e+01,1.506726226806640625e+02,1.858192443847656250e+02,1.880963745117187500e+02,1.646541748046875000e+02,1.285796508789062500e+02,9.020273590087890625e+01,5.848644256591796875e+01,3.393336486816406250e+01,1.810557937622070312e+01,9.508136749267578125e+00,3.703266382217407227e+00,1.293625831604003906e+00,3.080989718437194824e-01,1.377204060554504395e-01,-7.434187084436416626e-02,-4.409252107143402100e-02
-4.251725971698760986e-03,7.997446060180664062e-01,2.068045425415039062e+01,7.332785797119140625e+01,1.285476531982421875e+02,1.584720611572265625e+02,1.605058288574218750e+02,1.404160156250000000e+02,1.096398773193359375e+02,7.695938110351562500e+01,4.998425292968750000e+01,2.895858192443847656e+01,1.553720378875732422e+01,8.126140594482421875e+00,3.172835111618041992e+00,1.063260674476623535e+00,2.468269467353820801e-01,5.777612328529357910e-02,7.090698182582855225e-02,2.553465962409973145e-02
3.730312734842300415e-02,8.291633725166320801e-01,2.621900749206542969e+01,9.263853454589843750e+01,1.624532012939453125e+02,2.003768615722656250e+02,2.027876586914062500e+02,1.775582733154296875e+02,1.386620941162109375e+02,9.725472259521484375e+01,6.301504898071289062e+01,3.658264541625976562e+01,1.947603416442871094e+01,1.024479103088378906e+01,3.986476659774780273e+00,1.416748642921447754e+00,3.397086858749389648e-01,1.790500432252883911e-01,-1.471498608589172363e-01,-8.019669353961944580e-02
3.342585265636444092e-02,8.267908096313476562e-01,2.568480300903320312e+01,9.077471923828125000e+01,1.591812286376953125e+02,1.963332366943359375e+02,1.987075042724609375e+02,1.739746246337890625e+02,1.358616333007812500e+02,9.529600524902343750e+01,6.175748825073242188e+01,3.584664916992187500e+01,1.909602928161621094e+01,1.004091644287109375e+01,3.907435655593872070e+00,1.382705092430114746e+00,3.307638168334960938e-01,1.674099266529083252e-01,-1.258631348609924316e-01,-7.064147293567657471e-02
3.547422587871551514e-03,8.010630607604980469e-01,2.156062698364257812e+01,7.638909149169921875e+01,1.339223327636718750e+02,1.651176910400390625e+02,1.672082214355468750e+02,1.463056488037109375e+02,1.142423171997070312e+02,8.017584228515625000e+01,5.204858398437500000e+01,3.016658782958984375e+01,1.615921783447265625e+01,8.461575508117675781e+00,3.300571680068969727e+00,1.119240641593933105e+00,2.622382044792175293e-01,7.839781045913696289e-02,3.302774578332901001e-02,7.264375686645507812e-03
1.149382442235946655e-02,8.098936676979064941e-01,2.269501686096191406e+01,8.035107421875000000e+01,1.408786163330078125e+02,1.737126922607421875e+02,1.758830261230468750e+02,1.539245605468750000e+02,1.201953125000000000e+02,8.434035491943359375e+01,5.472294998168945312e+01,3.173113059997558594e+01,1.696887207031250000e+01,8.896404266357421875e+00,3.468381643295288086e+00,1.192013740539550781e+00,2.807732224464416504e-01,1.024343222379684448e-01,-9.052298963069915771e-03,-1.337433606386184692e-02
-1.107849180698394775e-02,7.885788679122924805e-01,1.955571174621582031e+01,6.939570617675781250e+01,1.216431503295898438e+02,1.499426727294921875e+02,1.518953247070312500e+02,1.328547821044921875e+02,1.037323379516601562e+02,7.282551574707031250e+01,4.732868576049804688e+01,2.740534210205078125e+01,1.473141479492187500e+01,7.693858146667480469e+00,3.005647420883178711e+00,9.912692904472351074e-01,2.290319651365280151e-01,3.508830815553665161e-02,1.102738901972770691e-01,4.515845701098442078e-02
-1.028572022914886475e-02,7.899677753448486328e-01,1.967317771911621094e+01,6.980709075927734375e+01,1.223653945922851562e+02,1.508347930908203125e+02,1.527960968017578125e+02,1.336455688476562500e+02,1.043502655029296875e+02,7.325792694091796875e+01,4.760661315917968750e+01,2.756792640686035156e+01,1.481590080261230469e+01,7.739001750946044922e+00,3.023185014724731445e+00,9.987286925315856934e-01,2.306940555572509766e-01,3.750813752412796021e-02,1.063389033079147339e-01,4.315533861517906189e-02
-5.547322332859039307e-03,7.969794273376464844e-01,2.043233108520507812e+01,7.245968627929687500e+01,1.270230560302734375e+02,1.565889434814453125e+02,1.586045684814453125e+02,1.387466888427734375e+02,1.083355636596679688e+02,7.604646301269531250e+01,4.939768600463867188e+01,2.861550903320312500e+01,1.535893440246582031e+01,8.030665397644042969e+00,3.135697603225708008e+00,1.047505736351013184e+00,2.430037260055541992e-01,5.300845205783843994e-02,7.932817935943603516e-02,2.956140786409378052e-02
1.056303083896636963e-02,8.095131516456604004e-01,2.263873291015625000e+01,8.015218353271484375e+01,1.405304870605468750e+02,1.732833709716796875e+02,1.754492187500000000e+02,1.535437622070312500e+02,1.198976135253906250e+02,8.413200378417968750e+01,5.458939743041992188e+01,3.165300178527832031e+01,1.692890167236328125e+01,8.875309944152832031e+00,3.459995508193969727e+00,1.187948346138000488e+00,2.797704935073852539e-01,1.008646488189697266e-01,-7.018230855464935303e-03,-1.255964487791061401e-02
-8.990556001663208008e-03,7.922104001045227051e-01,1.990511512756347656e+01,7.061763763427734375e+01,1.237887344360351562e+02,1.525930938720703125e+02,1.545711517333984375e+02,1.352043609619140625e+02,1.055679855346679688e+02,7.411016082763671875e+01,4.815404510498046875e+01,2.788813209533691406e+01,1.498197555541992188e+01,7.828180313110351562e+00,3.057712554931640625e+00,1.013638257980346680e+00,2.344579100608825684e-01,4.210428148508071899e-02,9.822507947683334351e-02,3.911240398883819580e-02
5.799084901809692383e-03,8.043066263198852539e-01,2.193306922912597656e+01,7.769010162353515625e+01,1.362068328857421875e+02,1.679402770996093750e+02,1.700572509765625000e+02,1.488077545166015625e+02,1.161971511840820312e+02,8.154360198974609375e+01,5.292716598510742188e+01,3.068049430847167969e+01,1.642559814453125000e+01,8.604602813720703125e+00,3.355813741683959961e+00,1.143021106719970703e+00,2.682591676712036133e-01,8.600324392318725586e-02,1.958782225847244263e-02,5.694776773452758789e-04
3.735035657882690430e-03,8.084273934364318848e-01,2.181396484375000000e+01,7.728566741943359375e+01,1.354967041015625000e+02,1.670583343505859375e+02,1.691717681884765625e+02,1.480272827148437500e+02,1.155866928100585938e+02,8.111943054199218750e+01,5.265577697753906250e+01,3.052142906188964844e+01,1.634596061706542969e+01,8.560684204101562500e+00,3.340253114700317383e+00,1.136063933372497559e+00,2.653968632221221924e-01,8.186438679695129395e-02,2.880995720624923706e-02,4.626177251338958740e-03
3.985859453678131104e-03,8.035236001014709473e-01,2.158975219726562500e+01,7.649592590332031250e+01,1.341093750000000000e+02,1.653471374511718750e+02,1.674417724609375000e+02,1.465097198486328125e+02,1.144015884399414062e+02,8.028791809082031250e+01,5.212119293212890625e+01,3.020887374877929688e+01,1.618209457397460938e+01,8.473289489746093750e+00,3.305263757705688477e+00,1.121514797210693359e+00,2.620628476142883301e-01,7.895398139953613281e-02,3.396654129028320312e-02,6.922453641891479492e-03
-6.022520363330841064e-03,7.927041053771972656e-01,2.021303939819335938e+01,7.168860626220703125e+01,1.256688766479492188e+02,1.549178161621093750e+02,1.569157104492187500e+02,1.372648315429687500e+02,1.071780853271484375e+02,7.523524475097656250e+01,4.887600708007812500e+01,2.831053733825683594e+01,1.519931125640869141e+01,7.945526123046875000e+00,3.102164745330810547e+00,1.033406853675842285e+00,2.399401068687438965e-01,4.949860274791717529e-02,8.496688306331634521e-02,3.248932212591171265e-02
1.504437625408172607e-02,8.125057220458984375e-01,2.327672004699707031e+01,8.237680053710937500e+01,1.444362640380859375e+02,1.781103668212890625e+02,1.803196868896484375e+02,1.578220672607421875e+02,1.232406005859375000e+02,8.647003936767578125e+01,5.609042358398437500e+01,3.253126907348632812e+01,1.738256263732910156e+01,9.119168281555175781e+00,3.553983688354492188e+00,1.228667020797729492e+00,2.906574308872222900e-01,1.146186441183090210e-01,-3.229213505983352661e-02,-2.432678639888763428e-02
1.150801777839660645e-02,8.075841665267944336e-01,2.267828941345214844e+01,8.028791046142578125e+01,1.407678070068359375e+02,1.735773925781250000e+02,1.757447509765625000e+02,1.538040924072265625e+02,1.201012954711914062e+02,8.427372741699218750e+01,5.467971420288085938e+01,3.170599365234375000e+01,1.695485305786132812e+01,8.889312744140625000e+00,3.465296506881713867e+00,1.190678477287292480e+00,2.809938490390777588e-01,1.024703085422515869e-01,-1.032622903585433960e-02,-1.356531679630279541e-02
1.421628892421722412e-02,8.114670515060424805e-01,2.309661674499511719e+01,8.174780273437500000e+01,1.433317108154296875e+02,1.767456817626953125e+02,1.789424591064453125e+02,1.566125946044921875e+02,1.222955474853515625e+02,8.580849456787109375e+01,5.566579437255859375e+01,3.228271102905273438e+01,1.725408172607421875e+01,9.050249099731445312e+00,3.526858329772949219e+00,1.217217564582824707e+00,2.875093221664428711e-01,1.111568063497543335e-01,-2.537088841199874878e-02,-2.157291769981384277e-02
7.377862930297851562e-04,7.983267307281494141e-01,2.112846755981445312e+01,7.488179016113281250e+01,1.312755126953125000e+02,1.618466796875000000e+02,1.639075012207031250e+02,1.434062957763671875e+02,1.119768829345703125e+02,7.859139251708984375e+01,5.103101348876953125e+01,2.957140350341796875e+01,1.585110187530517578e+01,8.295978546142578125e+00,3.236891031265258789e+00,1.091876506805419922e+00,2.550637722015380859e-01,6.938207149505615234e-02,4.959096014499664307e-02,1.520818471908569336e-02
-5.937069654464721680e-03,7.911000251770019531e-01,2.020619773864746094e+01,7.166222381591796875e+01,1.256225204467773438e+02,1.548616485595703125e+02,1.568578338623046875e+02,1.372143554687500000e+02,1.071389846801757812e+02,7.520740509033203125e+01,4.885786056518554688e+01,2.830020141601562500e+01,1.519316673278808594e+01,7.942239761352539062e+00,3.101057291030883789e+00,1.032648324966430664e+00,2.400053888559341431e-01,4.966311156749725342e-02,8.380502462387084961e-02,3.253942728042602539e-02
1.557411253452301025e-02,8.160325288772583008e-01,2.334205436706542969e+01,8.261077880859375000e+01,1.448466949462890625e+02,1.786151275634765625e+02,1.808317565917968750e+02,1.582708740234375000e+02,1.235906829833984375e+02,8.671584320068359375e+01,5.624892807006835938e+01,3.262350082397460938e+01,1.743172645568847656e+01,9.145238876342773438e+00,3.563883066177368164e+00,1.233567595481872559e+00,2.912109494209289551e-01,1.156682670116424561e-01,-3.191746026277542114e-02,-2.538378536701202393e-02
5.162239074707031250e-03,8.048665523529052734e-01,2.183208465576171875e+01,7.734124755859375000e+01,1.355939178466796875e+02,1.671816711425781250e+02,1.692929534912109375e+02,1.481355895996093750e+02,1.156719665527343750e+02,8.117684936523437500e+01,5.269191741943359375e+01,3.054286956787109375e+01,1.635488891601562500e+01,8.566126823425292969e+00,3.341406583786010742e+00,1.136816143989562988e+00,2.662128210067749023e-01,8.373211324214935303e-02,2.457990497350692749e-02,2.866752445697784424e-03
8.586861193180084229e-03,8.015742897987365723e-01,2.213333129882812500e+01,7.838176727294921875e+01,1.374206695556640625e+02,1.694431610107421875e+02,1.715706024169921875e+02,1.501387329101562500e+02,1.172379074096679688e+02,8.226959991455078125e+01,5.339217376708984375e+01,3.095308113098144531e+01,1.656378364562988281e+01,8.679512977600097656e+00,3.384110927581787109e+00,1.155667185783386230e+00,2.723038196563720703e-01,9.188680350780487061e-02,8.053615689277648926e-03,-4.285313189029693604e-03
2.486772835254669189e-03,8.013516664505004883e-01,2.142761802673339844e+01,7.592803192138671875e+01,1.331126556396484375e+02,1.641159667968750000e+02,1.661985778808593750e+02,1.454180450439453125e+02,1.135486068725585938e+02,7.969140625000000000e+01,5.173767089843750000e+01,2.998475265502929688e+01,1.606554985046386719e+01,8.410915374755859375e+00,3.281559944152832031e+00,1.111054420471191406e+00,2.598043084144592285e-01,7.531172037124633789e-02,3.920466452836990356e-02,1.018628478050231934e-02
-1.507721841335296631e-03,7.998732924461364746e-01,2.102466583251953125e+01,7.452391815185546875e+01,1.306478881835937500e+02,1.610691680908203125e+02,1.631248626708984375e+02,1.427176818847656250e+02,1.114382400512695312e+02,7.821640014648437500e+01,5.079080581665039062e+01,2.943063354492187500e+01,1.578002548217773438e+01,8.257343292236328125e+00,3.222900390625000000e+00,1.085207104682922363e+00,2.531422972679138184e-01,6.567315757274627686e-02,5.582147836685180664e-02,1.838268339633941650e-02
2.621042728424072266e-02,8.264470696449279785e-01,2.485090827941894531e+01,8.787689208984375000e+01,1.540929565429687500e+02,1.900409698486328125e+02,1.923622283935546875e+02,1.683986816406250000e+02,1.315042266845703125e+02,9.225100708007812500e+01,5.980327606201171875e+01,3.470283889770507812e+01,1.850735855102539062e+01,9.723335266113281250e+00,3.786406040191650391e+00,1.329983949661254883e+00,3.161178827285766602e-01,1.478953361511230469e-01,-8.916436880826950073e-02,-5.333726108074188232e-02
-4.120364785194396973e-03,7.936910986900329590e-01,2.048972702026367188e+01,7.265270996093750000e+01,1.273617706298828125e+02,1.570104522705078125e+02,1.590267944335937500e+02,1.391192321777343750e+02,1.086272811889648438e+02,7.624863433837890625e+01,4.952668380737304688e+01,2.869136619567871094e+01,1.539597511291503906e+01,8.051167488098144531e+00,3.142995119094848633e+00,1.050775885581970215e+00,2.445565760135650635e-01,5.548933148384094238e-02,7.364130020141601562e-02,2.740798145532608032e-02
-8.523672819137573242e-03,7.886719703674316406e-01,1.982519149780273438e+01,7.033303833007812500e+01,1.232885971069335938e+02,1.519774475097656250e+02,1.539472961425781250e+02,1.346578369140625000e+02,1.051415023803710938e+02,7.381020355224609375e+01,4.796068954467773438e+01,2.777529525756835938e+01,1.492170429229736328e+01,7.796298503875732422e+00,3.044809341430664062e+00,1.008321404457092285e+00,2.336529493331909180e-01,4.159474372863769531e-02,9.838961064815521240e-02,3.956506401300430298e-02
1.159213483333587646e-02,8.127796649932861328e-01,2.281274795532226562e+01,8.076580810546875000e+01,1.416070404052734375e+02,1.746112213134765625e+02,1.767915344238281250e+02,1.547216186523437500e+02,1.208177108764648438e+02,8.477675628662109375e+01,5.500371932983398438e+01,3.189511108398437500e+01,1.705507087707519531e+01,8.942431449890136719e+00,3.486390113830566406e+00,1.199689149856567383e+00,2.824013233184814453e-01,1.041378676891326904e-01,-1.151032000780105591e-02,-1.495608687400817871e-02
7.548615336418151855e-03,8.093227148056030273e-01,2.233026123046875000e+01,7.908068847656250000e+01,1.386491394042968750e+02,1.709563293457031250e+02,1.731028747558593750e+02,1.514817047119140625e+02,1.182860260009765625e+02,8.300632476806640625e+01,5.386675643920898438e+01,3.123010635375976562e+01,1.671116828918457031e+01,8.757814407348632812e+00,3.415603637695312500e+00,1.168618559837341309e+00,2.745814323425292969e-01,9.334744513034820557e-02,6.645329296588897705e-03,-5.722500383853912354e-03
2.247673273086547852e-02,8.235431909561157227e-01,2.440582656860351562e+01,8.632451629638671875e+01,1.513674621582031250e+02,1.866726379394531250e+02,1.889633789062500000e+02,1.654127349853515625e+02,1.291711273193359375e+02,9.061974334716796875e+01,5.875579071044921875e+01,3.409022903442382812e+01,1.819068717956542969e+01,9.552907943725585938e+00,3.721438407897949219e+00,1.301403284072875977e+00,3.087322115898132324e-01,1.379226446151733398e-01,-7.201696187257766724e-02,-4.444621503353118896e-02
1.341156661510467529e-03,7.990697026252746582e-01,2.124391365051269531e+01,7.528488159179687500e+01,1.319832611083984375e+02,1.627211914062500000e+02,1.647901611328125000e+02,1.441813659667968750e+02,1.125825500488281250e+02,7.901504516601562500e+01,5.130335235595703125e+01,2.973064231872558594e+01,1.593385410308837891e+01,8.340156555175781250e+00,3.254033327102661133e+00,1.099013209342956543e+00,2.568410634994506836e-01,7.165253162384033203e-02,4.529251903295516968e-02,1.330802589654922485e-02
-1.219217479228973389e-02,7.858828306198120117e-01,1.932824325561523438e+01,6.859986114501953125e+01,1.202455444335937500e+02,1.482165679931640625e+02,1.501524658203125000e+02,1.313243865966796875e+02,1.025368194580078125e+02,7.198860168457031250e+01,4.679111862182617188e+01,2.709098434448242188e+01,1.456813907623291016e+01,7.606154441833496094e+00,2.971681594848632812e+00,9.765719771385192871e-01,2.253283262252807617e-01,3.076263517141342163e-02,1.178257167339324951e-01,4.897411540150642395e-02
1.559719443321228027e-02,8.166823983192443848e-01,2.336197853088378906e+01,8.268302154541015625e+01,1.449731445312500000e+02,1.787706451416015625e+02,1.809893798828125000e+02,1.584086151123046875e+02,1.236984405517578125e+02,8.679182434082031250e+01,5.629772949218750000e+01,3.265220642089843750e+01,1.744664192199707031e+01,9.152823448181152344e+00,3.567463397979736328e+00,1.234961986541748047e+00,2.913888096809387207e-01,1.159587204456329346e-01,-3.217015415430068970e-02,-2.518543601036071777e-02
-6.677918136119842529e-03,7.893525958061218262e-01,2.003188705444335938e+01,7.105285644531250000e+01,1.245523147583007812e+02,1.535397033691406250e+02,1.555232086181640625e+02,1.360424194335937500e+02,1.062235183715820312e+02,7.456646728515625000e+01,4.844623184204101562e+01,2.805938148498535156e+01,1.506824874877929688e+01,7.875136852264404297e+00,3.074895381927490234e+00,1.021445989608764648e+00,2.371069490909576416e-01,4.639129340648651123e-02,8.983454108238220215e-02,3.538970649242401123e-02
7.251605391502380371e-03,8.055372238159179688e-01,2.213459205627441406e+01,7.839246368408203125e+01,1.374402770996093750e+02,1.694645080566406250e+02,1.715952911376953125e+02,1.501591186523437500e+02,1.172527770996093750e+02,8.228201293945312500e+01,5.340102386474609375e+01,3.095769691467285156e+01,1.656865501403808594e+01,8.681885719299316406e+00,3.385396957397460938e+00,1.156150937080383301e+00,2.718859314918518066e-01,9.031440317630767822e-02,1.178349554538726807e-02,-3.367803990840911865e-03
2.894241362810134888e-02,8.245846629142761230e-01,2.517548561096191406e+01,8.900299072265625000e+01,1.560701751708984375e+02,1.924871673583984375e+02,1.948276977539062500e+02,1.705652008056640625e+02,1.331978759765625000e+02,9.343450164794921875e+01,6.056231689453125000e+01,3.514774322509765625e+01,1.873512458801269531e+01,9.845938682556152344e+00,3.834114074707031250e+00,1.350075602531433105e+00,3.220376074314117432e-01,1.556527465581893921e-01,-1.052571907639503479e-01,-5.952493846416473389e-02
2.917438745498657227e-02,8.263794183731079102e-01,2.520767784118652344e+01,8.911734008789062500e+01,1.562709503173828125e+02,1.927342071533203125e+02,1.950782318115234375e+02,1.707849578857421875e+02,1.333692321777343750e+02,9.355451202392578125e+01,6.063992309570312500e+01,3.519271087646484375e+01,1.875947380065917969e+01,9.858944892883300781e+00,3.838628053665161133e+00,1.352366566658020020e+00,3.222431838512420654e-01,1.561292409896850586e-01,-1.049782410264015198e-01,-6.026183068752288818e-02
4.075586795806884766e-03,7.993553876876831055e-01,2.155523490905761719e+01,7.636687469482421875e+01,1.338831329345703125e+02,1.650705566406250000e+02,1.671592559814453125e+02,1.462634582519531250e+02,1.142095870971679688e+02,8.015200042724609375e+01,5.203291320800781250e+01,3.015756797790527344e+01,1.615353012084960938e+01,8.458829879760742188e+00,3.299102783203125000e+00,1.118801236152648926e+00,2.624252140522003174e-01,7.895614206790924072e-02,3.166271746158599854e-02,6.736107170581817627e-03
1.577600836753845215e-02,8.127164244651794434e-01,2.336006736755371094e+01,8.266554260253906250e+01,1.449436492919921875e+02,1.787379760742187500e+02,1.809525451660156250e+02,1.583785247802734375e+02,1.236751098632812500e+02,8.677368927001953125e+01,5.628522491455078125e+01,3.264523696899414062e+01,1.744113922119140625e+01,9.151165008544921875e+00,3.565902709960937500e+00,1.234110593795776367e+00,2.922553718090057373e-01,1.165756881237030029e-01,-3.586579114198684692e-02,-2.642740309238433838e-02
9.414918720722198486e-03,8.089851140975952148e-01,2.245927619934082031e+01,7.952921295166015625e+01,1.394357604980468750e+02,1.719292144775390625e+02,1.740839691162109375e+02,1.523438110351562500e+02,1.189599304199218750e+02,8.347664642333984375e+01,5.416875076293945312e+01,3.140683555603027344e+01,1.680187606811523438e+01,8.806468009948730469e+00,3.433847665786743164e+00,1.176902890205383301e+00,2.766345739364624023e-01,9.700608253479003906e-02,7.338970899581909180e-04,-8.777849376201629639e-03
-1.797229051589965820e-04,7.985325455665588379e-01,2.108262252807617188e+01,7.472263336181640625e+01,1.309964447021484375e+02,1.615013580322265625e+02,1.635595092773437500e+02,1.431003265380859375e+02,1.117375946044921875e+02,7.842459869384765625e+01,5.092401885986328125e+01,2.950877380371093750e+01,1.581915283203125000e+01,8.278763771057128906e+00,3.230583429336547852e+00,1.088907361030578613e+00,2.543374001979827881e-01,6.787887215614318848e-02,5.187772214412689209e-02,1.645942777395248413e-02
9.983539581298828125e-03,8.069040775299072266e-01,2.248445129394531250e+01,7.961238098144531250e+01,1.395819244384765625e+02,1.721116790771484375e+02,1.742660675048828125e+02,1.525049285888671875e+02,1.190860366821289062e+02,8.356400299072265625e+01,5.422407531738281250e+01,3.143953132629394531e+01,1.681723976135253906e+01,8.815340042114257812e+00,3.437034606933593750e+00,1.178371191024780273e+00,2.776404619216918945e-01,9.814767539501190186e-02,-2.407751977443695068e-03,-9.850986301898956299e-03
3.050670027732849121e-03,8.026257753372192383e-01,2.154626655578613281e+01,7.634261322021484375e+01,1.338406677246093750e+02,1.650153503417968750e+02,1.671064453125000000e+02,1.462154541015625000e+02,1.141715698242187500e+02,8.012725067138671875e+01,5.201768493652343750e+01,3.014834976196289062e+01,1.615064811706542969e+01,8.456693649291992188e+00,3.299001216888427734e+00,1.118603944778442383e+00,2.617726922035217285e-01,7.760307192802429199e-02,3.515002876520156860e-02,8.007146418094635010e-03
9.376056492328643799e-03,8.030107617378234863e-01,2.236831665039062500e+01,7.920030975341796875e+01,1.388587799072265625e+02,1.712205810546875000e+02,1.733640289306640625e+02,1.517140502929687500e+02,1.184685058593750000e+02,8.313078308105468750e+01,5.394516754150390625e+01,3.127668380737304688e+01,1.673144340515136719e+01,8.769869804382324219e+00,3.419158220291137695e+00,1.170401334762573242e+00,2.763735055923461914e-01,9.624008834362030029e-02,-9.283497929573059082e-04,-8.310258388519287109e-03
3.118920326232910156e-02,8.285189270973205566e-01,2.572903060913085938e+01,9.092938232421875000e+01,1.594550933837890625e+02,1.966710968017578125e+02,1.990492401123046875e+02,1.742743835449218750e+02,1.360948333740234375e+02,9.546112823486328125e+01,6.186393737792968750e+01,3.590879058837890625e+01,1.912982177734375000e+01,1.005934333801269531e+01,3.915539979934692383e+00,1.384972691535949707e+00,3.317670822143554688e-01,1.661670804023742676e-01,-1.260603070259094238e-01,-7.027716934680938721e-02
-9.509921073913574219e-04,7.999448776245117188e-01,2.100835800170898438e+01,7.446835327148437500e+01,1.305496826171875000e+02,1.609477691650390625e+02,1.630026092529296875e+02,1.426099395751953125e+02,1.113543548583984375e+02,7.815745544433593750e+01,5.075317001342773438e+01,2.940871810913085938e+01,1.576856517791748047e+01,8.250791549682617188e+00,3.220426797866821289e+00,1.084219336509704590e+00,2.524673640727996826e-01,6.583404541015625000e-02,5.653115361928939819e-02,1.852653920650482178e-02
3.985233604907989502e-03,8.026585578918457031e-01,2.164862442016601562e+01,7.669944000244140625e+01,1.344669189453125000e+02,1.657894744873046875e+02,1.678873291015625000e+02,1.469014282226562500e+02,1.147076416015625000e+02,8.050215148925781250e+01,5.225824356079101562e+01,3.028926467895507812e+01,1.622299003601074219e+01,8.495481491088867188e+00,3.314185857772827148e+00,1.125188350677490234e+00,2.635600566864013672e-01,8.001844584941864014e-02,3.070189058780670166e-02,6.133839488029479980e-03
3.913275897502899170e-03,8.010227680206298828e-01,2.158440399169921875e+01,7.647267913818359375e+01,1.340688018798828125e+02,1.652986755371093750e+02,1.673908386230468750e+02,1.464658660888671875e+02,1.143677215576171875e+02,8.026358032226562500e+01,5.210480880737304688e+01,3.019965362548828125e+01,1.617598152160644531e+01,8.470417022705078125e+00,3.304238557815551758e+00,1.120798707008361816e+00,2.625863552093505859e-01,7.911752164363861084e-02,3.189409524202346802e-02,6.915204226970672607e-03
2.874277532100677490e-03,7.999048233032226562e-01,2.145645713806152344e+01,7.602526855468750000e+01,1.332833251953125000e+02,1.643281555175781250e+02,1.664113006591796875e+02,1.456056976318359375e+02,1.136954193115234375e+02,7.979329681396484375e+01,5.180282974243164062e+01,3.002290725708007812e+01,1.608458709716796875e+01,8.421412467956542969e+00,3.285233736038208008e+00,1.112630248069763184e+00,2.606100440025329590e-01,7.631035149097442627e-02,3.664387762546539307e-02,9.198278188705444336e-03
3.446187078952789307e-02,8.257139921188354492e-01,2.586032867431640625e+01,9.138364410400390625e+01,1.602505645751953125e+02,1.976562500000000000e+02,2.000407867431640625e+02,1.751462402343750000e+02,1.367775573730468750e+02,9.593624877929687500e+01,6.216804504394531250e+01,3.608728790283203125e+01,1.921933555603027344e+01,1.010733509063720703e+01,3.933442354202270508e+00,1.393429040908813477e+00,3.341031372547149658e-01,1.713142991065979004e-01,-1.346115469932556152e-01,-7.374787330627441406e-02
-5.429401993751525879e-03,7.956155538558959961e-01,2.038466262817382812e+01,7.229131317138671875e+01,1.267272720336914062e+02,1.562242126464843750e+02,1.582356872558593750e+02,1.384231719970703125e+02,1.080829467773437500e+02,7.586915588378906250e+01,4.928363800048828125e+01,2.854886817932128906e+01,1.532382011413574219e+01,8.011913299560546875e+00,3.128252506256103516e+00,1.044403314590454102e+00,2.423503994941711426e-01,5.244380235671997070e-02,8.016461133956909180e-02,3.007069975137710571e-02
1.188200712203979492e-02,8.044838309288024902e-01,2.260762596130371094e+01,8.003562927246093750e+01,1.403247985839843750e+02,1.730322723388671875e+02,1.751922454833984375e+02,1.533200683593750000e+02,1.197235031127929688e+02,8.400810241699218750e+01,5.450839233398437500e+01,3.160616493225097656e+01,1.690136337280273438e+01,8.861239433288574219e+00,3.453952789306640625e+00,1.186021685600280762e+00,2.802941501140594482e-01,1.020285636186599731e-01,-1.024768501520156860e-02,-1.327517628669738770e-02
4.338282346725463867e-02,8.398187160491943359e-01,2.733784675598144531e+01,9.654851531982421875e+01,1.693194580078125000e+02,2.088593444824218750e+02,2.113503112792968750e+02,1.850778503417968750e+02,1.445368499755859375e+02,1.013660736083984375e+02,6.565574645996093750e+01,3.812728118896484375e+01,2.027712249755859375e+01,1.067498683929443359e+01,4.153099060058593750e+00,1.488280534744262695e+00,3.578952848911285400e-01,2.011284679174423218e-01,-1.866983175277709961e-01,-9.950037300586700439e-02
1.333140581846237183e-02,8.144907355308532715e-01,2.307688522338867188e+01,8.168720245361328125e+01,1.432248992919921875e+02,1.766104431152343750e+02,1.788092346191406250e+02,1.564936828613281250e+02,1.222021713256835938e+02,8.574522399902343750e+01,5.562574005126953125e+01,3.225906753540039062e+01,1.724344635009765625e+01,9.043619155883789062e+00,3.525409698486328125e+00,1.216566920280456543e+00,2.867012619972229004e-01,1.096964776515960693e-01,-2.148490399122238159e-02,-1.979821920394897461e-02
2.157694101333618164e-02,8.177796006202697754e-01,2.425477218627929688e+01,8.578524017333984375e+01,1.504219207763671875e+02,1.855085601806640625e+02,1.877840881347656250e+02,1.643795776367187500e+02,1.283640747070312500e+02,9.005332946777343750e+01,5.839096450805664062e+01,3.387722015380859375e+01,1.807809829711914062e+01,9.493831634521484375e+00,3.697905063629150391e+00,1.290930271148681641e+00,3.074193298816680908e-01,1.354109495878219604e-01,-7.079715281724929810e-02,-4.296876490116119385e-02
-1.020455360412597656e-02,7.870933413505554199e-01,1.957025146484375000e+01,6.944390869140625000e+01,1.217272415161132812e+02,1.500477905273437500e+02,1.520002136230468750e+02,1.329474945068359375e+02,1.038051376342773438e+02,7.287545013427734375e+01,4.736053085327148438e+01,2.742414093017578125e+01,1.474015235900878906e+01,7.698601245880126953e+00,3.007170915603637695e+00,9.920932650566101074e-01,2.293644696474075317e-01,3.621549159288406372e-02,1.082504764199256897e-01,4.430035129189491272e-02
-1.540690660476684570e-03,8.018739819526672363e-01,2.104697036743164062e+01,7.460585784912109375e+01,1.307915649414062500e+02,1.612451477050781250e+02,1.633040008544921875e+02,1.428741149902343750e+02,1.115605087280273438e+02,7.830250549316406250e+01,5.084652709960937500e+01,2.946298980712890625e+01,1.579784297943115234e+01,8.266487121582031250e+00,3.226548433303833008e+00,1.086798548698425293e+00,2.530830502510070801e-01,6.577838957309722900e-02,5.663429200649261475e-02,1.847226917743682861e-02
2.136964350938796997e-02,8.150651454925537109e-01,2.399618911743164062e+01,8.488404083251953125e+01,1.488376007080078125e+02,1.835508117675781250e+02,1.858082733154296875e+02,1.626439208984375000e+02,1.270086746215820312e+02,8.910420227050781250e+01,5.778145217895507812e+01,3.352076339721679688e+01,1.789279747009277344e+01,9.393548965454101562e+00,3.659078359603881836e+00,1.274685382843017578e+00,3.028012514114379883e-01,1.312599182128906250e-01,-6.178442388772964478e-02,-3.856891393661499023e-02
2.486293762922286987e-02,8.147041201591491699e-01,2.440587043762207031e+01,8.630630493164062500e+01,1.513351593017578125e+02,1.866399230957031250e+02,1.889227294921875000e+02,1.653812255859375000e+02,1.291478271484375000e+02,9.059889221191406250e+01,5.874039077758789062e+01,3.408209609985351562e+01,1.818126487731933594e+01,9.549509048461914062e+00,3.718410015106201172e+00,1.300541281700134277e+00,3.102707564830780029e-01,1.409197151660919189e-01,-8.041966706514358521e-02,-4.724878072738647461e-02
2.409673482179641724e-02,8.219158053398132324e-01,2.468533134460449219e+01,8.729033660888671875e+01,1.530648498535156250e+02,1.887736816406250000e+02,1.910801849365234375e+02,1.672738189697265625e+02,1.306253967285156250e+02,9.163578033447265625e+01,5.940761947631835938e+01,3.447200012207031250e+01,1.838665008544921875e+01,9.659233093261718750e+00,3.762116432189941406e+00,1.318317294120788574e+00,3.141204118728637695e-01,1.440565288066864014e-01,-8.599460870027542114e-02,-5.037887394428253174e-02
1.885914802551269531e-02,8.155536651611328125e-01,2.373329925537109375e+01,8.397172546386718750e+01,1.472357635498046875e+02,1.815692596435546875e+02,1.838106536865234375e+02,1.608882446289062500e+02,1.256364593505859375e+02,8.814574432373046875e+01,5.716637420654296875e+01,3.316069412231445312e+01,1.770778083801269531e+01,9.293678283691406250e+00,3.621205091476440430e+00,1.258238434791564941e+00,2.981930375099182129e-01,1.248100996017456055e-01,-4.960007220506668091e-02,-3.282915055751800537e-02
1.662076264619827271e-02,8.184264302253723145e-01,2.355463981628417969e+01,8.335556793212890625e+01,1.461544189453125000e+02,1.802301940917968750e+02,1.824625701904296875e+02,1.597023925781250000e+02,1.247091751098632812e+02,8.749913024902343750e+01,5.675201797485351562e+01,3.291800308227539062e+01,1.758446884155273438e+01,9.226945877075195312e+00,3.596122264862060547e+00,1.247231006622314453e+00,2.945001125335693359e-01,1.197368800640106201e-01,-3.906732052564620972e-02,-2.857032418251037598e-02
2.197415381669998169e-02,8.174842596054077148e-01,2.423334503173828125e+01,8.571160888671875000e+01,1.502917480468750000e+02,1.853474426269531250e+02,1.876216583251953125e+02,1.642366943359375000e+02,1.282528381347656250e+02,8.997506713867187500e+01,5.834082031250000000e+01,3.384780883789062500e+01,1.806283378601074219e+01,9.485219955444335938e+00,3.694445371627807617e+00,1.289597153663635254e+00,3.068561553955078125e-01,1.354067176580429077e-01,-7.007623463869094849e-02,-4.260367155075073242e-02
3.256852924823760986e-02,8.256011009216308594e-01,2.567713737487792969e+01,9.074634552001953125e+01,1.591318054199218750e+02,1.962725830078125000e+02,1.986456909179687500e+02,1.739202575683593750e+02,1.358191986083984375e+02,9.526667785644531250e+01,6.173849105834960938e+01,3.583577346801757812e+01,1.909021568298339844e+01,1.003768444061279297e+01,3.906860113143920898e+00,1.381827354431152344e+00,3.309366703033447266e-01,1.667334288358688354e-01,-1.263693869113922119e-01,-6.982848048210144043e-02
-9.505778551101684570e-03,7.877472043037414551e-01,1.967567634582519531e+01,6.981150054931640625e+01,1.223727874755859375e+02,1.508456420898437500e+02,1.528052520751953125e+02,1.336546630859375000e+02,1.043576736450195312e+02,7.326194000244140625e+01,4.760866546630859375e+01,2.756932640075683594e+01,1.481520748138427734e+01,7.739012241363525391e+00,3.022728919982910156e+00,9.987949728965759277e-01,2.311418205499649048e-01,3.843855112791061401e-02,1.041619479656219482e-01,4.232645407319068909e-02
-5.455181002616882324e-03,7.943305373191833496e-01,2.034677124023437500e+01,7.215692901611328125e+01,1.264912796020507812e+02,1.559333953857421875e+02,1.579412689208984375e+02,1.381651611328125000e+02,1.078814849853515625e+02,7.572772979736328125e+01,4.919246292114257812e+01,2.849560546875000000e+01,1.529558753967285156e+01,7.997051239013671875e+00,3.122267723083496094e+00,1.041942715644836426e+00,2.420147061347961426e-01,5.197079479694366455e-02,8.061005175113677979e-02,3.041395545005798340e-02
-2.333074808120727539e-03,7.967821359634399414e-01,2.074134445190429688e+01,7.353363037109375000e+01,1.289083709716796875e+02,1.589206085205078125e+02,1.609555969238281250e+02,1.408127899169921875e+02,1.099504394531250000e+02,7.717455291748046875e+01,5.012163543701171875e+01,2.903926086425781250e+01,1.557666301727294922e+01,8.147976875305175781e+00,3.180335760116577148e+00,1.067050457000732422e+00,2.483520656824111938e-01,6.068010628223419189e-02,6.533336639404296875e-02,2.295328676700592041e-02
-6.693460047245025635e-03,7.932952642440795898e-01,2.018956184387207031e+01,7.160849761962890625e+01,1.255283584594726562e+02,1.547433776855468750e+02,1.567404174804687500e+02,1.371103210449218750e+02,1.070573043823242188e+02,7.515131378173828125e+01,4.882238769531250000e+01,2.827906990051269531e+01,1.518374061584472656e+01,7.936836242675781250e+00,3.099169492721557617e+00,1.031810164451599121e+00,2.393969893455505371e-01,4.848069697618484497e-02,8.665515482425689697e-02,3.349918127059936523e-02
-6.999343633651733398e-03,7.911320924758911133e-01,2.011591148376464844e+01,7.134776306152343750e+01,1.250707168579101562e+02,1.541792907714843750e+02,1.561697082519531250e+02,1.366096954345703125e+02,1.066663742065429688e+02,7.487715148925781250e+01,4.864599609375000000e+01,2.817611885070800781e+01,1.512960433959960938e+01,7.908069610595703125e+00,3.087890148162841797e+00,1.026835560798645020e+00,2.384397238492965698e-01,4.732264578342437744e-02,8.787983655929565430e-02,3.443838655948638916e-02
-8.607417345046997070e-03,7.907223701477050781e-01,1.987192535400390625e+01,7.049919128417968750e+01,1.235805435180664062e+02,1.523369598388671875e+02,1.543114929199218750e+02,1.349770507812500000e+02,1.053906097412109375e+02,7.398522186279296875e+01,4.807349014282226562e+01,2.784108924865722656e+01,1.495677089691162109e+01,7.814925193786621094e+00,3.052168369293212891e+00,1.011458754539489746e+00,2.341156005859375000e-01,4.204101115465164185e-02,9.822287410497665405e-02,3.909613192081451416e-02
3.080272674560546875e-02,8.355992436408996582e-01,2.589727973937988281e+01,9.152843475341796875e+01,1.605071716308593750e+02,1.979662628173828125e+02,2.003613433837890625e+02,1.754241333007812500e+02,1.369923095703125000e+02,9.609181976318359375e+01,6.227016830444335938e+01,3.614582443237304688e+01,1.925591278076171875e+01,1.012617015838623047e+01,3.942173719406127930e+00,1.396423220634460449e+00,3.335823118686676025e-01,1.677956879138946533e-01,-1.268180012702941895e-01,-7.160829007625579834e-02
2.337823063135147095e-02,8.194043040275573730e-01,2.433591461181640625e+01,8.607296752929687500e+01,1.509254913330078125e+02,1.861295013427734375e+02,1.884121551513671875e+02,1.649301757812500000e+02,1.287947998046875000e+02,9.035430908203125000e+01,5.858472061157226562e+01,3.399052047729492188e+01,1.813698768615722656e+01,9.524525642395019531e+00,3.709696292877197266e+00,1.296530127525329590e+00,3.079515993595123291e-01,1.379279345273971558e-01,-7.287160307168960571e-02,-4.440969228744506836e-02
5.096048116683959961e-03,8.005994558334350586e-01,2.161922836303710938e+01,7.659297943115234375e+01,1.342794342041015625e+02,1.655597076416015625e+02,1.676536254882812500e+02,1.466972351074218750e+02,1.145486755371093750e+02,8.038922882080078125e+01,5.218549346923828125e+01,3.024679946899414062e+01,1.619981002807617188e+01,8.483279228210449219e+00,3.308614253997802734e+00,1.123100161552429199e+00,2.630938887596130371e-01,8.067376911640167236e-02,2.987866103649139404e-02,5.494959652423858643e-03
-5.737282335758209229e-03,7.959269881248474121e-01,2.037555885314941406e+01,7.226042938232421875e+01,1.266731796264648438e+02,1.561571197509765625e+02,1.581682281494140625e+02,1.383636322021484375e+02,1.080364761352539062e+02,7.583694458007812500e+01,4.926299285888671875e+01,2.853684234619140625e+01,1.531780815124511719e+01,8.008596420288085938e+00,3.127219915390014648e+00,1.043761610984802246e+00,2.421215772628784180e-01,5.202135443687438965e-02,8.081939816474914551e-02,3.051581978797912598e-02
-2.089142799377441406e-03,7.985848188400268555e-01,2.084158515930175781e+01,7.388542938232421875e+01,1.295262603759765625e+02,1.596832122802734375e+02,1.617261505126953125e+02,1.414891967773437500e+02,1.104786758422851562e+02,7.754465484619140625e+01,5.035951232910156250e+01,2.917824745178222656e+01,1.564929103851318359e+01,8.186921119689941406e+00,3.195470094680786133e+00,1.073566794395446777e+00,2.499228715896606445e-01,6.230901181697845459e-02,6.261926889419555664e-02,2.144672721624374390e-02
1.498926430940628052e-02,8.129406571388244629e-01,2.314336585998535156e+01,8.191472625732421875e+01,1.436240692138671875e+02,1.771058044433593750e+02,1.793070831298828125e+02,1.569322357177734375e+02,1.225452880859375000e+02,8.598362731933593750e+01,5.577840042114257812e+01,3.234855651855468750e+01,1.728830528259277344e+01,9.068202018737792969e+00,3.534070253372192383e+00,1.220651268959045410e+00,2.879821658134460449e-01,1.123197078704833984e-01,-2.610545605421066284e-02,-2.223677933216094971e-02
3.354844450950622559e-02,8.440501093864440918e-01,2.652943992614746094e+01,9.374269866943359375e+01,1.643961639404296875e+02,2.027701873779296875e+02,2.052122802734375000e+02,1.796824798583984375e+02,1.403194122314453125e+02,9.842092895507812500e+01,6.376840209960937500e+01,3.702189636230468750e+01,1.971305084228515625e+01,1.036985683441162109e+01,4.037653923034667969e+00,1.435442924499511719e+00,3.421791791915893555e-01,1.792335659265518188e-01,-1.469123959541320801e-01,-8.155228197574615479e-02
-3.496669232845306396e-03,7.992508411407470703e-01,2.072550773620605469e+01,7.348376464843750000e+01,1.288211822509765625e+02,1.588106994628906250e+02,1.608469238281250000e+02,1.407159118652343750e+02,1.098743896484375000e+02,7.712296295166015625e+01,5.008903503417968750e+01,2.902005195617675781e+01,1.556830692291259766e+01,8.142990112304687500e+00,3.179194211959838867e+00,1.066181302070617676e+00,2.476702034473419189e-01,5.921864509582519531e-02,6.838232278823852539e-02,2.436212450265884399e-02
4.459917545318603516e-05,8.001242876052856445e-01,2.121054649353027344e+01,7.517050933837890625e+01,1.317832336425781250e+02,1.624729156494140625e+02,1.645405120849609375e+02,1.439617004394531250e+02,1.124105377197265625e+02,7.889588165283203125e+01,5.122685623168945312e+01,2.968574333190917969e+01,1.591146373748779297e+01,8.328175544738769531e+00,3.249919414520263672e+00,1.096910715103149414e+00,2.564407289028167725e-01,6.990994513034820557e-02,4.774602502584457397e-02,1.471579074859619141e-02
2.576636523008346558e-02,8.235847353935241699e-01,2.476947021484375000e+01,8.758893585205078125e+01,1.535873870849609375e+02,1.894177093505859375e+02,1.917315521240234375e+02,1.678451538085937500e+02,1.310722351074218750e+02,9.194824218750000000e+01,5.960832214355468750e+01,3.458926773071289062e+01,1.844736862182617188e+01,9.691177368164062500e+00,3.774326324462890625e+00,1.324392080307006836e+00,3.150929510593414307e-01,1.465366184711456299e-01,-8.815794438123703003e-02,-5.179466307163238525e-02
-6.725601851940155029e-03,7.923458814620971680e-01,2.013421440124511719e+01,7.141381072998046875e+01,1.251865081787109375e+02,1.543215789794921875e+02,1.563141937255859375e+02,1.367362976074218750e+02,1.067651214599609375e+02,7.494651794433593750e+01,4.869068908691406250e+01,2.820212936401367188e+01,1.514343738555908203e+01,7.915418148040771484e+00,3.090665102005004883e+00,1.028296709060668945e+00,2.385604381561279297e-01,4.767919331789016724e-02,8.813095837831497192e-02,3.410476446151733398e-02
-2.773255109786987305e-04,7.994656562805175781e-01,2.113356590270996094e+01,7.490203094482421875e+01,1.313115844726562500e+02,1.618900451660156250e+02,1.639523315429687500e+02,1.434449615478515625e+02,1.120068359375000000e+02,7.861350250244140625e+01,5.104537582397460938e+01,2.957973670959472656e+01,1.585629463195800781e+01,8.298526763916015625e+00,3.238583564758300781e+00,1.092160344123840332e+00,2.551572024822235107e-01,6.848645210266113281e-02,5.055091530084609985e-02,1.609732210636138916e-02
2.579353749752044678e-03,7.996701002120971680e-01,2.141853332519531250e+01,7.589295959472656250e+01,1.330510864257812500e+02,1.640412445068359375e+02,1.661216735839843750e+02,1.453513793945312500e+02,1.134967498779296875e+02,7.965433502197265625e+01,5.171358108520507812e+01,2.997069740295410156e+01,1.605757331848144531e+01,8.406911849975585938e+00,3.279688358306884766e+00,1.110142469406127930e+00,2.599918544292449951e-01,7.546307146549224854e-02,3.805464506149291992e-02,9.912282228469848633e-03
8.549518883228302002e-03,8.101761937141418457e-01,2.239734458923339844e+01,7.931612396240234375e+01,1.390618286132812500e+02,1.714660644531250000e+02,1.736176757812500000e+02,1.519336853027343750e+02,1.186393051147460938e+02,8.325312042236328125e+01,5.402549362182617188e+01,3.132285881042480469e+01,1.675931167602539062e+01,8.783431053161621094e+00,3.425201654434204102e+00,1.173031806945800781e+00,2.753790616989135742e-01,9.516315162181854248e-02,4.476092755794525146e-03,-7.229253649711608887e-03
-7.067546248435974121e-03,7.937560081481933594e-01,2.017136573791503906e+01,7.154664611816406250e+01,1.254198074340820312e+02,1.546088256835937500e+02,1.566051025390625000e+02,1.369909515380859375e+02,1.069641113281250000e+02,7.508657073974609375e+01,4.878095626831054688e+01,2.825490760803222656e+01,1.517154693603515625e+01,7.930040359497070312e+00,3.096950292587280273e+00,1.030585408210754395e+00,2.389040291309356689e-01,4.786376655101776123e-02,8.783222734928131104e-02,3.419739753007888794e-02
1.930512487888336182e-03,8.025883436203002930e-01,2.141493606567382812e+01,7.588674926757812500e+01,1.330400543212890625e+02,1.640251159667968750e+02,1.661082000732421875e+02,1.453378448486328125e+02,1.134857864379882812e+02,7.964804077148437500e+01,5.171052932739257812e+01,2.996859550476074219e+01,1.605844688415527344e+01,8.406518936157226562e+00,3.280103921890258789e+00,1.110142707824707031e+00,2.591680586338043213e-01,7.449841499328613281e-02,4.111477732658386230e-02,1.092114299535751343e-02