-1.756217443471541628e-06,4.612817974702920765e-06,1.712376106297597289e-04,5.699848406948149204e-04,9.569885442033410072e-04,1.146410242654383183e-03,1.079688547179102898e-03,8.427062421105802059e-04,5.534193478524684906e-04,2.965657622553408146e-04,1.222403952851891518e-04,3.681420639622956514e-05,-3.342115064697281923e-07,-3.581782948458567262e-06,4.575381069571449189e-07,-2.783074705803301185e-06,1.695925675448961556e-07,-1.543480834698129911e-06,-6.201250357662502211e-07,1.918895122798858210e-06
-1.627895835554227233e-05,-9.824159860727377236e-06,1.969927252503111959e-04,6.843622541055083275e-04,1.199796213768422604e-03,1.541758771054446697e-03,1.586728496477007866e-03,1.384587143547832966e-03,1.062630675733089447e-03,6.953905103728175163e-04,3.647613048087805510e-04,1.643447467358782887e-04,4.683444785769097507e-05,1.121389414038276300e-05,7.447281859640497714e-06,-1.815922769310418516e-05,7.380440365523099899e-06,6.492997272289358079e-06,-1.378730303258635104e-05,1.407246145390672609e-05
1.801769030862487853e-06,3.613252147260936908e-06,2.807156997732818127e-04,8.922857232391834259e-04,1.461628475226461887e-03,1.685456838458776474e-03,1.499266480095684528e-03,1.071133068762719631e-03,6.023818277753889561e-04,2.345143875572830439e-04,4.768892904394306242e-05,-1.366972628602525219e-05,-3.015802576555870473e-05,-7.729732715233694762e-06,5.541897280636476353e-06,1.843035192905517761e-06,-8.334064887094427831e-07,-4.363937023299513385e-06,-7.879176564529188909e-07,4.877914307144237682e-06
5.335731657396536320e-06,9.341130862594582140e-06,6.623978697462007403e-05,1.929972204379737377e-04,3.031666856259107590e-04,3.155787126161158085e-04,2.521613496355712414e-04,1.573896297486498952e-04,6.739939999533817172e-05,2.768238482531160116e-05,1.119406624638941139e-05,1.056440942193148658e-05,1.124910068028839305e-05,1.005826197797432542e-05,4.277441803424153477e-06,8.178458301699720323e-06,-5.033220531913684681e-06,2.910000596045847487e-08,9.893839205687982030e-07,-5.953794698143610731e-06
4.419036486069671810e-06,3.481575276964576915e-06,6.336108344839885831e-05,1.989696756936609745e-04,3.649194259196519852e-04,4.946476547047495842e-04,5.736790481023490429e-04,6.034654797986149788e-04,5.886062863282859325e-04,5.347065743990242481e-04,4.572526086121797562e-04,3.504427149891853333e-04,2.279390610055997968e-04,1.321430172538384795e-04,6.399155972758308053e-05,2.892963857448194176e-05,4.686014108301606029e-06,-5.099533609609352425e-06,5.892310284139057330e-08,-2.879364728869404644e-06
-3.675758080134983175e-06,3.404622930247569457e-06,1.957030908670276403e-04,6.632093572989106178e-04,1.120424713008105755e-03,1.356983324512839317e-03,1.292951288633048534e-03,1.022544340230524540e-03,6.835591048002243042e-04,3.718483785632997751e-04,1.536000054329633713e-04,4.424626968102529645e-05,-4.602301487466320395e-06,-7.876474228396546096e-06,-1.008866775009664707e-06,-5.244110070634633303e-06,1.383823018841212615e-06,-8.771294801590556744e-07,-1.757604422891745344e-06,3.614798288253950886e-06
1.076157695933943614e-05,1.392379181197611615e-05,5.811849405290558934e-05,2.220883470727130771e-04,4.228019970469176769e-04,5.719632608816027641e-04,6.511838873848319054e-04,6.549758836627006531e-04,6.054997793398797512e-04,5.175085971131920815e-04,4.079032223671674728e-04,2.844627015292644501e-04,1.715037069516256452e-04,8.756048191571608186e-05,3.328451202833093703e-05,2.842243338818661869e-05,-5.813745246996404603e-06,-6.335952093650121242e-06,9.915843293129000813e-06,-9.999891517509240657e-06
-1.506511182469694177e-07,9.442917985325038899e-07,6.556409061886370182e-05,1.857382012531161308e-04,3.076696884818375111e-04,3.583034849725663662e-04,3.455546102486550808e-04,2.904355933424085379e-04,2.181178133469074965e-04,1.627058081794530153e-04,1.072632148861885071e-04,7.047239341773092747e-05,4.359423837740905583e-05,2.453241177136078477e-05,1.020133640849962831e-05,1.249880256182223093e-06,-3.682278304495412158e-07,-5.649029617416090332e-07,-3.019042196683585644e-06,-1.264383854504558258e-06
1.890394969450426288e-06,5.189633156987838447e-06,1.576198701513931155e-04,4.941264633089303970e-04,8.089948678389191628e-04,9.297865326516330242e-04,8.298652828671038151e-04,6.011845543980598450e-04,3.502305480651557446e-04,1.562184334034100175e-04,5.138610504218377173e-05,1.113160215027164668e-05,-1.929524614752153866e-06,2.099881385220214725e-06,4.347949470684397966e-06,2.018628038058523089e-06,-1.793254796211840585e-06,-2.834787210304057226e-06,1.144614429904322606e-06,5.830590907862642780e-07
-9.275388947571627796e-06,7.751544899292639457e-07,2.111625071847811341e-04,7.527784327976405621e-04,1.307424623519182205e-03,1.647706143558025360e-03,1.647784840315580368e-03,1.380724250338971615e-03,1.004672609269618988e-03,6.075149867683649063e-04,2.834793413057923317e-04,1.007772225420922041e-04,5.515141310752369463e-06,-1.304447323491331190e-05,-5.559832516155438498e-06,-1.085119492927333340e-05,3.145224582112859935e-06,1.835658849813626148e-06,-3.260488256273674779e-06,6.706587555527221411e-06
-6.939175818843068555e-06,2.959945732072810642e-06,2.240336471004411578e-04,7.919688941910862923e-04,1.364445779472589493e-03,1.698864041827619076e-03,1.672789105214178562e-03,1.374719431623816490e-03,9.728481527417898178e-04,5.664857453666627407e-04,2.515717351343482733e-04,8.062409324338659644e-05,-4.257482032699044794e-06,-1.639798938413150609e-05,-6.758346899005118757e-06,-8.730724402994383126e-06,2.138416220986982808e-06,3.513599438065284630e-07,-1.991058297790004872e-06,5.084887106932001188e-06
2.007774310186505318e-05,2.471530206094030291e-05,1.715530670480802655e-04,5.451862816698849201e-04,8.783313096500933170e-04,9.351308108307421207e-04,7.505174144171178341e-04,4.479897615965455770e-04,1.624568540137261152e-04,-8.637716746306978166e-06,-4.984911356586962938e-05,-3.163659130223095417e-05,-2.165617661376018077e-05,-2.151598209820804186e-06,-9.026936709233268630e-07,2.860993299691472203e-05,-1.408181378792505711e-05,-8.806156074570026249e-06,1.806156979000661522e-05,-1.779718695615883917e-05
3.294405587439541705e-06,7.448956694133812562e-06,8.217718277592211962e-05,2.347104746149852872e-04,3.714674094226211309e-04,3.938022127840667963e-04,3.218232013750821352e-04,2.089710033033043146e-04,9.940224117599427700e-05,4.145021011936478317e-05,1.841754783526994288e-05,1.503658768342575058e-05,1.428302493877708912e-05,1.201173381559783593e-05,5.623723609460284933e-06,7.093365638866089284e-06,-4.029702267871471122e-06,-6.262149554459028877e-07,1.340927951787307393e-06,-3.944915079046040773e-06
5.642256837745662779e-06,9.701640919956844300e-06,6.866421608719974756e-05,1.998354855459183455e-04,3.143023641314357519e-04,3.279564843978732824e-04,2.633011317811906338e-04,1.658201363170519471e-04,7.289150380529463291e-05,3.105787254753522575e-05,1.356181655864929780e-05,1.240752226294716820e-05,1.256403811566997319e-05,1.066912045644130558e-05,4.324331257521407679e-06,8.653411896375473589e-06,-5.285638962959637865e-06,-3.439568274643534096e-07,1.087626969820121303e-06,-6.335263151413528249e-06
-6.070277436265314464e-08,4.232300852891057730e-06,2.269104734295979142e-04,7.354441913776099682e-04,1.217617886140942574e-03,1.428883639164268970e-03,1.304440083913505077e-03,9.732012986205518246e-04,5.924117285758256912e-04,2.764957898762077093e-04,9.215865429723635316e-05,1.519486431789118797e-05,-1.364164563710801303e-05,-5.329325176717247814e-06,3.133209929728764109e-06,-7.464097961928928271e-07,-1.693499740440529422e-07,-2.645645508891902864e-06,-1.330455006609554403e-06,3.340079047120525502e-06
-9.109976986110268626e-07,2.749613031483022496e-06,9.102874901145696640e-05,2.757564652711153030e-04,4.580836393870413303e-04,5.364652606658637524e-04,5.057291127741336823e-04,4.036843602079898119e-04,2.807231212500482798e-04,1.792780531104654074e-04,1.013151049846783280e-04,5.702964335796423256e-05,3.193090014974586666e-05,1.701600740489084274e-05,8.321764653373975307e-06,2.899469109252095222e-08,-9.084134831027768087e-07,-9.989762475015595555e-07,-8.841890917210548650e-07,3.951892892928299261e-07
5.696304015145869926e-06,9.833395779423881322e-06,8.897206862457096577e-05,2.578808635007590055e-04,4.082003433723002672e-04,4.273407394066452980e-04,3.397508116904646158e-04,2.079339465126395226e-04,8.421354141319170594e-05,2.032965494436211884e-05,1.448320517738466151e-06,4.087053184775868431e-06,7.330689186346717179e-06,9.030623914441093802e-06,3.850385837722569704e-06,9.971859981305897236e-06,-6.037672847014619038e-06,-1.440100049876491539e-06,2.851220415323041379e-06,-5.649622380587970838e-06
1.043249267240753397e-05,1.589873500051908195e-05,1.267060579266399145e-04,5.063803982920944691e-04,9.547272347845137119e-04,1.307525206357240677e-03,1.457325764931738377e-03,1.412920886650681496e-03,1.234454219229519367e-03,9.705222910270094872e-04,6.844848394393920898e-04,4.269299679435789585e-04,2.240541507489979267e-04,1.063759409589692950e-04,3.915136767318472266e-05,2.555950777605175972e-05,-5.400072495831409469e-06,-4.552136033453280106e-06,7.006730697867169511e-07,-6.470579592132708058e-06
-6.651930561929475516e-06,-1.610540039109764621e-06,1.378246233798563480e-04,4.599967214744538069e-04,7.964052492752671242e-04,9.988563833758234978e-04,1.008829101920127869e-03,8.655043784528970718e-04,6.548714591190218925e-04,4.312900709919631481e-04,2.332619187654927373e-04,1.129459487856365740e-04,4.150501627009361982e-05,1.445802809030283242e-05,6.540760750795016065e-06,-6.875538019812665880e-06,1.571908114783582278e-06,1.784682467587117571e-06,-6.159258191473782063e-06,5.144734586792765185e-06
5.528370820684358478e-06,8.586106559960171580e-06,1.295388938160613179e-04,3.848193155135959387e-04,6.160463672131299973e-04,6.741261458955705166e-04,5.635998095385730267e-04,3.716912469826638699e-04,1.807945955079048872e-04,5.699593384633772075e-05,9.594271432433743030e-06,2.080267222481779754e-06,3.105182258877903223e-06,8.152536793204490095e-06,5.634039098367793486e-06,8.274104402516968548e-06,-4.852007805311586708e-06,-3.445722768447012641e-06,2.413640913800918497e-06,-2.183179049097816460e-06
-8.121760401991195977e-07,4.661612365453038365e-06,1.640087284613400698e-04,5.314496229402720928e-04,8.840160444378852844e-04,1.043764641508460045e-03,9.659866336733102798e-04,7.388093508780002594e-04,4.705635074060410261e-04,2.436878858134150505e-04,9.893100650515407324e-05,3.144506263197399676e-05,3.241423428335110657e-06,1.019649516820209101e-06,3.215478500351309776e-06,-1.424609081368544139e-06,-2.282707498579839012e-07,-1.826974312280071899e-06,-8.656978138787962962e-07,1.747126361806294881e-06
2.201292545578326099e-06,5.546108695853035897e-06,1.379316236125305295e-04,4.189392493572086096e-04,6.782700074836611748e-04,7.651479681953787804e-04,6.680581718683242798e-04,4.703655431512743235e-04,2.618544967845082283e-04,1.112342288251966238e-04,3.739368912647478282e-05,1.213391351484460756e-05,5.398532266553957015e-06,7.202841061371145770e-06,6.779679551982553676e-06,3.305660584373981692e-06,-2.139132448064628989e-06,-2.682276544874184765e-06,1.184691427624784410e-06,2.019429778954417998e-08
4.662531864596530795e-06,1.563898513268213719e-05,3.119009488727897406e-05,1.018832626868970692e-04,1.347391371382400393e-04,1.442072534700855613e-04,1.017487084027379751e-04,6.342415144899860024e-05,1.818938653741497546e-05,2.300610321981366724e-05,7.887199899414554238e-06,4.467550752451643348e-06,8.160195648088119924e-06,1.011857602861709893e-05,-6.535155989695340395e-06,1.123391120927408338e-05,-7.507329428335651755e-06,4.177474693278782070e-06,-2.746982090684468858e-07,-4.153296231379499659e-06
-1.011890844893059693e-06,9.215712566401634831e-07,7.014036236796528101e-05,2.053789357887580991e-04,3.443995083216577768e-04,4.079610516782850027e-04,3.978757595177739859e-04,3.353280480951070786e-04,2.529200864955782890e-04,1.818165474105626345e-04,1.142346663982607424e-04,7.053900480968877673e-05,4.145611455896869302e-05,2.181060517614241689e-05,9.263310857932083309e-06,2.672764196631760569e-07,-5.928336577198933810e-07,-4.797818178303714376e-07,-1.824589503485185560e-06,-1.195092522721097339e-07
2.426560286039602943e-07,4.014933438156731427e-06,9.301603859057649970e-05,2.714323054533451796e-04,4.374438140075653791e-04,4.879582847934216261e-04,4.279199347365647554e-04,3.095673746429383755e-04,1.832881971495226026e-04,9.825231973081827164e-05,5.009863525629043579e-05,2.932172355940565467e-05,2.118455449817702174e-05,1.464026172470767051e-05,8.449924280284903944e-06,2.050752755167195573e-06,-9.349336664854490664e-07,-1.293036916649725754e-06,2.852583058654545312e-08,-6.941004926375171635e-08
-6.476415848055694369e-08,1.856195126492821146e-06,7.272804214153438807e-05,2.025954890996217728e-04,3.238939971197396517e-04,3.586109087336808443e-04,3.193165175616741180e-04,2.441563992761075497e-04,1.589002349646762013e-04,1.092866732506081462e-04,7.180491957115009427e-05,5.119650086271576583e-05,3.655902037280611694e-05,2.460595533193554729e-05,1.199684174935100600e-05,1.661056558077689260e-06,4.814097565031261183e-09,4.499835313254152425e-07,-4.093880306754726917e-06,-6.921997055542306043e-07
-2.828013975886278786e-06,2.873084440579987131e-06,1.265661267098039389e-04,4.517622874118387699e-04,7.987857679836452007e-04,1.023466116748750210e-03,1.058511203154921532e-03,9.270862210541963577e-04,7.204278954304754734e-04,4.854660946875810623e-04,2.664324129000306129e-04,1.270314533030614257e-04,4.321576125221326947e-05,9.846990906225983053e-06,-4.005565301667957101e-08,-2.627180720082833432e-06,-1.602577185622067191e-06,3.605134191175807246e-09,-5.985526740914792754e-07,4.990511115465778857e-07
1.613952804291329812e-06,5.011181201552972198e-06,1.323618052992969751e-04,3.966065123677253723e-04,6.404011510312557220e-04,7.196252699941396713e-04,6.265976116992533207e-04,4.416313895490020514e-04,2.469550236128270626e-04,1.087475975509732962e-04,4.110910231247544289e-05,1.767573485267348588e-05,1.072077702701790258e-05,1.047826935973716900e-05,8.418714060098864138e-06,2.985652145071071573e-06,-1.662507997934881132e-06,-2.235193051092210226e-06,2.687509663701348472e-07,4.986520139027561527e-07
-4.013359557575313374e-06,-4.701106263382826000e-06,8.905668073566630483e-05,2.582385495770722628e-04,4.499017959460616112e-04,5.660303868353366852e-04,5.934199434705078602e-04,5.534557276405394077e-04,4.674949159380048513e-04,3.756775404326617718e-04,2.744771190918982029e-04,1.892893342301249504e-04,1.175729703390970826e-04,6.437104457290843129e-05,3.134877260890789330e-05,3.017868266397272237e-07,2.560052507760701701e-06,2.484556944182259031e-06,-8.533477739547379315e-06,6.061301974114030600e-06
2.287798452016431838e-05,3.465581903583370149e-05,1.312393578700721264e-04,6.094830459915101528e-04,1.170614268630743027e-03,1.621029456146061420e-03,1.812796690501272678e-03,1.737004145979881287e-03,1.500949962064623833e-03,1.143284607678651810e-03,7.675650995224714279e-04,4.444467485882341862e-04,2.064955624518916011e-04,7.992379687493667006e-05,1.585618338140193373e-05,4.020237975055351853e-05,-1.586640973982866853e-05,-1.227165103045990691e-05,1.612269079487305135e-05,-2.144653990399092436e-05
5.478820185089716688e-06,9.612534086045343429e-06,9.086154750548303127e-05,2.629479859024286270e-04,4.167005536146461964e-04,4.379618039820343256e-04,3.504322667140513659e-04,2.169167419197037816e-04,9.073142427951097488e-05,2.411127752566244453e-05,3.502498202578863129e-06,5.163934474694542587e-06,7.898458534327801317e-06,9.200893146044109017e-06,3.868334715662058443e-06,9.784100257093086839e-06,-5.762544333265395835e-06,-1.774075371940853074e-06,2.844081336661474779e-06,-5.353113465389469638e-06
4.171494765614625067e-06,6.850010322523303330e-06,1.857751631177961826e-04,5.798185593448579311e-04,9.442543378099799156e-04,1.074395375326275826e-03,9.419562993571162224e-04,6.616257596760988235e-04,3.628715930972248316e-04,1.388832170050591230e-04,3.075318090850487351e-05,-3.514111767799477093e-06,-1.147071179730119184e-05,-8.811808243081031833e-07,3.962597475037910044e-06,5.035713911638595164e-06,-3.380481075510033406e-06,-4.058442300447495654e-06,2.100679466821020469e-06,-5.450329254585994931e-08
-5.769775270891841501e-06,-8.065234396781306714e-06,1.293862151214852929e-04,4.049320705235004425e-04,7.349752704612910748e-04,9.800710249692201614e-04,1.082867151126265526e-03,1.073919818736612797e-03,9.603906655684113503e-04,8.013356127776205540e-04,6.155041046440601349e-04,4.293804231565445662e-04,2.616713172756135464e-04,1.469100679969415069e-04,7.256874960148707032e-05,9.136343578575178981e-06,8.006889402167871594e-06,4.616532351064961404e-06,-1.847659950726665556e-05,1.293880359298782423e-05
-8.542785508325323462e-06,1.558764324727235362e-06,2.158860443159937859e-04,8.250114624388515949e-04,1.479773200117051601e-03,1.938267028890550137e-03,2.030604751780629158e-03,1.792259281501173973e-03,1.396461273543536663e-03,9.202621295116841793e-04,4.837634623982012272e-04,2.098363765981048346e-04,4.847725722356699407e-05,-2.815972038661129773e-06,-8.138938937918283045e-06,-8.875437742972280830e-06,5.824970230605686083e-07,2.355551714572357014e-06,-1.535584488010499626e-06,4.422318397701019421e-06
8.723877726879436523e-06,1.530315603304188699e-05,5.283655991661362350e-05,1.639050751691684127e-04,2.494970685802400112e-04,2.541053108870983124e-04,1.888296392280608416e-04,1.050097271217964590e-04,2.675988980627153069e-05,3.934084816137328744e-06,-5.199006864131661132e-06,-9.551504263072274625e-07,3.478491407804540358e-06,5.833168415847467259e-06,-5.823704327667655889e-07,1.277805040444945917e-05,-8.650252311781514436e-06,1.836112772934939130e-07,2.987134848808636889e-06,-8.509120561939198524e-06
4.281790097593329847e-06,8.364211680600419641e-06,8.673036063555628061e-05,2.493449428584426641e-04,3.947853983845561743e-04,4.165457794442772865e-04,3.363758733030408621e-04,2.127596817445009947e-04,9.447975753573700786e-05,3.200569699401967227e-05,1.028868791763670743e-05,9.652452718000859022e-06,1.084598989109508693e-05,1.058449834090424702e-05,4.822545633942354470e-06,8.305469236802309752e-06,-4.781561983691062778e-06,-1.149080276263703126e-06,1.985319613595493138e-06,-4.472180989978369325e-06
1.182763412543863524e-06,5.467479695653310046e-06,1.388935052091255784e-04,4.276149848010390997e-04,6.995722651481628418e-04,8.019778179004788399e-04,7.174905040301382542e-04,5.264132050797343254e-04,3.155863669235259295e-04,1.542995887575671077e-04,6.370608025463297963e-05,2.600078369141556323e-05,1.114655606215819716e-05,8.468295163766015321e-06,6.772192136850208044e-06,1.841057496676512528e-06,-1.561867293276009150e-06,-2.440177922835573554e-06,2.445725328925618669e-07,3.659446576875780011e-07
-2.784600837912876159e-05,-3.328409366076812148e-05,2.111368958139792085e-04,6.610135314986109734e-04,1.212936709634959698e-03,1.688718912191689014e-03,1.957192784175276756e-03,2.045773202553391457e-03,1.928205601871013641e-03,1.676944782957434654e-03,1.376046799123287201e-03,1.017330097965896130e-03,6.447029300034046173e-04,3.836902906186878681e-04,2.085129672195762396e-04,3.132265919703058898e-05,3.820358324446715415e-05,1.654446168686263263e-05,-2.935143857030197978e-05,3.432455923757515848e-05
1.754861955305386800e-06,5.821131708216853440e-06,1.395542785758152604e-04,4.318155988585203886e-04,7.062912336550652981e-04,8.090484188869595528e-04,7.221549749374389648e-04,5.264705978333950043e-04,3.118918684776872396e-04,1.480900391470640898e-04,5.753635559813119471e-05,2.085012056340929121e-05,7.384735908999573439e-06,6.394409410859225318e-06,5.578608579526189715e-06,2.306177975697210059e-06,-1.950659680005628616e-06,-2.719248641369631514e-06,9.781829248822759837e-07,-6.965725418695001281e-08
-4.860376066062599421e-06,9.736868378240615129e-07,1.371066027786582708e-04,4.625247674994170666e-04,7.957683410495519638e-04,9.877082193270325661e-04,9.813489159569144249e-04,8.226753561757504940e-04,6.034362013451755047e-04,3.806860477197915316e-04,1.944950345205143094e-04,8.614658872829750180e-05,2.619014594529289752e-05,6.566691808984614909e-06,2.870139269361970946e-06,-5.268729182716924697e-06,7.048672046039428096e-07,6.956553875170357060e-07,-2.984452748933108523e-06,3.412650130485417321e-06
6.433897397073451430e-06,1.830320979934185743e-05,3.952377301175147295e-05,1.287549384869635105e-04,1.780746824806556106e-04,1.838632742874324322e-04,1.252611691597849131e-04,6.677123019471764565e-05,6.644998393312562257e-06,4.495882421906571835e-06,-5.645037617796333507e-06,-3.780291763177956454e-06,2.917366828114609234e-06,7.967204510350711644e-06,-6.168023446662118658e-06,1.377139687974704430e-05,-8.781970791460480541e-06,3.833472419501049444e-06,1.584093752171611413e-06,-5.198086910240817815e-06
1.187872044283722062e-06,4.574368631438119337e-06,1.221330458065494895e-04,3.606756217777729034e-04,5.803089006803929806e-04,6.483064498752355576e-04,5.620046867989003658e-04,3.955380234401673079e-04,2.213025290984660387e-04,1.008400649880059063e-04,4.205001096124760807e-05,2.151497210434172302e-05,1.510875245003262535e-05,1.305614387092646211e-05,9.388162652612663805e-06,2.844566552084870636e-06,-1.276265948035870679e-06,-1.804060161703091580e-06,-2.594321983906411333e-07,6.629807671743037645e-07
2.675232053661602549e-06,6.590147222595987841e-06,2.696247247513383627e-04,8.792811422608792782e-04,1.453732606023550034e-03,1.699481974355876446e-03,1.539636170491576195e-03,1.130667747929692268e-03,6.686120759695768356e-04,2.894350036513060331e-04,7.847516826586797833e-05,-3.554623617674224079e-06,-3.092050610575824976e-05,-1.381818037771154195e-05,-8.129122619493500679e-08,2.212782192145823501e-06,-1.755808511916256975e-06,-4.428981810633558780e-06,7.591980875076842494e-07,1.992049874388612807e-06
2.478800752214738168e-06,7.023023954388918355e-06,1.112895770347677171e-04,4.066088295076042414e-04,7.347296341322362423e-04,9.601804777048528194e-04,1.019484945572912693e-03,9.280251106247305870e-04,7.579902303405106068e-04,5.505441804416477680e-04,3.449282085057348013e-04,1.940593065228313208e-04,9.002178558148443699e-05,3.491210009087808430e-05,9.308488188253249973e-06,6.226026471267687157e-06,-4.062821062689181417e-06,-1.612227606528904289e-06,1.436602246940310579e-06,-2.752265800154418685e-06
-2.554555294409510680e-06,2.538506123528350145e-06,1.284569152630865574e-04,4.128042201045900583e-04,6.895344704389572144e-04,8.203649776987731457e-04,7.712749647907912731e-04,6.049968069419264793e-04,4.030644195154309273e-04,2.276467130286619067e-04,1.051439103321172297e-04,4.279831046005710959e-05,1.373793838865822181e-05,6.127971573732793331e-06,4.997441919840639457e-06,-2.923022520917584188e-06,6.508049068543186877e-07,-5.012424821870808955e-07,-1.180041294901457150e-06,2.557368816269445233e-06
-4.334706773079233244e-06,-7.507375812565442175e-06,8.226335194194689393e-05,2.300287887919694185e-04,4.077841294929385185e-04,5.493380594998598099e-04,6.333573837764561176e-04,6.732835317961871624e-04,6.579349865205585957e-04,6.050879019312560558e-04,5.261240294203162193e-04,4.124194383621215820e-04,2.755569876171648502e-04,1.668815675657242537e-04,8.885639545042067766e-05,2.208937075920403004e-05,1.313170832872856408e-05,-5.859064344804210123e-07,-1.081611208064714447e-05,8.335649908985942602e-06
3.969495537603506818e-06,6.804387339798267931e-06,1.764674088917672634e-04,5.474525387398898602e-04,8.900728425942361355e-04,1.009773230180144310e-03,8.827049750834703445e-04,6.182159995660185814e-04,3.377766406629234552e-04,1.297397975577041507e-04,3.032015956705436110e-05,-7.897583600424695760e-07,-7.952718078740872443e-06,1.046865804710250814e-06,4.713338057626970112e-06,5.051576863479567692e-06,-3.318546532682375982e-06,-3.813980583800002933e-06,1.904374926198215690e-06,-1.695161415682377992e-07
4.115816409466788173e-06,6.754440164513653144e-06,1.359508023597300053e-04,4.044750239700078964e-04,6.481764721684157848e-04,7.142774411477148533e-04,6.022559828124940395e-04,4.027907853014767170e-04,2.014439814956858754e-04,6.768351158825680614e-05,1.393080583511618897e-05,3.339386239531449974e-06,3.240245405322639272e-06,8.856848580762743950e-06,7.101130904629826546e-06,6.437654519686475396e-06,-3.713845899255829863e-06,-2.830078301485627890e-06,1.194223727907228749e-06,-4.970775648871494923e-07
1.900038910207513254e-06,5.445749593491200358e-06,1.715715334285050631e-04,5.418999935500323772e-04,8.897378575056791306e-04,1.027320860885083675e-03,9.215842001140117645e-04,6.722799153067171574e-04,3.959138703066855669e-04,1.786714856280013919e-04,5.920130570302717388e-05,1.230620091519085690e-05,-3.754574663616949692e-06,8.514205660503648687e-07,4.019070274807745591e-06,1.913997948577161878e-06,-1.783264565347053576e-06,-3.027627826668322086e-06,8.980796337709762156e-07,7.822407610547088552e-07
-8.925755537347868085e-06,-4.764887933106365381e-07,1.926784461829811335e-04,6.722291000187397003e-04,1.163240638561546803e-03,1.459507737308740616e-03,1.456067431718111038e-03,1.220649690367281437e-03,8.901449618861079216e-04,5.448637530207633972e-04,2.623292675707489252e-04,1.018501279759220779e-04,1.614574648556299508e-05,-3.756217211048351601e-06,-5.569731342802697327e-07,-1.009038714983034879e-05,3.130262712147668935e-06,2.083343360936851241e-06,-4.799246653419686481e-06,6.995203875703737140e-06
7.000332516327034682e-06,8.910215910873375833e-06,8.945778245106339455e-05,3.247657732572406530e-04,6.090075476095080376e-04,8.275468135252594948e-04,9.330921457149088383e-04,9.306053980253636837e-04,8.441141108050942421e-04,7.050703861750662327e-04,5.415639025159180164e-04,3.706876595970243216e-04,2.188260987168177962e-04,1.153770135715603828e-04,4.813271516468375921e-05,2.516451058909296989e-05,-2.126870640495326370e-06,-3.066491444769781083e-06,1.442523171135690063e-06,-3.935525910492287949e-06
1.126331972045591101e-05,1.535470983071718365e-05,1.287784689338877797e-04,3.912471293006092310e-04,6.242613890208303928e-04,6.599049665965139866e-04,5.253703566268086433e-04,3.148764080833643675e-04,1.171748444903641939e-04,4.649356469599297270e-06,-2.278433385072275996e-05,-1.199751204694621265e-05,-4.634189281205181032e-06,5.344930286810267717e-06,2.429301503070746548e-06,1.780457569111604244e-05,-9.060412594408262521e-06,-4.763971446664072573e-06,8.528261787432711571e-06,-9.496030543232336640e-06
-3.802070750680286437e-06,1.967703838090528734e-06,1.199182734126225114e-04,4.163562261965125799e-04,7.233364740386605263e-04,9.081304306164383888e-04,9.159985929727554321e-04,7.785560446791350842e-04,5.819213693030178547e-04,3.740581159945577383e-04,1.915412140078842640e-04,8.266874647233635187e-05,2.275228507642168552e-05,2.837974307112745009e-06,-7.409740305774903391e-07,-4.418540811457205564e-06,-2.737940576480468735e-07,1.881897873090565554e-07,-7.276383371390693355e-07,1.594437094354361761e-06
1.228415931109338999e-05,1.683732807578053325e-05,7.862482016207650304e-05,3.125162329524755478e-04,6.016225088387727737e-04,8.402286912314593792e-04,9.808227187022566795e-04,1.009782892651855946e-03,9.520904859527945518e-04,8.176142000593245029e-04,6.567741511389613152e-04,4.679299599956721067e-04,2.807878481689840555e-04,1.510381407570093870e-04,6.441286677727475762e-05,4.543651812127791345e-05,-3.471342324701254256e-06,-7.207737326098140329e-06,1.252449965249979869e-05,-1.351620539935538545e-05
-3.474351899512839736e-07,3.193152451785863377e-06,2.180797018809244037e-04,7.069058483466506004e-04,1.169019611552357674e-03,1.370645710267126560e-03,1.249320805072784424e-03,9.286386193707585335e-04,5.612517124973237514e-04,2.578259154688566923e-04,8.203308243537321687e-05,9.742691872816067189e-06,-1.598283779458142817e-05,-6.093215233704540879e-06,2.806997827065060847e-06,-1.294358980885590427e-06,1.726059366546905949e-07,-2.359269046792178415e-06,-9.726601319925975986e-07,3.699086164488107897e-06
3.097738726864918135e-06,9.759892236615996808e-06,1.259647833649069071e-04,4.798831942025572062e-04,8.665448403917253017e-04,1.130983699113130569e-03,1.192471361719071865e-03,1.065764692611992359e-03,8.503663120791316032e-04,5.903731216676533222e-04,3.413994272705167532e-04,1.716007391223683953e-04,6.366027082549408078e-05,1.531645284558180720e-05,-2.223068804596550763e-06,5.466678430821048096e-06,-5.821199465572135523e-06,-2.652865077834576368e-06,4.973696832166751847e-06,-5.177786988497246057e-06
-8.977318088909669314e-08,2.622828333187499084e-06,7.957217894727364182e-05,2.323521475773304701e-04,3.815253439825028181e-04,4.367144720163196325e-04,4.032799333799630404e-04,3.162931534461677074e-04,2.153045934392139316e-04,1.401626068400219083e-04,8.321509085362777114e-05,5.109949415782466531e-05,3.213221862097270787e-05,1.854582842497620732e-05,8.581703696108888835e-06,1.599952270225912798e-06,-1.068043502527871169e-06,-1.096323558158474043e-06,-7.877151233515178319e-07,-7.135814712455612607e-07
1.236077969224425033e-05,1.784282721928320825e-05,6.074472184991464019e-05,1.945323747349902987e-04,3.051144594792276621e-04,3.069308004342019558e-04,2.285074151586741209e-04,1.220704725710675120e-04,2.586568189144600183e-05,-7.254832780745346099e-06,-1.259023247257573530e-05,-4.186047590337693691e-06,8.933873800742730964e-07,3.396554120627115481e-06,2.605232225505460519e-07,1.753453761921264231e-05,-9.811496056499890983e-06,-1.059449118656630162e-06,7.442514288413804024e-06,-1.320412320637842640e-05
4.423823156685102731e-06,7.355475645454134792e-06,1.320947776548564434e-04,3.929648082703351974e-04,6.299702217802405357e-04,6.939377635717391968e-04,5.855502095073461533e-04,3.922017058357596397e-04,1.972256868612021208e-04,6.792681961087509990e-05,1.548799446027260274e-05,4.610037649399600923e-06,4.199487193545792252e-06,8.629584044683724642e-06,6.556103471666574478e-06,6.862992904643760994e-06,-4.023572728328872472e-06,-3.080592250626068562e-06,1.656848326092585921e-06,-1.111667756958922837e-06
-8.205964149965438992e-06,-1.316474117629695684e-05,1.029273917083628476e-04,2.882204134948551655e-04,5.139989079907536507e-04,6.802426069043576717e-04,7.606080034747719765e-04,7.814494892954826355e-04,7.289414643310010433e-04,6.462593446485698223e-04,5.356191541068255901e-04,4.033885779790580273e-04,2.647807123139500618e-04,1.569000887684524059e-04,8.271324622910469770e-05,1.055741449818015099e-05,1.279365278605837375e-05,4.373283445602282882e-06,-1.777501347532961518e-05,1.507716206106124446e-05
1.069798940989130642e-06,3.688009883262566291e-06,6.470656080637127161e-05,1.838849711930379272e-04,2.925979788415133953e-04,3.194689052179455757e-04,2.780806389637291431e-04,2.039116225205361843e-04,1.235666131833568215e-04,8.001983951544389129e-05,4.955975600751116872e-05,3.456128251855261624e-05,2.587000926723703742e-05,1.784323649189900607e-05,7.930580068205017596e-06,2.676777057786239311e-06,-1.052788206834520679e-06,1.121562132055942129e-08,-1.497000425842998084e-06,-2.383635546721052378e-06
3.532673190420609899e-06,4.587878265738254413e-06,5.892560875508934259e-05,1.840748154791072011e-04,3.241783415433019400e-04,4.039045306853950024e-04,4.218380781821906567e-04,3.868255880661308765e-04,3.244686522521078587e-04,2.599574509076774120e-04,1.862303906818851829e-04,1.246295869350433350e-04,7.530416041845455766e-05,3.727462899405509233e-05,1.322871503361966461e-05,7.128422566893277690e-06,-3.180737166985636577e-06,-2.028979906754102558e-06,1.946136080732685514e-06,-3.720055474332184531e-06
5.193548076931620017e-06,1.550075830891728401e-05,3.425498653086833656e-05,1.099194778362289071e-04,1.497066987212747335e-04,1.584803103469312191e-04,1.140829481300897896e-04,7.036831812001764774e-05,2.111306093866005540e-05,2.231368853244930506e-05,7.822041879990138113e-06,4.918525519315153360e-06,8.498361239617224783e-06,1.010453524941112846e-05,-5.088794296170817688e-06,1.094570598070276901e-05,-7.677100256842095405e-06,3.480254690657602623e-06,7.686816871910195914e-08,-4.368506779428571463e-06
9.599642908142413944e-06,1.594113564351573586e-05,1.165839712484739721e-04,4.631104238796979189e-04,8.601627196185290813e-04,1.152449520304799080e-03,1.253799535334110260e-03,1.171191805042326450e-03,9.865015745162963867e-04,7.374499691650271416e-04,4.822952905669808388e-04,2.787591365631669760e-04,1.319665170740336180e-04,5.183212124393321574e-05,1.311314372287597507e-05,1.765333399816881865e-05,-8.255599823314696550e-06,-5.142135250935098156e-06,5.493110165843972936e-06,-8.921101652958896011e-06
-3.754644694708986208e-06,3.240991190978093073e-06,1.493041345383971930e-04,5.096683744341135025e-04,8.735023438930511475e-04,1.077104592695832253e-03,1.056423876434564590e-03,8.688318775966763496e-04,6.196736358106136322e-04,3.735808713827282190e-04,1.787532382877543569e-04,7.005484803812578321e-05,1.379480272589717060e-05,-7.959621370901004411e-07,-4.756992666443693452e-07,-4.328742761572357267e-06,1.742038335805773386e-07,-1.996092464651155751e-07,-8.250192422565305606e-07,2.390162990195676684e-06
-1.220706593585418887e-07,4.120620815228903666e-06,1.026794852805323899e-04,3.048609360121190548e-04,4.952024901285767555e-04,5.613309913314878941e-04,5.011680186726152897e-04,3.716625797096639872e-04,2.291443961439654231e-04,1.258365373359993100e-04,6.399745325325056911e-05,3.561397170415148139e-05,2.312198012077715248e-05,1.504873671365203336e-05,9.061343916982878000e-06,1.079002117876370903e-06,-6.533646228490397334e-07,-1.346105591437662952e-06,-6.474084557339665480e-07,5.302435965859331191e-07
1.144063662650296465e-05,1.752333082549739629e-05,1.175835859612561762e-04,4.722498415503650904e-04,8.861746755428612232e-04,1.199585967697203159e-03,1.320767449215054512e-03,1.254690694622695446e-03,1.076731947250664234e-03,8.244967903010547161e-04,5.589847569353878498e-04,3.352311905473470688e-04,1.671658101258799434e-04,7.127306162146851420e-05,2.213907646364532411e-05,2.222426701337099075e-05,-8.398226782446727157e-06,-5.598038569587515667e-06,4.608402377925813198e-06,-9.511939424555748701e-06
-6.355562618409749120e-07,3.345956429257057607e-06,8.879331289790570736e-05,2.804345276672393084e-04,4.743790195789188147e-04,5.697530577890574932e-04,5.541246500797569752e-04,4.570384044200181961e-04,3.321740077808499336e-04,2.185095800086855888e-04,1.221693237312138081e-04,6.446566840168088675e-05,3.128021489828824997e-05,1.384272036375477910e-05,5.207332378631690517e-06,3.934453829401718394e-08,-1.579431796017161105e-06,-1.158047325588995591e-06,-8.653196381658290193e-09,-5.100662860968441237e-07
-1.044557302520843223e-05,-1.228904329764191061e-05,1.768429210642352700e-04,6.005523027852177620e-04,1.112175057642161846e-03,1.535281073302030563e-03,1.743052969686686993e-03,1.763487234711647034e-03,1.605172757990658283e-03,1.342583214864134789e-03,1.041865209117531776e-03,7.267331820912659168e-04,4.363984335213899612e-04,2.479016548022627831e-04,1.242859580088406801e-04,2.360960206715390086e-05,1.680525565461721271e-05,8.429682566202245653e-06,-2.043752101599238813e-05,1.823426100600045174e-05
-3.197473006366635673e-06,3.908670805685687810e-06,1.904578821267932653e-04,6.294110207818448544e-04,1.059663831256330013e-03,1.275260583497583866e-03,1.208541099913418293e-03,9.542494663037359715e-04,6.389303016476333141e-04,3.534989373292773962e-04,1.555740163894370198e-04,5.563908780459314585e-05,7.905957318143919110e-06,2.018255429447890492e-07,3.074095275223953649e-06,-3.790997652686201036e-06,8.282797807623865083e-07,-8.994017548502597492e-07,-2.867179318855050951e-06,3.586217644624412060e-06
-6.263563591346610337e-06,9.688797035778407007e-07,1.790800160961225629e-04,6.597079336643218994e-04,1.177444471977651119e-03,1.531699439510703087e-03,1.600282615981996059e-03,1.415370614267885685e-03,1.108695869334042072e-03,7.449270924553275108e-04,4.080754006281495094e-04,1.924710231833159924e-04,6.073417898733168840e-05,1.194734522869111970e-05,1.670782694418448955e-07,-5.999198947392869741e-06,-1.184294760037118976e-07,1.837615627664490603e-06,-3.078167310377466492e-06,3.768041324292425998e-06
9.771972599992295727e-07,4.235407232044963166e-06,8.547055040253326297e-05,2.437531074974685907e-04,3.892937675118446350e-04,4.252201470080763102e-04,3.639301576185971498e-04,2.559174899943172932e-04,1.437307073501870036e-04,7.590449240524321795e-05,4.082343366462737322e-05,2.691746703931130469e-05,2.125923856510780752e-05,1.514095310994889587e-05,7.848653694964013994e-06,3.723970166902290657e-06,-1.453130721529305447e-06,-1.354786036245059222e-06,1.500501412010635249e-07,-1.714838845146005042e-06
8.136258657032158226e-06,1.131990120484260842e-05,1.557965879328548908e-04,4.684904706664383411e-04,7.512600859627127647e-04,8.191753877326846123e-04,6.776588270440697670e-04,4.355660930741578341e-04,1.981014211196452379e-04,4.380587779451161623e-05,-9.435349966224748641e-06,-1.123866968555375934e-05,-6.984803349041612819e-06,4.847662694373866543e-06,3.910238774551544338e-06,1.143320514529477805e-05,-6.956738616281654686e-06,-4.794172127731144428e-06,3.633350161180715077e-06,-3.446792561589973047e-06
1.890030148388177622e-06,5.381422397476853803e-06,1.268998748855665326e-04,3.819919948000460863e-04,6.174393929541110992e-04,6.942485342733561993e-04,6.054684054106473923e-04,4.271568905096501112e-04,2.394900220679119229e-04,1.059596834238618612e-04,3.962032496929168701e-05,1.622976560611277819e-05,9.516357749816961586e-06,9.245722139894496650e-06,7.313156856980640441e-06,3.176208565491833724e-06,-1.906898319248284679e-06,-2.381442982368753292e-06,9.838612413659575395e-07,-7.211441044319144567e-08
5.170695089873333927e-07,4.923307187709724531e-06,1.363089977530762553e-04,4.231303173583000898e-04,6.948048248887062073e-04,8.017797954380512238e-04,7.239797851070761681e-04,5.381741211749613285e-04,3.295659553259611130e-04,1.663448929321020842e-04,7.034074951661750674e-05,2.848084477591328323e-05,1.140606582339387387e-05,8.008836630324367434e-06,6.398609002644661814e-06,8.639248676445276942e-07,-1.109343770622217562e-06,-2.120632871083216742e-06,-1.621081757718911831e-08,7.045647976156033110e-07
1.128745793721463997e-06,4.580962468025973067e-06,9.660030627856031060e-05,2.780032227747142315e-04,4.445772210601717234e-04,4.876669845543801785e-04,4.164387937635183334e-04,2.891515323426574469e-04,1.583325501997023821e-04,7.616599032189697027e-05,3.645149263320490718e-05,2.252866943308617920e-05,1.833851456467527896e-05,1.406833598593948409e-05,8.214449735532980412e-06,3.789017682720441371e-06,-1.618880787646048702e-06,-1.656955305406881962e-06,5.106618345962488092e-07,-7.045882739475928247e-07
-1.476427655688894447e-06,4.635078312276164070e-06,1.543021062389016151e-04,5.103749572299420834e-04,8.568356279283761978e-04,1.025403384119272232e-03,9.665551478974521160e-04,7.563599501736462116e-04,5.000759265385568142e-04,2.729033585637807846e-04,1.166316942544654012e-04,3.875610127579420805e-05,4.044450633955420926e-06,-1.074155534297460690e-06,1.083663505596632604e-06,-2.217868996012839489e-06,-2.009732185115353786e-07,-1.470138386139296927e-06,-1.617415534838073654e-07,1.464853994548320770e-06
-3.587633955248747952e-06,1.903796942315238994e-06,1.174848948721773922e-04,4.007373063359409571e-04,6.915101548656821251e-04,8.603454334661364555e-04,8.591712685301899910e-04,7.231021299958229065e-04,5.338744376786053181e-04,3.400865243747830391e-04,1.739382278174161911e-04,7.607355655636638403e-05,2.269482138217426836e-05,4.570732471620431170e-06,8.374533422284002881e-07,-4.040108706249156967e-06,-1.052907592224983091e-07,1.161712432917738624e-07,-8.867966130310378503e-07,1.772817768141976558e-06
-5.700683686882257462e-06,-2.526431444493937306e-06,1.063430245267227292e-04,3.340582770761102438e-04,5.715763545595109463e-04,7.060052012093365192e-04,7.077882182784378529e-04,6.081652245484292507e-04,4.629792238119989634e-04,3.165393718518316746e-04,1.830646215239539742e-04,9.952400432666763663e-05,4.741448719869367778e-05,2.224987838417291641e-05,1.096198502636980265e-05,-5.514724762178957462e-06,1.738101673254277557e-06,1.716705583021393977e-06,-6.224575372471008450e-06,4.916555553791113198e-06
1.459451232221908867e-05,1.835385046433657408e-05,1.576534414198249578e-04,4.864690708927810192e-04,7.803563494235277176e-04,8.347898838110268116e-04,6.733081536367535591e-04,4.091061418876051903e-04,1.587816659593954682e-04,6.399966878234408796e-06,-3.471011223155073822e-05,-2.284418587805703282e-05,-1.458594761061249301e-05,1.410120148648275062e-06,8.584240731579484418e-07,2.036999649135395885e-05,-1.103807153413072228e-05,-6.699347522953758016e-06,1.087184136849828064e-05,-1.094492017728043720e-05
4.372293915366753936e-06,1.300796975556295365e-05,2.496375054761301726e-05,8.230512321460992098e-05,1.106966301449574530e-04,1.240584824699908495e-04,9.898316784529015422e-05,7.538819772889837623e-05,4.249117773724719882e-05,4.901492866338230669e-05,2.784103344311006367e-05,1.775236705725546926e-05,1.495667765993857756e-05,1.200088172481628135e-05,-5.268844688544049859e-06,1.024018365569645539e-05,-7.146017196646425873e-06,3.035811005247524008e-06,2.348578220789931947e-07,-4.747725597553653643e-06
8.728963621251750737e-06,1.044541568262502551e-05,5.615367626887746155e-05,2.021629334194585681e-04,3.799177648033946753e-04,5.076669040136039257e-04,5.729980184696614742e-04,5.744928494095802307e-04,5.304661463014781475e-04,4.562448593787848949e-04,3.614283923525363207e-04,2.546960604377090931e-04,1.562318502692505717e-04,8.100214472506195307e-05,3.188226037309505045e-05,2.344586391700431705e-05,-4.238508608978008851e-06,-5.283104655973147601e-06,6.903066150698577985e-06,-7.388121048279572278e-06
1.009450170386116952e-05,1.557421819597948343e-05,5.696326843462884426e-05,1.772989198798313737e-04,2.748611732386052608e-04,2.785838732961565256e-04,2.084606530843302608e-04,1.146949798567220569e-04,2.884317291318438947e-05,1.555210928927408531e-07,-7.668677426408976316e-06,-1.782837216524058022e-06,2.410478373349178582e-06,4.637407528207404539e-06,1.917332355105827446e-07,1.381438869429985061e-05,-8.858602086547762156e-06,-6.090744477660336997e-07,4.395778432808583602e-06,-1.011362201097654179e-05
-5.713128757633967325e-06,3.918410129699623212e-06,1.954030740307644010e-04,7.466657552868127823e-04,1.338901347480714321e-03,1.749514834955334663e-03,1.830737222917377949e-03,1.613256405107676983e-03,1.256183488294482231e-03,8.287720265798270702e-04,4.359872255008667707e-04,1.891573192551732063e-04,4.399429235490970314e-05,-3.284314971097046509e-06,-9.155415682471357286e-06,-5.851185505889588967e-06,-1.247885847988072783e-06,9.277048320655012503e-07,5.091220032227283809e-07,1.650108856665610801e-06
1.591597538208588958e-05,2.433876579743809998e-05,1.198445170302875340e-04,5.247095832601189613e-04,1.010195002891123295e-03,1.418713829480111599e-03,1.625783974304795265e-03,1.622199313715100288e-03,1.463697757571935654e-03,1.191486837342381477e-03,8.856202475726604462e-04,5.782040534541010857e-04,3.188634582329541445e-04,1.597983937244862318e-04,6.109387322794646025e-05,4.783864278579130769e-05,-6.190840849740197882e-06,-7.660361916350666434e-06,1.437188620911911130e-05,-1.469033941248198971e-05
-1.238067284248245414e-06,8.296512419292412233e-07,6.939582090126350522e-05,2.079558908008038998e-04,3.534229763317853212e-04,4.273088125046342611e-04,4.269933560863137245e-04,3.693175385706126690e-04,2.873532648663967848e-04,2.108345070155337453e-04,1.341710740234702826e-04,8.211447129724547267e-05,4.700013596448116004e-05,2.364813008171040565e-05,9.726173630042467266e-06,-1.055512033332206556e-08,-6.071309712751826737e-07,-2.639927174641343299e-07,-1.678543526395515073e-06,1.800048465838699485e-07
4.972155238647246733e-06,1.766991408658213913e-05,3.381729038665071130e-05,1.115650084102526307e-04,1.472463627578690648e-04,1.548399013699963689e-04,1.027982725645415485e-04,5.666262586601078510e-05,5.822612820338690653e-06,1.027483995130751282e-05,-2.069961283268639818e-06,-2.051061983365798369e-06,4.058276772411772981e-06,9.020259312819689512e-06,-7.662734788027592003e-06,1.310469451709650457e-05,-8.104727385216392577e-06,5.030630291003035381e-06,3.703599986693006940e-07,-3.933905645681079477e-06
2.947198538549855584e-07,1.739435447234427556e-06,7.435476436512544751e-05,2.236010477645322680e-04,3.858708660118281841e-04,4.735118127427995205e-04,4.827702650800347328e-04,4.302709712646901608e-04,3.476268902886658907e-04,2.660822938196361065e-04,1.810192043194547296e-04,1.175160141428932548e-04,6.935647252248600125e-05,3.503651896608062088e-05,1.405499369866447523e-05,2.970700734294950962e-06,-1.528747134216246195e-06,-6.679754847027652431e-07,-1.811460833778255619e-06,-6.634971327912353445e-07
1.247317595698405057e-05,1.988352414628025144e-05,1.351514220004901290e-04,5.582128651440143585e-04,1.051021157763898373e-03,1.430915435776114464e-03,1.577494549565017223e-03,1.495402539148926735e-03,1.278284122236073017e-03,9.667340782471001148e-04,6.439728313125669956e-04,3.772978961933404207e-04,1.806152722565457225e-04,7.372912659775465727e-05,2.185999983339570463e-05,2.416676034044940025e-05,-9.227303962688893080e-06,-6.102318820921937004e-06,5.167243216419592500e-06,-1.033401804306777194e-05
-7.047178200991766062e-07,4.155735950917005539e-06,1.497280754847452044e-04,4.788819351233541965e-04,7.934885798022150993e-04,9.313981863670051098e-04,8.569085621275007725e-04,6.512571126222610474e-04,4.113540344405919313e-04,2.126088947989046574e-04,8.762448123889043927e-05,2.997900264745112509e-05,6.175288945087231696e-06,3.557760919647989795e-06,4.378804078442044556e-06,-1.190044372378906701e-06,-2.536077658987778705e-07,-1.664176352278445847e-06,-7.142058962017472368e-07,1.715692633297294378e-06
-1.718743078527040780e-05,-2.349044189031701535e-05,1.968805881915614009e-04,6.158763426356017590e-04,1.120552304200828075e-03,1.521968515589833260e-03,1.703595509752631187e-03,1.713090226985514164e-03,1.547664636746048927e-03,1.295127673074603081e-03,1.006151898764073849e-03,7.087929989211261272e-04,4.318216815590858459e-04,2.514537482056766748e-04,1.303111930610612035e-04,9.503612091066315770e-06,2.094270348607096821e-05,1.354220967186847702e-05,-3.631702202255837619e-05,2.859056257875636220e-05
-2.919633971032453701e-06,2.959260655188700184e-06,1.320260344073176384e-04,4.366856301203370094e-04,7.412248523905873299e-04,9.011639049276709557e-04,8.719657780602574348e-04,7.082034135237336159e-04,4.976205527782440186e-04,2.991757064592093229e-04,1.461787323933094740e-04,6.185878010001033545e-05,1.825322942750062793e-05,4.918696959066437557e-06,2.838039790731272660e-06,-3.097465878454386257e-06,3.229219203149114037e-08,-3.956040472985478118e-07,-1.040033907884208020e-06,2.085046617139596492e-06
-1.827034225243551191e-06,3.311325372123974375e-06,1.181836196337826550e-04,3.781600389629602432e-04,6.331892800517380238e-04,7.538765785284340382e-04,7.125524571165442467e-04,5.638246075250208378e-04,3.823801234830170870e-04,2.236636937595903873e-04,1.088852368411608040e-04,4.830517355003394186e-05,1.835069087974261492e-05,7.982919669302646071e-06,4.927244390273699537e-06,-1.712677317300403956e-06,-1.923508250456507085e-07,-8.488543130624748301e-07,-4.580747656746098073e-07,1.478235844842856750e-06
8.726078704057727009e-06,1.094162143999710679e-05,6.534169369842857122e-05,2.356782060815021396e-04,4.459538031369447708e-04,6.190132116898894310e-04,7.302648737095296383e-04,7.667017052881419659e-04,7.456111488863825798e-04,6.630573188886046410e-04,5.571958608925342560e-04,4.166353319305926561e-04,2.617221325635910034e-04,1.478372432757169008e-04,6.800673145335167646e-05,4.011886630905792117e-05,1.591776822351675946e-06,-6.798202775826212019e-06,7.239413662318838760e-06,-9.697527275420725346e-06
3.944816853618249297e-06,7.245597771543543786e-06,1.332157698925584555e-04,3.986138035543262959e-04,6.411406211555004120e-04,7.114636828191578388e-04,6.075501441955566406e-04,4.144259437453001738e-04,2.171024971175938845e-04,8.262877236120402813e-05,2.390028930676635355e-05,8.318236723425798118e-06,5.683142717316513881e-06,8.465209248242899776e-06,6.623044100706465542e-06,6.153893536975374445e-06,-3.676019105114392005e-06,-3.115576191703439690e-06,1.734941292852454353e-06,-1.169477968687715475e-06
7.977316272445023060e-06,1.832974339777138084e-05,1.467980910092592239e-04,6.134536815807223320e-04,1.131939701735973358e-03,1.513495459221303463e-03,1.625895849429070950e-03,1.477876212447881699e-03,1.200972590595483780e-03,8.399983635172247887e-04,4.925244720652699471e-04,2.448669110890477896e-04,8.508903556503355503e-05,1.665166382736060768e-05,-6.542736628034617752e-06,1.353898551315069199e-05,-9.238457096216734499e-06,-5.458335635921685025e-06,1.013103519653668627e-05,-1.021689604385755956e-05
3.728060391949838959e-06,7.468503554264316335e-06,1.051546714734286070e-04,3.030833031516522169e-04,4.822751798201352358e-04,5.177355487830936909e-04,4.259966663084924221e-04,2.771472209133207798e-04,1.310862717218697071e-04,4.566473944578319788e-05,1.430199426977196708e-05,1.060974955180427060e-05,1.142815017374232411e-05,1.155460995505563915e-05,6.347592261590762064e-06,7.981925591593608260e-06,-4.121737674722680822e-06,-2.383028913754969835e-06,1.589612338648294099e-06,-2.680808620425523259e-06
1.099301243812078610e-05,1.874258123280014843e-05,1.732918608468025923e-04,7.059147465042769909e-04,1.328015816397964954e-03,1.815865980461239815e-03,2.006391761824488640e-03,1.912072300910949707e-03,1.639793859794735909e-03,1.244259648956358433e-03,8.352942531928420067e-04,4.951503942720592022e-04,2.404604310868307948e-04,1.037218316923826933e-04,3.652489249361678958e-05,2.604578003229107708e-05,-7.106229077180614695e-06,-4.627176167559809983e-06,-1.039462347307562595e-07,-6.944259894225979224e-06
1.532371425128076226e-05,1.941926711879204959e-05,1.458474871469661593e-04,4.529947182163596153e-04,7.258667028509080410e-04,7.703753071837127209e-04,6.159821059554815292e-04,3.683100221678614616e-04,1.357309229206293821e-04,-7.532776180596556515e-07,-3.391468635527417064e-05,-2.008038791245780885e-05,-1.160228293883847073e-05,2.279603904753457755e-06,9.575770718583953567e-07,2.215433414676226676e-05,-1.121482273447327316e-05,-6.471436790889129043e-06,1.254451490240171552e-05,-1.296050413657212630e-05
2.579093006715993397e-06,5.827755558129865676e-06,1.085637486539781094e-04,3.142543428111821413e-04,5.008546868339180946e-04,5.449986783787608147e-04,4.564581322483718395e-04,3.053170803468674421e-04,1.539033255539834499e-04,6.014832615619525313e-05,2.180843148380517960e-05,1.350770526187261567e-05,1.272312601940939203e-05,1.252059519174508750e-05,7.831545190128963441e-06,5.769879862782545388e-06,-2.954454657810856588e-06,-1.978506361410836689e-06,6.525783078359381761e-07,-8.403112019550462719e-07
2.218670124420896173e-05,3.716858918778598309e-05,1.909515121951699257e-04,8.757371688261628151e-04,1.674628583714365959e-03,2.327172551304101944e-03,2.602326683700084686e-03,2.494060667231678963e-03,2.149395179003477097e-03,1.626648590900003910e-03,1.085167750716209412e-03,6.243662210181355476e-04,2.886354923248291016e-04,1.148335431935265660e-04,3.074928099522367120e-05,4.587470175465568900e-05,-1.422646437276853248e-05,-1.255785809917142615e-05,1.522417187516111881e-05,-1.952432285179384053e-05
-6.473096618719864637e-07,3.550277369868126698e-06,1.236553216585889459e-04,3.796171222347766161e-04,6.219153292477130890e-04,7.165908464230597019e-04,6.474831607192754745e-04,4.833727434743195772e-04,2.985729952342808247e-04,1.552962057758122683e-04,6.942160689504817128e-05,3.107059455942362547e-05,1.513792085461318493e-05,1.036729190673213452e-05,7.754110811220016330e-06,-2.893963255701237358e-07,-2.606456632747722324e-07,-1.366336164210224524e-06,-7.271022468557930551e-07,1.557222276460379362e-06
6.688622988804127090e-07,1.550054093968356028e-06,5.938744288869202137e-05,1.704284222796559334e-04,2.853400364983826876e-04,3.364079166203737259e-04,3.310559841338545084e-04,2.846867137122899294e-04,2.205363125540316105e-04,1.690728386165574193e-04,1.130727687268517911e-04,7.409703539451584220e-05,4.516567059908993542e-05,2.448336272209417075e-05,9.314213457400910556e-06,1.947519422174082138e-06,-8.567223517275124323e-07,-9.644962801758083515e-07,-1.953645323737873696e-06,-2.119004193446016870e-06
-8.648009497846942395e-06,-3.051822204724885523e-06,2.323269000044092536e-04,8.936747908592224121e-04,1.688505173660814762e-03,2.382260281592607498e-03,2.747967140749096870e-03,2.794969826936721802e-03,2.557388506829738617e-03,2.129095839336514473e-03,1.640316797420382500e-03,1.123881200328469276e-03,6.618909537792205811e-04,3.656217886600643396e-04,1.790672831702977419e-04,5.546901957131922245e-05,2.132323788828216493e-05,5.474988029163796455e-06,-4.235711912770057097e-06,1.388482360198395327e-05
7.689774975006002933e-06,1.215539305121637881e-05,5.390519436332397163e-05,1.622843556106090546e-04,2.511456259526312351e-04,2.579602878540754318e-04,1.997532672248780727e-04,1.190838156617246568e-04,4.300720320316031575e-05,1.651640923228114843e-05,4.520398761087562889e-06,6.022092748025897890e-06,8.077081474766600877e-06,7.720708708802703768e-06,2.579222154963645153e-06,9.831605893850792199e-06,-7.434005055984016508e-06,-5.882235996068629902e-07,1.570905851622228511e-06,-7.671125786146149039e-06
-9.805880836211144924e-07,2.897268814194831066e-06,1.566360006108880043e-04,4.975645570084452629e-04,8.209185325540602207e-04,9.587401873432099819e-04,8.748125401325523853e-04,6.560304900631308556e-04,4.047536058351397514e-04,2.002859691856428981e-04,7.725566683802753687e-05,2.350792601646389812e-05,2.673514700290979818e-06,3.323121745779644698e-06,5.319764568412210792e-06,-1.521638523627188988e-06,2.136449381850979989e-07,-1.420500893800635822e-06,-1.083270944945979863e-06,2.693122951313853264e-06
1.224530024046543986e-07,5.050957042840309441e-06,1.075083710020408034e-04,3.932308463845402002e-04,7.019556942395865917e-04,9.061668533831834793e-04,9.473267709836363792e-04,8.404033724218606949e-04,6.646188558079302311e-04,4.609046736732125282e-04,2.654461131896823645e-04,1.346609205938875675e-04,5.298036921885795891e-05,1.520296700618928298e-05,9.069745487977343146e-07,1.281129357266763691e-06,-3.118227141385432333e-06,-9.738699873196310364e-07,2.813862693074042909e-06,-2.003753024837351404e-06
-1.093492483050795272e-05,2.520391490179463290e-06,2.553236263338476419e-04,9.470144868828356266e-04,1.661792048253118992e-03,2.120890654623508453e-03,2.146611688658595085e-03,1.815809751860797405e-03,1.336071989499032497e-03,8.093473152257502079e-04,3.703576221596449614e-04,1.207080786116421223e-04,-8.790902938926592469e-06,-3.045027915504761040e-05,-1.599085953785106540e-05,-1.323338074143975973e-05,3.016892378582269885e-06,1.832403427215467673e-06,-1.294878416047140490e-06,6.409572051779832691e-06
-8.005242307262960821e-06,-5.554158633458428085e-06,1.203586434712633491e-04,3.573517606128007174e-04,5.981934955343604088e-04,7.203539134934544563e-04,6.995414150878787041e-04,5.847215070389211178e-04,4.292422672733664513e-04,2.870141470339149237e-04,1.696080144029110670e-04,9.927828068612143397e-05,5.407959542935714126e-05,3.075934728258289397e-05,1.864923433458898216e-05,-7.542854291386902332e-06,4.082068244315451011e-06,2.996899638674221933e-06,-1.013849305309122428e-05,8.519371476722881198e-06
8.942350291363254655e-07,5.717481144529301673e-06,1.286972110392525792e-04,3.992629062850028276e-04,6.562248454429209232e-04,7.569364388473331928e-04,6.845562020316720009e-04,5.107254837639629841e-04,3.153714642394334078e-04,1.627275196369737387e-04,7.133840699680149555e-05,3.049534461752045900e-05,1.336401510343421251e-05,8.393175448873080313e-06,5.926574885961599648e-06,1.427796405550907366e-06,-1.481819140281004366e-06,-2.325649120393791236e-06,5.364709068089723587e-07,-9.970009529070011922e-08
-4.458505827642511576e-06,2.733434484980534762e-06,1.410145923728123307e-04,5.203225882723927498e-04,9.229209972545504570e-04,1.189961913041770458e-03,1.232215203344821930e-03,1.074291300028562546e-03,8.272021077573299408e-04,5.425385315902531147e-04,2.810701844282448292e-04,1.195991717395372689e-04,2.771360050246585160e-05,-2.005002670557587408e-06,-5.856874395249178633e-06,-5.230576334724901244e-06,-8.829286457512353081e-07,4.371891861865151441e-07,1.624721903681347612e-07,1.129203269556455780e-06
1.137258550443220884e-05,1.428893392585450783e-05,1.901643845485523343e-04,5.792459123767912388e-04,9.318082011304795742e-04,1.015986665152013302e-03,8.380028884857892990e-04,5.315868183970451355e-04,2.323540102224797010e-04,3.539120370987802744e-05,-2.873303856176789850e-05,-2.554963066359050572e-05,-1.914077984110917896e-05,7.389289180537161883e-07,2.124828370142495260e-06,1.477172827435424551e-05,-9.365461664856411517e-06,-6.956557172088650987e-06,5.699436769646126777e-06,-5.012621386413229629e-06
1.715203779895091429e-06,5.003395472158445045e-06,7.808514783391728997e-05,2.222597540821880102e-04,3.531427355483174324e-04,3.812091308645904064e-04,3.223209059797227383e-04,2.225371572421863675e-04,1.207910390803590417e-04,6.354203651426360011e-05,3.453523095231503248e-05,2.394941293459851295e-05,1.959037945198360831e-05,1.436716684111161157e-05,6.757133178325602785e-06,4.372391686047194526e-06,-2.132240524588269182e-06,-7.150583769544027746e-07,5.116596071275125723e-07,-2.966963165818015113e-06
-4.402010915782739175e-07,4.867930329055525362e-06,1.412866113241761923e-04,4.518643254414200783e-04,7.497713668271899223e-04,8.807913982309401035e-04,8.126461179926991463e-04,6.209646235220134258e-04,3.963302006013691425e-04,2.095773234032094479e-04,8.971618080977350473e-05,3.305829886812716722e-05,8.938101927924435586e-06,4.374178843136178330e-06,4.125034593016607687e-06,-7.253646003846370149e-07,-5.837827643517812248e-07,-1.789507791727373842e-06,-3.495577516332559753e-07,1.004522687253484037e-06
-1.893250896500831004e-06,3.290542281320085749e-06,1.218376783072017133e-04,3.880468429997563362e-04,6.490573287010192871e-04,7.716248510405421257e-04,7.278518169187009335e-04,5.750381969846785069e-04,3.890801162924617529e-04,2.271713310619816184e-04,1.111415404011495411e-04,5.015735223423689604e-05,1.965702358575072140e-05,8.938111022871453315e-06,5.613172561425017193e-06,-1.676281613072205801e-06,-1.298682974493203801e-07,-8.215887987716996577e-07,-8.957615591498324648e-07,1.665822651375492569e-06
4.926840801999787800e-07,4.073651780345244333e-06,9.295059135183691978e-05,2.692467242013663054e-04,4.328782379161566496e-04,4.799940797965973616e-04,4.177165974397212267e-04,2.992207009810954332e-04,1.740604348015040159e-04,9.208788105752319098e-05,4.720193828688934445e-05,2.855147613445296884e-05,2.126440085703507066e-05,1.497911398473661393e-05,8.500912372255697846e-06,2.644869709911290556e-06,-1.131548742705490440e-06,-1.395595631947799120e-06,6.168628630121020251e-08,-4.136354903039318742e-07
8.008869372133631259e-06,1.240704659721814096e-05,9.749016317073255777e-05,3.728368610609322786e-04,6.925477646291255951e-04,9.269131696783006191e-04,1.013674307614564896e-03,9.592504939064383507e-04,8.210677769966423512e-04,6.327865412458777428e-04,4.326528578530997038e-04,2.636971767060458660e-04,1.361910399282351136e-04,5.995942046865820885e-05,1.962671740329824388e-05,1.606959085620474070e-05,-6.192745331645710394e-06,-3.951098733523394912e-06,3.142587274851393886e-06,-6.524273885588627309e-06
1.162205535365501419e-05,1.705302747723180801e-05,8.867444557836279273e-05,3.595297748688608408e-04,6.765217403881251812e-04,9.146533557213842869e-04,1.009897096082568169e-03,9.638285264372825623e-04,8.328359690494835377e-04,6.472970708273351192e-04,4.467391991056501865e-04,2.718038158491253853e-04,1.392592239426448941e-04,5.995418541715480387e-05,1.691912257228977978e-05,2.107270847773179412e-05,-8.498135684931185097e-06,-5.954693278908962384e-06,6.984810624999227002e-06,-1.028862152452347800e-05
-6.856562322354875505e-07,3.282575335106230341e-06,9.246735135093331337e-05,2.839665103238075972e-04,4.719096759799867868e-04,5.529549671337008476e-04,5.197908030822873116e-04,4.117698117624968290e-04,2.827208663802593946e-04,1.759262086125090718e-04,9.573619172442704439e-05,5.135975152370519936e-05,2.751026113401167095e-05,1.433244324289262295e-05,7.018969427008414641e-06,1.199035608578924439e-07,-1.075562408914265689e-06,-1.192345621348067652e-06,-1.289332942633336643e-07,7.565457593727842323e-08
-8.090523806458804756e-06,2.113170467055169865e-06,1.978855725610628724e-04,7.223294232971966267e-04,1.265260623767971992e-03,1.609906321391463280e-03,1.630187267437577248e-03,1.382830087095499039e-03,1.023702789098024368e-03,6.313135963864624500e-04,2.989148197229951620e-04,1.071370497811585665e-04,5.757324743171921000e-06,-1.590150714037008584e-05,-9.360315743833780289e-06,-9.603781109035480767e-06,1.620839725546829868e-06,1.269473159482004121e-06,-1.307488787460897584e-06,4.461001481104176491e-06
-1.690930048425798304e-06,4.743320914712967351e-06,1.350562961306422949e-04,4.530254227574914694e-04,7.727614138275384903e-04,9.434345993213355541e-04,9.178372565656900406e-04,7.490747957490384579e-04,5.305020022206008434e-04,3.208675771020352840e-04,1.568276784382760525e-04,6.537806621054187417e-05,1.747630994941573590e-05,2.717802999541163445e-06,5.378410037337744143e-07,-1.690911403784411959e-06,-1.221586785504769068e-06,-1.135646243710652925e-06,1.052368006071446871e-07,4.992536446479789447e-07
5.595274615188827738e-06,9.866465916275046766e-06,7.798699516570195556e-05,2.258716413052752614e-04,3.559901088010519743e-04,3.708460717462003231e-04,2.942330902442336082e-04,1.807256485335528851e-04,7.405572250718250871e-05,2.320608655281830579e-05,6.491617568826768547e-06,7.970586921146605164e-06,9.868406777968630195e-06,9.938894436345435679e-06,4.396081749291624874e-06,9.339622920379042625e-06,-5.758139195677358657e-06,-3.815491140812810045e-07,1.835302668951044325e-06,-5.939697985013481230e-06
6.454831691371509805e-06,1.081567370420088992e-05,4.671737406169995666e-05,1.404540817020460963e-04,2.154755202354863286e-04,2.246548538096249104e-04,1.798732846509665251e-04,1.162231928901746869e-04,5.251413313089869916e-05,3.243467290303669870e-05,1.693868580332491547e-05,1.375786814605817199e-05,1.336373406957136467e-05,1.005232934403466061e-05,3.257365506215137430e-06,7.928099876153282821e-06,-6.503943495772546157e-06,-7.288899155355466064e-07,3.580433087790879654e-07,-6.738621323165716603e-06
-1.273771886189933866e-05,-4.436991730472072959e-06,2.011275792028754950e-04,7.173071498982608318e-04,1.259305630810558796e-03,1.614158740267157555e-03,1.653095008805394173e-03,1.427929033525288105e-03,1.082238624803721905e-03,6.929651135578751564e-04,3.497554280329495668e-04,1.452431315556168556e-04,2.997584851982537657e-05,-1.156571556748531293e-06,-6.260058285079139750e-07,-1.446286478312686086e-05,4.637985966837732121e-06,4.141500539844855666e-06,-8.266432814707513899e-06,9.738237167766783386e-06
5.597074959950987250e-06,9.634685739001724869e-06,9.698386566014960408e-05,2.801492228172719479e-04,4.433241556398570538e-04,4.651462368201464415e-04,3.698949876707047224e-04,2.267914096591994166e-04,9.195927123073488474e-05,2.095339186780620366e-05,9.518197998659161385e-07,4.300024556869175285e-06,7.967150850163307041e-06,1.018833881971659139e-05,4.835205345443682745e-06,1.031352985592093319e-05,-5.921044248680118471e-06,-1.704074634290009271e-06,2.508310672055813484e-06,-5.119192337588174269e-06
-3.077076598856365308e-06,3.176658310621860437e-06,1.261632278328761458e-04,4.617845115717500448e-04,8.189846412278711796e-04,1.054265885613858700e-03,1.092593651264905930e-03,9.553027339279651642e-04,7.395453867502510548e-04,4.918248741887509823e-04,2.620352024678140879e-04,1.176012374344281852e-04,3.361709968885406852e-05,3.247742142775678076e-06,-3.482974307189579122e-06,-3.421351721044629812e-06,-1.485482471252907999e-06,4.024060729079792509e-08,7.196721298896591179e-07,3.119675966445356607e-07
8.787782235231134109e-08,4.760479441756615415e-06,2.114375383825972676e-04,6.821563583798706532e-04,1.129385083913803101e-03,1.324491342529654503e-03,1.209808280691504478e-03,9.054024703800678253e-04,5.548984627239406109e-04,2.647281216923147440e-04,9.372735803481191397e-05,2.092520662699826062e-05,-7.386862762359669432e-06,-2.492508883733535185e-06,3.693778353408561088e-06,-4.189793685327458661e-07,-4.327319800268014660e-07,-2.622601869006757624e-06,-1.306020521951722912e-06,2.740896206887555309e-06
5.779862476629205048e-06,1.789086672943085432e-05,3.712297984748147428e-05,1.209385445690713823e-04,1.642746356083080173e-04,1.708917116047814488e-04,1.155162390205077827e-04,6.260730879148468375e-05,6.798183676437474787e-06,7.332599125220440328e-06,-3.952440238208509982e-06,-3.012587967532454059e-06,3.413330205148668028e-06,8.403786523558665067e-06,-6.736028808518312871e-06,1.320235332968877628e-05,-8.548607183911371976e-06,4.252342023391975090e-06,9.458531167183537036e-07,-4.510303824645234272e-06
1.634378895687405020e-05,2.255007711937651038e-05,7.568962610093876719e-05,2.486904559191316366e-04,3.961905022151768208e-04,3.981631307397037745e-04,2.982368168886750937e-04,1.569773594383150339e-04,3.060125891352072358e-05,-1.878494913398753852e-05,-2.251103614980820566e-05,-9.950940693670418113e-06,-2.728473873503389768e-06,1.021097318698593881e-06,-1.232286422236938961e-06,2.497884452168364078e-05,-1.231267015100456774e-05,-2.705606220843037590e-06,1.418164265487575904e-05,-1.873684959718957543e-05
7.425540388794615865e-06,1.285700091102626175e-05,4.973836257704533637e-05,1.513433089712634683e-04,2.308774710400030017e-04,2.379652141826227307e-04,1.834882132243365049e-04,1.104938564822077751e-04,4.017493120045401156e-05,1.897960100905038416e-05,6.331145868898602203e-06,6.667289198958314955e-06,8.744537808524910361e-06,8.190751941583584994e-06,1.427215124749636743e-06,1.007826722343452275e-05,-7.632078450114931911e-06,-2.088913362285893527e-07,1.312411541221081279e-06,-7.362124506471445784e-06
-2.282570449096965604e-06,3.609189434428117238e-06,1.546640414744615555e-04,5.062224227003753185e-04,8.485650178045034409e-04,1.014471752569079399e-03,9.555952274240553379e-04,7.490019779652357101e-04,4.966920823790132999e-04,2.737970498856157064e-04,1.203747378895059228e-04,4.349933078628964722e-05,8.271182196040172130e-06,1.932782879521255381e-06,3.132670826744288206e-06,-2.926965862570796162e-06,4.079208224538888317e-07,-9.802407703318749554e-07,-1.326794631495431531e-06,2.489759708623751067e-06
-1.410452227901259903e-06,5.614682777377311140e-06,2.033435448538511992e-04,6.801178096793591976e-04,1.140935695730149746e-03,1.364944269880652428e-03,1.280214171856641769e-03,9.922658791765570641e-04,6.428678752854466438e-04,3.341484116390347481e-04,1.304952165810391307e-04,3.359673064551316202e-05,-7.201144853752339259e-06,-7.422903763654176146e-06,-5.699915845980285667e-07,-2.632243877087603323e-06,1.307970336483776919e-07,-2.136182956746779382e-06,-1.008501840260578319e-06,1.979886064873426221e-06
-5.617269835056504235e-06,7.549789984295784961e-07,1.884566008811816573e-04,6.188524421304464340e-04,1.041276962496340275e-03,1.256263232789933681e-03,1.194178708828985691e-03,9.481448214501142502e-04,6.393268122337758541e-04,3.579247277230024338e-04,1.605803990969434381e-04,6.012827725498937070e-05,1.146007616625865921e-05,3.348122163515654393e-06,5.896880793443415314e-06,-6.544968073285417631e-06,2.700314553294447251e-06,5.326385803527955431e-07,-5.165026777831371874e-06,6.217824648047098890e-06
4.234480002196505666e-06,1.328393318544840440e-05,1.588702871231362224e-04,6.292691687121987343e-04,1.148070441558957100e-03,1.519406680017709732e-03,1.617545378394424915e-03,1.459643361158668995e-03,1.175577519461512566e-03,8.170386427082121372e-04,4.750121443066745996e-04,2.373989991610869765e-04,8.431728201685473323e-05,1.900014285638462752e-05,-3.056435389225953259e-06,8.402531420870218426e-06,-7.008821739873383194e-06,-3.395806743355933577e-06,5.584924565482651815e-06,-6.252646016946528107e-06
-4.030512172903399915e-06,3.585177864806610160e-06,1.635279331821948290e-04,5.584812606684863567e-04,9.565661312080919743e-04,1.178547507151961327e-03,1.153037417680025101e-03,9.452457306906580925e-04,6.706284475512802601e-04,4.001885245088487864e-04,1.892318978207185864e-04,7.273122901096940041e-05,1.258748943655518815e-05,-1.953619857886224054e-06,-6.272329073908622377e-07,-4.547087428363738582e-06,3.192468795987224439e-07,-2.245233332587304176e-07,-1.198304630634083878e-06,2.749396344370325096e-06
-7.295757313841022551e-06,3.784192813327535987e-06,2.093816874548792839e-04,8.095858502201735973e-04,1.451700110919773579e-03,1.898649614304304123e-03,1.984535250812768936e-03,1.741916756145656109e-03,1.347779296338558197e-03,8.762801880948245525e-04,4.463072691578418016e-04,1.809036621125414968e-04,2.941176717285998166e-05,-1.409060860169120133e-05,-1.428469568054424599e-05,-8.206530765164643526e-06,-5.177719799576152582e-07,1.240261212842597160e-06,1.040463757817633450e-06,2.232964561699191108e-06
-1.696031540632247925e-05,-2.037093508988618851e-05,1.682978327153250575e-04,5.341543583199381828e-04,9.844714077189564705e-04,1.367438002489507198e-03,1.584559562616050243e-03,1.653810264542698860e-03,1.560416305437684059e-03,1.358017325401306152e-03,1.114702434279024601e-03,8.232259424403309822e-04,5.198569851927459240e-04,3.064936317969113588e-04,1.625050645088776946e-04,3.193550219293683767e-05,2.621745079522952437e-05,1.019514093059115112e-05,-1.922128831211011857e-05,2.160434996767435223e-05
1.079884805221809074e-05,1.263206195289967582e-05,3.190661082044243813e-04,9.868288179859519005e-04,1.598785165697336197e-03,1.783840591087937355e-03,1.515787560492753983e-03,1.006318605504930019e-03,4.870652046520262957e-04,1.184519860544241965e-04,-2.674769712029956281e-05,-4.308649295126087964e-05,-4.057082696817815304e-05,-4.332642674853559583e-06,5.811722985527012497e-06,1.234422961715608835e-05,-8.069272553257178515e-06,-9.650491847423836589e-06,3.699325588968349621e-06,7.846055609661561903e-07
-3.688048309413716197e-06,9.888147360470611602e-06,2.373020397499203682e-04,9.470095392316579819e-04,1.712185447104275227e-03,2.255236729979515076e-03,2.373287919908761978e-03,2.097186399623751640e-03,1.637160894460976124e-03,1.073907595127820969e-03,5.578239215537905693e-04,2.316874015377834439e-04,4.116352647542953491e-05,-1.662131944613065571e-05,-2.006932481890544295e-05,-3.084575382672483101e-06,-3.837470558210043237e-06,-9.603303396943374537e-07,5.335086370905628428e-06,-2.164686293326667510e-06
2.331646783204632811e-06,5.716790383303305134e-06,1.257675321539863944e-04,3.781882987823337317e-04,6.103919004090130329e-04,6.840272108092904091e-04,5.936129018664360046e-04,4.152313049416989088e-04,2.290598349645733833e-04,9.811443305807188153e-05,3.480681698420085013e-05,1.359451925964094698e-05,8.212610737245995551e-06,8.716945558262523264e-06,6.892706096550682560e-06,3.758909315365599468e-06,-2.236250566056696698e-06,-2.530658093746751547e-06,1.327730728917231318e-06,-4.049981896514509572e-07
2.261231429656618275e-06,5.815189979330170900e-06,1.442289940314367414e-04,4.406019870657473803e-04,7.156536448746919632e-04,8.113036747090518475e-04,7.127709104679524899e-04,5.069354665465652943e-04,2.872451732400804758e-04,1.255853421753272414e-04,4.389704190543852746e-05,1.456406880606664345e-05,5.521309503819793463e-06,6.898945684952195734e-06,6.575523912033531815e-06,3.243007540731923655e-06,-2.180348701585899107e-06,-2.826333002303726971e-06,9.604929118722793646e-07,4.379194606940473022e-08
4.393550170789239928e-06,1.488338421040680259e-05,1.705989125184714794e-04,6.896308041177690029e-04,1.261033699847757816e-03,1.674094586633145809e-03,1.784340129233896732e-03,1.608229009434580803e-03,1.292218104936182499e-03,8.906131261028349400e-04,5.096897366456687450e-04,2.474007196724414825e-04,8.106221503112465143e-05,1.362205966870533302e-05,-6.713981292705284432e-06,8.815167348075192422e-06,-7.487250059057259932e-06,-3.870426553476136178e-06,7.215995083242887631e-06,-7.095537512213923037e-06
-5.648864316754043102e-06,1.370782683807192370e-05,3.130344848614186049e-04,1.299636322073638439e-03,2.359868492931127548e-03,3.128725802525877953e-03,3.301894059404730797e-03,2.916457597166299820e-03,2.268808661028742790e-03,1.464507775381207466e-03,7.364587509073317051e-04,2.801601076498627663e-04,2.034634962910786271e-05,-4.534151594270952046e-05,-3.812081922660581768e-05,-5.781051186204422265e-06,-3.702562253238284029e-06,-1.759567680892359931e-06,1.033977787301409990e-05,-3.694581437230226584e-06
9.536561265122145414e-06,1.258684460481163114e-05,1.920299255289137363e-04,5.853755283169448376e-04,9.429940255358815193e-04,1.036415691487491131e-03,8.639636216685175896e-04,5.592736415565013885e-04,2.571597287897020578e-04,5.361456351238302886e-05,-1.824908940761815757e-05,-2.160205076506827027e-05,-1.697441257419995964e-05,1.236543539562262595e-06,3.203451797162415460e-06,1.271871224162168801e-05,-8.099772458081133664e-06,-6.432610462070442736e-06,4.580329914460889995e-06,-3.205764869562699459e-06
2.455160392855759710e-05,3.296752765891142190e-05,7.853991701267659664e-05,2.808498102240264416e-04,4.526614793576300144e-04,4.482571966946125031e-04,3.302672412246465683e-04,1.615522487554699183e-04,1.282510129385627806e-05,-4.274709499441087246e-05,-3.991588528151623905e-05,-1.955892730620689690e-05,-9.571681403031107038e-06,-4.676383923651883379e-06,-4.583657300827326253e-06,3.734715210157446563e-05,-1.714965401333756745e-05,-5.823695573781151325e-06,2.515051164664328098e-05,-2.896425030485261232e-05
-3.520088057484827004e-06,1.305295882048085332e-06,1.143612025771290064e-04,3.773448697756975889e-04,6.460598087869584560e-04,7.951628067530691624e-04,7.869098917581140995e-04,6.585821975022554398e-04,4.837727174162864685e-04,3.107316733803600073e-04,1.641498092794790864e-04,7.770556840114295483e-05,2.917249366873875260e-05,1.035888271871954203e-05,4.374979653221089393e-06,-3.560942104741116054e-06,7.842159988058483577e-08,1.638788234004096012e-07,-2.043400172624387778e-06,2.202263431172468700e-06
-3.710135842993622646e-06,3.085918933720677160e-06,1.399464817950502038e-04,4.846713272854685783e-04,8.366900146938860416e-04,1.041386625729501247e-03,1.034897635690867901e-03,8.637143182568252087e-04,6.290622986853122711e-04,3.892219974659383297e-04,1.907337282318621874e-04,7.673606160096824169e-05,1.625677941774483770e-05,-8.582577493143617176e-07,-1.648439479140506592e-06,-4.281404471839778125e-06,-2.430252266094612423e-07,-1.127167053027733346e-07,-5.031673140365455765e-07,1.796388573893636931e-06
-6.835214776401699055e-07,2.096834123221924528e-06,7.714577805018052459e-05,2.460601972416043282e-04,4.262878210283815861e-04,5.284569342620670795e-04,5.388355348259210587e-04,4.729821812361478806e-04,3.727392468135803938e-04,2.706835803110152483e-04,1.691081415629014373e-04,9.891584340948611498e-05,5.236151991994120181e-05,2.388410030107479542e-05,8.540228918718639761e-06,6.926327387191122398e-07,-1.462211685065994971e-06,-5.342018880583054852e-07,-5.484341158989991527e-07,-2.657831146279932000e-07
7.611028195242397487e-06,1.216418968397192657e-05,1.587069855304434896e-04,6.176444003358483315e-04,1.161776832304894924e-03,1.599638955667614937e-03,1.791210495866835117e-03,1.752598094753921032e-03,1.542492653243243694e-03,1.225022133439779282e-03,8.795957546681165695e-04,5.603222525678575039e-04,3.013722307514399290e-04,1.517227938165888190e-04,6.189785199239850044e-05,2.783920172078069299e-05,-1.389736780765815638e-06,-1.787521227925026324e-06,-6.114838924986543134e-06,-1.577589500811882317e-06
-4.098877525393618271e-06,2.801001983243622817e-06,2.147254563169553876e-04,7.176190265454351902e-04,1.205853535793721676e-03,1.450489624403417110e-03,1.369057921692728996e-03,1.071500359103083611e-03,7.039061747491359711e-04,3.737338993232697248e-04,1.511945738457143307e-04,4.314944453653879464e-05,-4.164647634752327576e-06,-5.678125489794183522e-06,1.615064888937922660e-06,-5.675295142282266170e-06,2.076270220641163178e-06,-8.064318421929783653e-07,-3.580660404622904025e-06,4.830420948565006256e-06
5.428834356280276552e-06,9.463156857236754149e-06,1.100918088923208416e-04,4.168091691099107265e-04,7.935122121125459671e-04,1.118217362090945244e-03,1.313537009991705418e-03,1.365106203593313694e-03,1.294476212933659554e-03,1.116582890972495079e-03,9.054766269400715828e-04,6.540073663927614689e-04,3.986887750215828419e-04,2.231905818916857243e-04,1.056444671121425927e-04,5.091967250336892903e-05,5.926972789893625304e-06,-3.692421387313515879e-06,8.760260243434458971e-06,-7.107594228727975860e-06
1.151823471445823088e-05,1.716840779408812523e-05,5.835401316289789975e-05,1.854133151937276125e-04,2.891501644626259804e-04,2.916408702731132507e-04,2.169853978557512164e-04,1.167736190836876631e-04,2.579943429736886173e-05,-4.677396191254956648e-06,-1.094867366191465408e-05,-3.544580522429896519e-06,1.301332190450921189e-06,3.703140464494936168e-06,-1.378342684432709575e-08,1.613375752640422434e-05,-9.569927897246088833e-06,-8.592845688326633535e-07,6.332040811685146764e-06,-1.198326208395883441e-05
7.844077117624692619e-06,1.323233573202742264e-05,1.101065718103200197e-04,4.284411261323839426e-04,7.936562178656458855e-04,1.061505638062953949e-03,1.154742669314146042e-03,1.081326627172529697e-03,9.133617277257144451e-04,6.879359716549515724e-04,4.552066384349018335e-04,2.675213618203997612e-04,1.306290359934791923e-04,5.394061736296862364e-05,1.579783747729379684e-05,1.546841122035402805e-05,-6.671470146102365106e-06,-4.069616352353477851e-06,3.820372512564063072e-06,-6.881154149596113712e-06
4.953954885422717780e-06,9.901105840981472284e-06,9.678874630481004715e-05,3.599448828026652336e-04,6.513894768431782722e-04,8.478079689666628838e-04,8.984477608464658260e-04,8.134983363561332226e-04,6.621132488362491131e-04,4.796436405740678310e-04,2.978639095090329647e-04,1.648933830438181758e-04,7.487260882044211030e-05,2.644279993546660990e-05,3.827894488495076075e-06,8.425405212619807571e-06,-6.057968221284681931e-06,-3.193111297150608152e-06,5.005508683098014444e-06,-5.928033260715892538e-06
1.669183984631672502e-05,2.845539529516827315e-05,1.745382032822817564e-04,7.584399427287280560e-04,1.429892145097255707e-03,1.951690064743161201e-03,2.143900841474533081e-03,2.009661402553319931e-03,1.693514757789671421e-03,1.243363367393612862e-03,7.921612123027443886e-04,4.368651134427636862e-04,1.865217054728418589e-04,6.401956488844007254e-05,1.142780911322915927e-05,2.994176611537113786e-05,-1.333448653895175084e-05,-9.010139365273062140e-06,1.066953154804650694e-05,-1.584722303960006684e-05
-6.892317401252512354e-07,4.065934717800701037e-06,1.035441164276562631e-04,3.613489097915589809e-04,6.364707369357347488e-04,8.080960251390933990e-04,8.328080293722450733e-04,7.289208006113767624e-04,5.682390183210372925e-04,3.903955803252756596e-04,2.215917484136298299e-04,1.118298459914512932e-04,4.446186721906997263e-05,1.351465107291005552e-05,1.591553655089228414e-06,6.021697629421396414e-08,-2.578164639999158680e-06,-9.291214269069314469e-07,8.135593816405162215e-07,-1.284249606214871164e-06
1.561911631142720580e-05,2.324158231203909963e-05,5.868888911209069192e-05,2.010500320466235280e-04,3.145399386994540691e-04,3.130274999421089888e-04,2.268174575874581933e-04,1.134168560383841395e-04,1.133174009737558663e-05,-1.912329207698348910e-05,-2.074919029837474227e-05,-9.253278221876826137e-06,-2.531678774175816216e-06,9.317323588220460806e-07,-2.434628640912706032e-06,2.391252201050519943e-05,-1.181650441139936447e-05,-1.055522147908050101e-06,1.210345999425044283e-05,-1.745983718137722462e-05
-1.326247570432315115e-06,5.869786491530248895e-06,2.391760790487751365e-04,8.061277912929654121e-04,1.352973631583154202e-03,1.620573108084499836e-03,1.518378616310656071e-03,1.171981799416244030e-03,7.527244160883128643e-04,3.812026116065680981e-04,1.401354238623753190e-04,2.781983130262233317e-05,-1.817064367060083896e-05,-1.383735161653021351e-05,-2.772959760477533564e-06,-2.976865516757243313e-06,2.491858595021767542e-07,-2.623545924507197924e-06,-1.002962108032079414e-06,2.586497203083126806e-06
1.221293814523960464e-06,5.049917945143533871e-06,1.360783790005370975e-04,4.203818389214575291e-04,6.868938216939568520e-04,7.866180967539548874e-04,7.019296172074973583e-04,5.114133819006383419e-04,3.025361802428960800e-04,1.434870937373489141e-04,5.551016874960623682e-05,1.996432365558575839e-05,7.254674983414588496e-06,6.599890184588730335e-06,5.913763743592426181e-06,1.695010041657951660e-06,-1.515390636086522136e-06,-2.362865416216664016e-06,7.078166959217924159e-07,4.160647222306579351e-07
-3.244503886890015565e-06,5.485479732669773512e-07,1.014687150018289685e-04,3.243877727072685957e-04,5.556023679673671722e-04,6.833096849732100964e-04,6.818875554017722607e-04,5.804314278066158295e-04,4.376430588308721781e-04,2.956416865345090628e-04,1.678637199802324176e-04,8.868865552358329296e-05,4.064441964146681130e-05,1.755120865709614009e-05,7.335210284509230405e-06,-2.835684654201031663e-06,-1.117095251856881077e-07,2.857702270375739317e-07,-3.200194214514340274e-06,2.042169853666564450e-06
7.097418347257189453e-06,1.011220683722058311e-05,1.450472191208973527e-04,4.356584686320275068e-04,6.987734232097864151e-04,7.645118166692554951e-04,6.361919804476201534e-04,4.138771619182080030e-04,1.940015208674594760e-04,5.016828799853101373e-05,-2.069614311039913446e-06,-7.057320544845424592e-06,-4.202961463306564838e-06,5.280493496684357524e-06,4.166739472566405311e-06,9.948834303941112012e-06,-6.081866558815818280e-06,-4.287031060812296346e-06,3.299626314401393756e-06,-2.887543359975097701e-06
-1.058620000549126416e-06,7.126980108296265826e-07,7.029114931356161833e-05,2.012535114772617817e-04,3.319388488307595253e-04,3.830396162811666727e-04,3.612865984905511141e-04,2.935252268798649311e-04,2.103101433021947742e-04,1.473329029977321625e-04,9.249403228750452399e-05,5.877996954950504005e-05,3.680498411995358765e-05,2.103751830873079598e-05,9.480217158852610737e-06,6.416489668481517583e-07,-3.174257301452598767e-07,-3.124843601653992664e-07,-1.911514800667646341e-06,-1.865613654672415578e-07
7.212442596937762573e-06,7.953070053190458566e-06,4.535218613455072045e-05,1.490495924372226000e-04,2.719726471696048975e-04,3.670401347335427999e-04,4.285730246920138597e-04,4.518422647379338741e-04,4.464831436052918434e-04,4.129540466237813234e-04,3.577086899895220995e-04,2.762918593361973763e-04,1.808576198527589440e-04,1.043344600475393236e-04,4.996617644792422652e-05,2.841180685209110379e-05,1.623393018235219643e-06,-6.474346719187451527e-06,4.807252025784691796e-06,-6.629955350945238024e-06
-5.893079105590004474e-06,2.696282308534136973e-06,2.739890769589692354e-04,9.365716832689940929e-04,1.583130098879337311e-03,1.922204857692122459e-03,1.830067951232194901e-03,1.443856279365718365e-03,9.574267896823585033e-04,5.076663801446557045e-04,1.995101920329034328e-04,4.858672400587238371e-05,-1.770945345924701542e-05,-1.644125404709484428e-05,-2.542094307500519790e-06,-8.438843906333204359e-06,3.309765588710433803e-06,-7.231267886709247250e-07,-4.864708444074494764e-06,6.611648586840601638e-06
-3.951180133299203590e-06,3.702215963130583987e-06,2.489226462785154581e-04,8.293722639791667461e-04,1.391715952195227146e-03,1.669986057095229626e-03,1.569456770084798336e-03,1.222070655785501003e-03,7.957336492836475372e-04,4.156671056989580393e-04,1.652900100452825427e-04,4.588562660501338542e-05,-6.393354851752519608e-06,-6.759235930076101795e-06,2.134150690835667774e-06,-5.472908469528192654e-06,2.126166236848803237e-06,-1.288535145249625202e-06,-4.804968284588539973e-06,5.334153229341609403e-06
6.515616632896126248e-07,5.148859145265305415e-06,1.347612851532176137e-04,4.180670366622507572e-04,6.864886963739991188e-04,7.918952615000307560e-04,7.149276789277791977e-04,5.316052120178937912e-04,3.258246870245784521e-04,1.651023485464975238e-04,7.040122727630659938e-05,2.889073402911890298e-05,1.189704198623076081e-05,8.079338840616401285e-06,6.250136721064336598e-06,1.049096226779511198e-06,-1.223174194819875993e-06,-2.234871317341458052e-06,1.485259559785845340e-07,5.059549721408984624e-07
-3.729009904418489896e-06,3.166519945807522163e-06,1.700125430943444371e-04,5.744272493757307529e-04,9.740482782945036888e-04,1.185234403237700462e-03,1.138897263444960117e-03,9.122677729465067387e-04,6.238053319975733757e-04,3.534372954163700342e-04,1.560746459290385246e-04,5.304334263200871646e-05,4.097470082342624664e-06,-3.761864263651659712e-06,-7.415503944230295019e-08,-4.830342277273302898e-06,9.881387086352333426e-07,-4.921420213577221148e-07,-1.362460579912294634e-06,3.277378255006624386e-06
9.346304068458266556e-06,1.751227864588145167e-05,5.125103416503407061e-05,1.638178946450352669e-04,2.468552847858518362e-04,2.504359872546046972e-04,1.818351884139701724e-04,9.732489706948399544e-05,1.811740366974845529e-05,-1.598090648258221336e-06,-9.153969585895538330e-06,-3.827135515166446567e-06,1.761739554240193684e-06,5.129289547767257318e-06,-2.458707285768468864e-06,1.512152448412962258e-05,-9.071513886738102883e-06,9.015971613735018764e-07,4.356040335551369935e-06,-9.299950761487707496e-06
-4.592206096276640892e-06,3.662544031612924300e-06,1.769096124917268753e-04,6.109490641392767429e-04,1.047445693984627724e-03,1.293264795094728470e-03,1.265323371626436710e-03,1.035143039189279079e-03,7.307061459869146347e-04,4.298137791920453310e-04,1.971860619960352778e-04,7.025710510788485408e-05,6.345488145598210394e-06,-6.443612164730438963e-06,-2.476963118169805966e-06,-5.462674835143843666e-06,7.843070761737180874e-07,-1.842378622995965998e-07,-9.396627547175739892e-07,3.185888772350153886e-06
1.261774377780966461e-05,1.673528277024161071e-05,6.653628224739804864e-05,2.593253448139876127e-04,4.982203827239573002e-04,6.953233969397842884e-04,8.209570660255849361e-04,8.560221758671104908e-04,8.255175198428332806e-04,7.243769941851496696e-04,5.992791266180574894e-04,4.396649601403623819e-04,2.702429774217307568e-04,1.486997352913022041e-04,6.472018139902502298e-05,4.634091965272091329e-05,-2.477037014614325017e-06,-8.506313861289527267e-06,1.289404735871357843e-05,-1.482218613091390580e-05
-1.449203682568622753e-05,-1.265170158148976043e-05,1.699461718089878559e-04,5.945462617091834545e-04,1.107426243834197521e-03,1.572327688336372375e-03,1.882868702523410320e-03,2.008322160691022873e-03,1.958428183570504189e-03,1.733581419102847576e-03,1.465254928916692734e-03,1.100273570045828819e-03,7.013246067799627781e-04,4.144007398281246424e-04,2.185969060519710183e-04,7.005739462329074740e-05,3.398678381927311420e-05,6.142291567812208086e-06,-4.146092578594107181e-06,1.031251485983375460e-05
-7.444022230629343539e-06,-3.452448936513974331e-06,1.901110517792403698e-04,6.801680428907275200e-04,1.226840307936072350e-03,1.620247378014028072e-03,1.726887421682476997e-03,1.583982491865754128e-03,1.297025009989738464e-03,9.359589312225580215e-04,5.856120260432362556e-04,3.319908282719552517e-04,1.536309864604845643e-04,6.697678327327594161e-05,2.956484422611538321e-05,-2.605414920253679156e-06,3.398247827135492116e-06,4.428922238730592653e-06,-1.236385469383094460e-05,9.471065823163371533e-06
1.465842069592326880e-05,2.118011798302177340e-05,1.307020866079255939e-04,5.465647554956376553e-04,1.040696864947676659e-03,1.446266425773501396e-03,1.634039334021508694e-03,1.606960897333920002e-03,1.425079768523573875e-03,1.139246742241084576e-03,8.238799637183547020e-04,5.232595140114426613e-04,2.791101578623056412e-04,1.375856518279761076e-04,4.935174729325808585e-05,3.642556475824676454e-05,-7.001817721175029874e-06,-5.421502009994583204e-06,5.239674464974086732e-06,-1.099477594834752381e-05
3.177873168169753626e-06,6.355927780532510951e-06,1.461260981159284711e-04,4.461039789021015167e-04,7.222507265396416187e-04,8.134718518704175949e-04,7.069092243909835815e-04,4.928007256239652634e-04,2.684647042769938707e-04,1.067867779056541622e-04,3.030456537089776248e-05,6.262772785703418776e-06,8.092185908026294783e-07,5.174875695956870914e-06,5.823338597110705450e-06,4.442404133442323655e-06,-2.970356035802979022e-06,-3.117732603641343303e-06,1.702057033980963752e-06,-3.942581940918898908e-07
-4.680704023485304788e-06,1.540512926112569403e-06,1.423832436557859182e-04,5.173779791221022606e-04,9.180569904856383801e-04,1.184968044981360435e-03,1.230543595738708973e-03,1.080690184608101845e-03,8.404209511354565620e-04,5.622170283459126949e-04,3.042788011953234673e-04,1.409379765391349792e-04,4.369478119770064950e-05,7.798883416398894042e-06,-8.747238098294474185e-07,-4.922457719658268616e-06,-5.382646577345440164e-07,9.502153943685698323e-07,-1.415800284121360164e-06,2.225578100478742272e-06
2.531290874685510062e-06,3.996689429186517373e-06,4.300986984162591398e-05,1.216837044921703637e-04,1.980387169169262052e-04,2.283129142597317696e-04,2.217598521383479238e-04,1.926271361298859119e-04,1.505726831965148449e-04,1.288825587835162878e-04,9.345909347757697105e-05,6.654719618381932378e-05,4.444830119609832764e-05,2.681059413589537144e-05,9.787079761736094952e-06,3.455946398389642127e-06,-2.094689534715143964e-06,-8.094716577033977956e-07,-2.029258894253871404e-06,-3.606497557484544814e-06
-5.809889262309297919e-05,-6.831825157860293984e-05,2.001427201321348548e-04,5.104357842355966568e-04,8.664472261443734169e-04,1.208273810334503651e-03,1.493239658884704113e-03,1.718409592285752296e-03,1.779903657734394073e-03,1.723322551697492599e-03,1.604267628863453865e-03,1.324084820225834846e-03,9.216023026965558529e-04,6.030470831319689751e-04,3.786877205129712820e-04,4.953075040248222649e-05,8.852483733789995313e-05,2.513924118829891086e-05,-5.327155668055638671e-05,6.323440175037831068e-05
9.658238013798836619e-06,1.426918424840550870e-05,7.107142300810664892e-05,2.159326686523854733e-04,3.400472924113273621e-04,3.463832836132496595e-04,2.645944186951965094e-04,1.489696442149579525e-04,4.384454587125219405e-05,9.636033837523427792e-07,-8.136303222272545099e-06,-1.433182205801131204e-06,3.286530954937916249e-06,5.989051715005189180e-06,1.857056190601724666e-06,1.424837773811304942e-05,-8.034809980017598718e-06,-5.037517212258535437e-07,5.078208687336882576e-06,-1.017507565848063678e-05
7.146061307139461860e-06,9.790891454031225294e-06,2.460395335219800472e-04,7.674344815313816071e-04,1.246357569471001625e-03,1.401759684085845947e-03,1.204917207360267639e-03,8.166992920450866222e-04,4.146287101320922375e-04,1.220093763549812138e-04,-2.651445356605108827e-06,-2.703325480979401618e-05,-2.881321597669739276e-05,-4.634622655430575833e-06,3.575986738724168390e-06,9.653925189923029393e-06,-6.140686309663578868e-06,-6.382767423929180950e-06,2.945847882074303925e-06,2.513338870357983978e-07
-1.362365674140164629e-05,-5.472966222441755235e-07,3.287488652858883142e-04,1.182648353278636932e-03,2.044998807832598686e-03,2.566144801676273346e-03,2.541129011660814285e-03,2.098517725244164467e-03,1.489262096583843231e-03,8.603865862824022770e-04,3.729279269464313984e-04,1.098447028198279440e-04,-2.024631612584926188e-05,-3.223079329472966492e-05,-1.161779437097720802e-05,-1.703610723780002445e-05,6.417191798391286284e-06,2.500827804396976717e-06,-6.651493549725273624e-06,1.105308183468878269e-05
