1.440646065020700917e-05,-1.801648977561853826e-05,1.647808530833572149e-04,5.468159797601401806e-04,9.186389506794512272e-04,1.143951667472720146e-03,1.092193764634430408e-03,8.634566911496222019e-04,5.652495892718434334e-04,3.006366023328155279e-04,9.117325680563226342e-05,-1.851880733738653362e-05,-4.169311432633548975e-05,-4.856702071265317500e-05,-1.298444931308040395e-05,-3.703091715578921139e-05,3.973110324295703322e-06,3.453474710113368928e-05,1.133212572312913835e-05,4.636666562873870134e-05
6.783869594073621556e-06,6.011221103108255193e-06,1.782143954187631607e-04,6.788512109778821468e-04,1.235950156114995480e-03,1.606393721885979176e-03,1.630820799618959427e-03,1.419827924109995365e-03,1.085272058844566345e-03,7.242294959723949432e-04,4.381951293908059597e-04,2.150299696950241923e-04,9.156870510196313262e-05,2.144450991181656718e-05,1.226564108947059140e-05,-1.875009365903679281e-05,1.326651454292004928e-05,2.850112105079460889e-05,9.571679584041703492e-06,4.388984598335810006e-05
2.803244387905579060e-05,-3.625989847932942212e-05,2.508692850824445486e-04,8.002918330021202564e-04,1.303536817431449890e-03,1.589936669915914536e-03,1.485734479501843452e-03,1.110628363676369190e-03,6.589929689653217793e-04,2.814315084833651781e-04,-2.236291220469865948e-05,-1.433618308510631323e-04,-1.335020206170156598e-04,-1.158139493782073259e-04,-3.464023757260292768e-05,-6.168806430650874972e-05,1.333676209469558671e-06,5.384908217820338905e-05,1.625975528440903872e-05,7.719816494500264525e-05
3.303776338725583628e-06,-1.522488400951260701e-05,5.852840331499464810e-05,1.725433539832010865e-04,2.631765091791749001e-04,3.147046663798391819e-04,2.689772518351674080e-04,1.883477380033582449e-04,8.416006312472745776e-05,9.318751835962757468e-06,-3.242332604713737965e-05,-5.474144199979491532e-05,-3.832779475487768650e-05,-2.703522659430745989e-05,-6.514128472190350294e-06,-1.911779690999537706e-05,4.494033419177867472e-06,1.049920319928787649e-05,7.051541615510359406e-06,1.760525810823310167e-05
-6.869714979984564707e-06,2.755102832452394068e-05,-1.399699613102711737e-06,1.123069378081709146e-04,3.085408534388989210e-04,4.673730290960520506e-04,5.777144106104969978e-04,6.330807227641344070e-04,6.270233425311744213e-04,5.286051891744136810e-04,4.786585632245987654e-04,3.373062063474208117e-04,2.175498811993747950e-04,1.150862590293399990e-04,4.249769335729070008e-05,2.317656981176696718e-05,1.459179020457668230e-05,-1.030705698212841526e-05,3.948129688069457188e-06,-8.534415769645420369e-07
1.744825931382365525e-05,-1.942622657225001603e-05,1.955247571459040046e-04,6.539701134897768497e-04,1.102228998206555843e-03,1.373290200717747211e-03,1.317571615800261497e-03,1.043076394125819206e-03,6.875921972095966339e-04,3.690386074595153332e-04,1.129068550653755665e-04,-1.943095048773102462e-05,-5.012433757656253874e-05,-5.900784526602365077e-05,-1.600343057361897081e-05,-4.176456786808557808e-05,4.163264293310930952e-06,4.028654802823439240e-05,1.215849624713882804e-05,5.530867201741784811e-05
-8.115531272778753191e-06,1.812503069231752306e-05,3.798463512794114649e-05,2.101279969792813063e-04,4.491568543016910553e-04,6.336690858006477356e-04,6.950384122319519520e-04,6.977400043979287148e-04,6.218599737621843815e-04,4.927554400637745857e-04,4.025592352263629436e-04,2.627553185448050499e-04,1.548536383779719472e-04,8.269212412415072322e-05,2.941434831882361323e-05,8.203425750252790749e-06,1.307680668105604127e-05,5.221114065534493420e-07,4.383650320960441604e-06,1.933861767611233518e-06
2.824037892423802987e-06,-1.012715620163362473e-05,5.966406752122566104e-05,1.919871720019727945e-04,3.188296686857938766e-04,3.997723688371479511e-04,3.703825059346854687e-04,2.991705550812184811e-04,1.947277341969311237e-04,1.064076059265062213e-04,4.811820326722227037e-05,4.868903033639071509e-06,-1.941783921211026609e-06,-6.674491942249005660e-06,-1.147085072261688765e-06,-1.791966133168898523e-05,4.481639734876807779e-06,1.325222092418698594e-05,7.567325610580155626e-06,1.547226383991073817e-05
1.274978058063425124e-05,-2.045290057139936835e-05,1.337689755018800497e-04,4.265223105903714895e-04,6.984350038692355156e-04,8.588099153712391853e-04,7.999328663572669029e-04,6.115908618085086346e-04,3.729988820850849152e-04,1.732275268295779824e-04,2.038848651864100248e-05,-5.220651655690744519e-05,-5.257598604657687247e-05,-4.883148722001351416e-05,-1.390130455547478050e-05,-3.523475970723666251e-05,3.008691919603734277e-06,2.942500759672839195e-05,1.115560462494613603e-05,3.917704816558398306e-05
1.597159098309930414e-05,-8.841299859341233969e-06,2.223291812697425485e-04,7.876274758018553257e-04,1.373579027131199837e-03,1.742643304169178009e-03,1.720209955237805843e-03,1.422655535861849785e-03,1.011799206025898457e-03,6.124679348431527615e-04,2.874297788366675377e-04,8.791957952780649066e-05,4.870840257353847846e-06,-3.395154271856881678e-05,-6.658181519014760852e-06,-3.604262747103348374e-05,8.126869943225756288e-06,4.154292037128470838e-05,1.152600452769547701e-05,5.962928480585105717e-05
1.902417898236308247e-05,-1.382071877742419019e-05,2.383872779319062829e-04,8.292900165542960167e-04,1.429639873094856739e-03,1.801674952730536461e-03,1.763953827321529388e-03,1.436324440874159336e-03,9.974581189453601837e-04,5.820697406306862831e-04,2.427485742373391986e-04,4.840660767513327301e-05,-2.206188037234824151e-05,-5.171586963115260005e-05,-1.257917756447568536e-05,-4.202442141831852496e-05,6.878445219626883045e-06,4.585985152516514063e-05,1.242318194272229448e-05,6.556234438903629780e-05
1.264829188585281372e-05,-2.706704981392249465e-05,1.313381653744727373e-04,3.996071754954755306e-04,6.259975489228963852e-04,7.505741668865084648e-04,6.725441780872642994e-04,4.763409669976681471e-04,2.388450811849907041e-04,5.510246046469546854e-05,-7.253589865285903215e-05,-1.220076446770690382e-04,-9.451052028452977538e-05,-7.223666762001812458e-05,-1.889708983071614057e-05,-3.560253026080317795e-05,4.279241238691611215e-06,2.392714668530970812e-05,1.053484538715565577e-05,4.188123057247139513e-05
4.130858542339410633e-06,-1.549605076434090734e-05,6.475180271081626415e-05,1.940035435836762190e-04,3.010182117577642202e-04,3.628134436439722776e-04,3.165553207509219646e-04,2.277991297887638211e-04,1.129838201450183988e-04,2.780993236228823662e-05,-2.385837433394044638e-05,-5.105313903186470270e-05,-3.721978282555937767e-05,-2.740537092904560268e-05,-6.866201601951615885e-06,-2.066920023935381323e-05,4.264740255166543648e-06,1.255063034477643669e-05,7.525514320150250569e-06,1.914783388201612979e-05
3.307503220639773645e-06,-1.526447340438608080e-05,5.897897426621057093e-05,1.741926535032689571e-04,2.659635501913726330e-04,3.181758220307528973e-04,2.722605713643133640e-04,1.910369319375604391e-04,8.606712799519300461e-05,1.059096666722325608e-05,-3.183172520948573947e-05,-5.451645483844913542e-05,-3.832429865724407136e-05,-2.696570663829334080e-05,-6.550294529006350785e-06,-1.923306990647688508e-05,4.522962626651860774e-06,1.062336468748981133e-05,7.052733508317032829e-06,1.764439912221860141e-05
2.041744482994545251e-05,-2.571834193076938391e-05,2.055562945315614343e-04,6.699417135678231716e-04,1.110710087232291698e-03,1.370725105516612530e-03,1.296980772167444229e-03,1.001371303573250771e-03,6.302975816652178764e-04,3.094625426456332207e-04,5.327684266376309097e-05,-6.614040466956794262e-05,-7.828975503798574209e-05,-7.649124017916619778e-05,-2.182780735893175006e-05,-4.820804315386340022e-05,3.018031975443591364e-06,4.370942770037800074e-05,1.369931760564213619e-05,6.038112769601866603e-05
5.319907359080389142e-06,-1.238455024576978758e-05,8.086183515843003988e-05,2.609439252410084009e-04,4.334021650720387697e-04,5.408200086094439030e-04,5.047534359619021416e-04,4.014959267806261778e-04,2.584284229669719934e-04,1.363294722978025675e-04,4.974214607500471175e-05,-4.551043730316450819e-06,-1.250272634933935478e-05,-1.653013168834149837e-05,-3.836734776996308938e-06,-2.242404298158362508e-05,4.242307568347314373e-06,1.781728315108921379e-05,8.571308171667624265e-06,2.179015064029954374e-05
4.577300842356635258e-06,-1.666933167143724859e-05,6.836830289103090763e-05,2.037048252532258630e-04,3.139222972095012665e-04,3.764331922866404057e-04,3.269010339863598347e-04,2.312304568476974964e-04,1.092913953470997512e-04,1.951424565049819648e-05,-3.441039007157087326e-05,-6.110737012932077050e-05,-4.415221337694674730e-05,-3.210036447853781283e-05,-7.952678060973994434e-06,-2.143592791981063783e-05,4.419632659846683964e-06,1.259239706996595487e-05,7.607919087604386732e-06,2.073777432087808847e-05
-1.688248994469176978e-05,4.864710354013368487e-05,6.957711593713611364e-05,4.281799774616956711e-04,9.392192005179822445e-04,1.330004073679447174e-03,1.485992572270333767e-03,1.489561866037547588e-03,1.340140472166240215e-03,1.063987845554947853e-03,8.529627812094986439e-04,5.588881904259324074e-04,3.183389198966324329e-04,1.664962910581380129e-04,6.034866964910179377e-05,2.989071072079241276e-05,2.458393100823741406e-05,-4.539760539046255872e-06,1.543783014312793966e-06,2.049916929536266252e-06
4.041866759507684037e-06,-4.068380121680092998e-07,1.164241912192665040e-04,4.317797138355672359e-04,7.789123919792473316e-04,1.011133310385048389e-03,1.014668494462966919e-03,8.820791263133287430e-04,6.671604933217167854e-04,4.417915770318359137e-04,2.705670194700360298e-04,1.311516971327364445e-04,5.848611181136220694e-05,1.539073309686500579e-05,8.590404831920750439e-06,-1.691552824922837317e-05,9.458191925659775734e-06,2.019149542320519686e-05,8.787838851276319474e-06,2.817574022628832608e-05
8.572874321544077247e-06,-1.945083386090118438e-05,9.792546188691630960e-05,3.008760977536439896e-04,4.781617317348718643e-04,5.801506340503692627e-04,5.235121934674680233e-04,3.849448694381862879e-04,2.107768377754837275e-04,7.380935130640864372e-05,-2.166699414374306798e-05,-6.564396608155220747e-05,-5.265531217446550727e-05,-4.230541162542067468e-05,-1.143244389822939411e-05,-2.839932676579337567e-05,3.693799271786701865e-06,2.020645297307055444e-05,9.437649168830830604e-06,2.954872434202115983e-05
1.357887504127575085e-05,-1.902584335766732693e-05,1.515171607024967670e-04,4.956222837790846825e-04,8.258778252638876438e-04,1.024605822749435902e-03,9.700239170342683792e-04,7.594933267682790756e-04,4.868642718065530062e-04,2.496303350199013948e-04,6.460222357418388128e-05,-3.015587390109430999e-05,-4.449463085620664060e-05,-4.756164707941934466e-05,-1.291664102609502152e-05,-3.634493259596638381e-05,3.672562797873979434e-06,3.241446393076330423e-05,1.136776063503930345e-05,4.312943565309979022e-05
1.023802633426385000e-05,-1.950714067788794637e-05,1.098456268664449453e-04,3.429983044043183327e-04,5.535849486477673054e-04,6.765151047147810459e-04,6.200422067195177078e-04,4.659030528273433447e-04,2.714272995945066214e-04,1.138416700996458530e-04,-2.071749122478649952e-06,-5.625604535453021526e-05,-4.915277531836181879e-05,-4.242283102939836681e-05,-1.213047198689309880e-05,-3.126963929389603436e-05,3.118459972029086202e-06,2.431425673421472311e-05,1.030087150866165757e-05,3.256322088418528438e-05
1.810366256904671900e-06,-1.406899264111416414e-05,4.819940659217536449e-05,1.385710056638345122e-04,2.054076903732493520e-04,2.419550874037668109e-04,1.984706614166498184e-04,1.316222769673913717e-04,4.581808025250211358e-05,-1.323948163189925253e-05,-4.058950435137376189e-05,-5.660245733452029526e-05,-3.731501055881381035e-05,-2.504781150491908193e-05,-5.520270406123017892e-06,-1.628658355912193656e-05,4.556834028335288167e-06,7.460655069735366851e-06,5.616502221528207883e-06,1.458573842683108523e-05
3.857965111819794402e-06,-1.098257143894443288e-05,6.874489190522581339e-05,2.215124113718047738e-04,3.678020730149000883e-04,4.600208776537328959e-04,4.276965046301484108e-04,3.424411988817155361e-04,2.212941180914640427e-04,1.184772481792606413e-04,4.771771273226477206e-05,1.021680446910977480e-07,-7.208682745840633288e-06,-1.135194361268077046e-05,-2.375556732658878900e-06,-1.972860809473786503e-05,4.270503268344327807e-06,1.523206083220429718e-05,7.904896847321651876e-06,1.807098669814877212e-05
6.009508979332167655e-06,-1.570288259244989604e-05,7.760050357319414616e-05,2.386393607594072819e-04,3.807604662142693996e-04,4.646074958145618439e-04,4.183296987321227789e-04,3.129382093902677298e-04,1.763934124028310180e-04,6.917763676028698683e-05,-3.875552465615328401e-06,-4.167929000686854124e-05,-3.374298466951586306e-05,-2.783058334898669273e-05,-7.612995432282332331e-06,-2.384315666859038174e-05,3.603857294365298003e-06,1.695587343419902027e-05,8.547308425477240235e-06,2.250806937809102237e-05
3.450059921306092292e-06,-1.235144827660406008e-05,5.953451545792631805e-05,1.839688920881599188e-04,2.970419009216129780e-04,3.669749421533197165e-04,3.305738500785082579e-04,2.565674367360770702e-04,1.534093025838956237e-04,7.144020491978153586e-05,1.944204268511384726e-05,-1.524351955595193431e-05,-1.319933744525769725e-05,-1.285493817704264075e-05,-3.292491328465985134e-06,-1.980197885131929070e-05,4.060998435306828469e-06,1.376900945615489036e-05,8.007103133422788233e-06,1.627735400688834488e-05
4.150811946601606905e-06,1.167487084785534535e-06,1.228981855092570186e-04,4.600347310770303011e-04,8.319674525409936905e-04,1.080270973034203053e-03,1.087784767150878906e-03,9.461279259994626045e-04,7.180265965871512890e-04,4.773504042532294989e-04,2.903968270402401686e-04,1.416183949913829565e-04,6.161212513688951731e-05,1.601261101313866675e-05,8.720603545953053981e-06,-1.621050250832922757e-05,9.457987289351876825e-06,2.106868305418174714e-05,8.266159056802280247e-06,2.920657243521418422e-05
9.508275979897007346e-06,-1.883689037640579045e-05,1.042393196257762611e-04,3.248376888222992420e-04,5.240479949861764908e-04,6.407733308151364326e-04,5.862144753336906433e-04,4.411318514030426741e-04,2.570222713984549046e-04,1.081458249245770276e-04,-1.451182214395885239e-07,-5.196321944822557271e-05,-4.514602187555283308e-05,-3.909620500053279102e-05,-1.114199312723940238e-05,-3.017576818820089102e-05,3.244324943807441741e-06,2.320735438843257725e-05,1.013700148178031668e-05,3.078388181165792048e-05
-4.885670477960957214e-06,8.449137567367870361e-06,4.255400926922447979e-05,1.946123520610854030e-04,3.913031832780689001e-04,5.405943375080823898e-04,5.722288624383509159e-04,5.574413225986063480e-04,4.770825908053666353e-04,3.642740484792739153e-04,2.924409927800297737e-04,1.840878539951518178e-04,1.097898275475017726e-04,5.642271935357712209e-05,2.119670170941390097e-05,-6.562860335179721005e-07,1.123777565226191655e-05,4.438100404513534158e-06,6.929691153345629573e-06,6.032486908225109801e-06
-1.184022403322160244e-05,4.822300252271816134e-05,1.312119566136971116e-04,6.507328944280743599e-04,1.324062584899365902e-03,1.812754548154771328e-03,1.964090857654809952e-03,1.872592838481068611e-03,1.605898258276283741e-03,1.217705314047634602e-03,9.020781726576387882e-04,5.617906572297215462e-04,2.988909836858510971e-04,1.451403659302741289e-04,5.375922046368941665e-05,2.261283225379884243e-05,2.411654168099630624e-05,7.361583357123890892e-06,1.820990405576594640e-06,1.705098293314222246e-05
4.577053914545103908e-06,-1.640752816456370056e-05,6.809464684920385480e-05,2.033937053056433797e-04,3.144472429994493723e-04,3.777963574975728989e-04,3.290738386567682028e-04,2.343223459320142865e-04,1.131265962612815201e-04,2.343931373616214842e-05,-3.091096004936844110e-05,-5.821271770400926471e-05,-4.227149111102335155e-05,-3.097698208875954151e-05,-7.722602276771795005e-06,-2.141648838005494326e-05,4.338945473136845976e-06,1.280161632166709751e-05,7.647498932783491910e-06,2.053206844720989466e-05
1.634387263038661331e-05,-2.521932401577942073e-05,1.571381435496732593e-04,4.959763027727603912e-04,8.052844787016510963e-04,9.838592959567904472e-04,9.115682914853096008e-04,6.844107410870492458e-04,4.041770298499614000e-04,1.728713250486180186e-04,-5.627791779261315241e-06,-8.271040860563516617e-05,-7.531994924647733569e-05,-6.587332609342411160e-05,-1.927386620081961155e-05,-4.180353062110953033e-05,2.478443775544292293e-06,3.454848410910926759e-05,1.256441737496061251e-05,4.747226557810790837e-05
-1.465178411308443174e-05,4.960494334227405488e-05,4.864962647843640298e-06,2.153984969481825829e-04,5.692479317076504230e-04,8.518262184225022793e-04,1.031872583553195000e-03,1.112372730858623981e-03,1.078469329513609409e-03,9.053474641405045986e-04,7.976308115758001804e-04,5.560449790209531784e-04,3.466708003543317318e-04,1.840568584157153964e-04,6.878295971546322107e-05,4.127119609620422125e-05,2.339748971280641854e-05,-1.800475365598686039e-05,2.097979631798807532e-06,-6.364174168993486091e-06
1.086351676349295303e-05,9.488137948210351169e-06,2.404193219263106585e-04,9.167785174213349819e-04,1.662461785599589348e-03,2.151888329535722733e-03,2.186112804338335991e-03,1.887592021375894547e-03,1.433587400242686272e-03,9.478965657763183117e-04,5.493629141710698605e-04,2.598818391561508179e-04,9.898602002067491412e-05,1.431059808965073898e-05,1.055908614944200963e-05,-2.262163252453319728e-05,1.462701038690283895e-05,3.846528852591291070e-05,9.506134119874332100e-06,5.939955735811963677e-05
2.431503617117414251e-06,-1.474408509238855913e-05,5.270927067613229156e-05,1.527392450952902436e-04,2.286496164742857218e-04,2.705953083932399750e-04,2.253681159345433116e-04,1.521166850579902530e-04,5.816895645693875849e-05,-7.439366527250967920e-06,-4.018221079604700208e-05,-5.831953603774309158e-05,-3.935077984351664782e-05,-2.674407369340769947e-05,-6.105938609834993258e-06,-1.752519528963603079e-05,4.563440597848966718e-06,8.460877324978355318e-06,6.115328233136096969e-06,1.599727693246677518e-05
4.434696620592148975e-06,-1.600489304109942168e-05,6.700386438751593232e-05,2.005842106882482767e-04,3.108449163846671581e-04,3.741098043974488974e-04,3.264569386374205351e-04,2.337935438845306635e-04,1.147301809396594763e-04,2.637822581164073199e-05,-2.744470475590787828e-05,-5.496188896358944476e-05,-4.008245377917774022e-05,-2.950096495624165982e-05,-7.389832262560958043e-06,-2.115822462656069547e-05,4.283951966499444097e-06,1.280150900129228830e-05,7.609550266352016479e-06,2.002095061470754445e-05
9.768503332452382892e-06,-1.726483424135949463e-05,1.135259080911055207e-04,3.635649336501955986e-04,5.990961799398064613e-04,7.409042445942759514e-04,6.912937969900667667e-04,5.367461126297712326e-04,3.348697791807353497e-04,1.641479029785841703e-04,3.693720645969733596e-05,-3.008125895576085895e-05,-3.461017695371992886e-05,-3.494080374366603792e-05,-9.453511665924452245e-06,-3.041156560357194394e-05,3.680339204947813414e-06,2.501189919712487608e-05,1.033580883813556284e-05,3.239147918066009879e-05
-1.616646045476954896e-06,9.466287883697077632e-05,-8.326354873133823276e-06,3.294736088719218969e-04,9.848336922004818916e-04,1.500403275713324547e-03,1.930704689584672451e-03,2.146562095731496811e-03,2.173051703721284866e-03,1.834260998293757439e-03,1.668080105446279049e-03,1.195415039546787739e-03,7.689525955356657505e-04,3.997211751993745565e-04,1.510692090960219502e-04,9.040583245223388076e-05,3.481147723505273461e-05,-3.835570169030688703e-05,2.484355718479491770e-05,5.562548722082283348e-06
1.062536284734960645e-05,-1.850034823291935027e-05,1.175824800156988204e-04,3.741677210200577974e-04,6.131284753791987896e-04,7.554017356596887112e-04,7.021609926596283913e-04,5.396847845986485481e-04,3.307181759737432003e-04,1.558790972921997309e-04,2.492053499736357480e-05,-4.070028080604970455e-05,-4.177585287834517658e-05,-3.975359140895307064e-05,-1.109541699406690896e-05,-3.181870852131396532e-05,3.370046670170268044e-06,2.600377229100558907e-05,1.056409382726997137e-05,3.407378608244471252e-05
7.933384040370583534e-06,-7.427843229379504919e-06,1.321186427958309650e-04,4.643184074666351080e-04,8.102230494841933250e-04,1.032302388921380043e-03,1.013281173072755337e-03,8.464733255095779896e-04,6.049563526175916195e-04,3.713644400704652071e-04,1.900209899758920074e-04,6.711189053021371365e-05,1.633913598197977990e-05,-1.055885059031425044e-05,-3.399880768029106548e-07,-2.442663389956578612e-05,6.900382686580996960e-06,2.541436151659581810e-05,9.498707186139654368e-06,3.426238981774076819e-05
1.935272621267358772e-06,-1.431504824722651392e-05,4.938587153446860611e-05,1.420418266206979752e-04,2.106872125295922160e-04,2.481675473973155022e-04,2.038693637587130070e-04,1.350907550659030676e-04,4.707108018919825554e-05,-1.364180934615433216e-05,-4.201595584163442254e-05,-5.832222450408153236e-05,-3.862553057842887938e-05,-2.595867044874466956e-05,-5.730776592827169225e-06,-1.658316432440187782e-05,4.594622168951900676e-06,7.575880317745031789e-06,5.673079613188747317e-06,1.499773861723951995e-05
8.331138815265148878e-06,-1.787052678992040455e-05,9.534228593111038208e-05,2.958289114758372307e-04,4.757496062666177750e-04,5.813704337924718857e-04,5.294117145240306854e-04,3.977479063905775547e-04,2.296038874192163348e-04,9.480392327532172203e-05,-1.457572807339602150e-06,-4.851047560805454850e-05,-4.129980516154319048e-05,-3.524369094520807266e-05,-9.911177585308905691e-06,-2.811182457662653178e-05,3.378034989509615116e-06,2.113420487148687243e-05,9.634882189857307822e-06,2.797289198497310281e-05
2.641848914208821952e-05,-3.171782373101450503e-05,2.517081156838685274e-04,8.179906872101128101e-04,1.350917969830334187e-03,1.661254558712244034e-03,1.570072839967906475e-03,1.200757804326713085e-03,7.455822778865695000e-04,3.545187646523118019e-04,3.770847615669481456e-05,-1.010299456538632512e-04,-1.099420696846209466e-04,-1.025899618980474770e-04,-3.000677497766446322e-05,-5.840347512275911868e-05,2.252036210848018527e-06,5.340756615623831749e-05,1.553940455778501928e-05,7.509106217185035348e-05
-9.956162330126971938e-07,9.992202649300452322e-06,9.871029033092781901e-05,4.022876673843711615e-04,7.614533533342182636e-04,1.012744382023811340e-03,1.047798199579119682e-03,9.538087178952991962e-04,7.672414649277925491e-04,5.462420522235333920e-04,3.782985731959342957e-04,2.151240623788908124e-04,1.108030919567681849e-04,4.734800313599407673e-05,1.932213126565329731e-05,-6.106879936851328239e-06,1.213216273754369467e-05,1.388733562635025010e-05,6.927381491550477222e-06,2.019315797952003777e-05
1.000285556074231863e-05,-1.598275412106886506e-05,1.206387969432398677e-04,3.933080588467419147e-04,6.546950899064540863e-04,8.134162635542452335e-04,7.671489147469401360e-04,6.030076765455305576e-04,3.867522755172103643e-04,1.997318613575771451e-04,5.698452514479868114e-05,-1.974639963009394705e-05,-3.126215597148984671e-05,-3.456753256614319980e-05,-9.122533811023458838e-06,-3.007721898029558361e-05,3.761479774766485207e-06,2.605335430416744202e-05,1.002145472739357501e-05,3.377900793566368520e-05
2.119671989930793643e-06,2.549208329583052546e-05,-7.305703206839098129e-07,9.930267697200179100e-05,3.004708560183644295e-04,4.630276234820485115e-04,6.055525736883282661e-04,6.804673466831445694e-04,7.028999389149248600e-04,5.905514699406921864e-04,5.533570074476301670e-04,3.964231873396784067e-04,2.652378461789339781e-04,1.342815812677145004e-04,5.133470767759718001e-05,2.748894075921270996e-05,1.109234472096432000e-05,-1.157865335699170828e-05,1.561357748869340867e-05,6.241325081646209583e-06
1.448844795959303156e-05,-2.310086165380198509e-05,1.438070030417293310e-04,4.545080300886183977e-04,7.390130194835364819e-04,9.043767931871116161e-04,8.379278588108718395e-04,6.321336259134113789e-04,3.760058316402137280e-04,1.644599396968260407e-04,2.010484877246199176e-06,-7.031015411484986544e-05,-6.518012378364801407e-05,-5.759170016972348094e-05,-1.678702574281487614e-05,-3.855491013382561505e-05,2.670755520739476196e-06,3.181201464030891657e-05,1.186004465125733986e-05,4.290377182769589126e-05
9.317184776591602713e-06,-2.004385896725580096e-05,1.036508765537291765e-04,3.196034522261470556e-04,5.093930521979928017e-04,6.185818929225206375e-04,5.603304598480463028e-04,4.131071327719837427e-04,2.286357921548187733e-04,8.257748413598164916e-05,-2.075891825370490551e-05,-6.781263800803571939e-05,-5.513657742994837463e-05,-4.479739800444804132e-05,-1.222238734044367447e-05,-2.968460830743424594e-05,3.589679181459359825e-06,2.154241519747301936e-05,9.736570973473135382e-06,3.133172504021786153e-05
1.435385729564586654e-05,-2.185232369811274111e-05,1.477474288549274206e-04,4.728357598651200533e-04,7.758742431178689003e-04,9.543596534058451653e-04,8.916420629248023033e-04,6.822595605626702309e-04,4.180840332992374897e-04,1.955523766810074449e-04,2.370611400692723691e-05,-5.707677337341010571e-05,-5.860356031917035580e-05,-5.478306047734804451e-05,-1.561183125886600465e-05,-3.809320332948118448e-05,3.007105306096491404e-06,3.227757770218886435e-05,1.177727517642779276e-05,4.345174238551408052e-05
1.282471930608153343e-05,-7.231978088384494185e-06,1.922027295222505927e-04,6.837306427769362926e-04,1.197291421703994274e-03,1.523908111266791821e-03,1.506499946117401123e-03,1.255075796507298946e-03,9.003732120618224144e-04,5.526162567548453808e-04,2.734768786467611790e-04,9.385669545736163855e-05,1.664267438172828406e-05,-2.184226832468993962e-05,-2.963348606499494053e-06,-3.130920595140196383e-05,8.337214239872992039e-06,3.570851913536898792e-05,1.092022375814849511e-05,5.093926665722392499e-05
-1.416214490745915100e-05,3.552977796061895788e-05,2.621977910166606307e-05,2.324023516848683357e-04,5.492058699019253254e-04,7.995985797606408596e-04,9.189926204271614552e-04,9.594673174433410168e-04,8.947096648626029491e-04,7.350422674790024757e-04,6.251925951801240444e-04,4.238991823513060808e-04,2.561158325988799334e-04,1.368969096802175045e-04,4.909803828923031688e-05,2.469605897204019129e-05,2.036389378190506250e-05,-7.422589078487362713e-06,2.948381506939767860e-06,-3.211129524061107077e-06
8.082685781118925661e-06,-2.090074303850997239e-05,9.521484025754034519e-05,2.876052458304911852e-04,4.486361867748200893e-04,5.387252895161509514e-04,4.777575377374887466e-04,3.398341650608927011e-04,1.689715427346527576e-04,3.881589145748876035e-05,-4.712823647423647344e-05,-8.425534178968518972e-05,-6.374235090333968401e-05,-4.818725210498087108e-05,-1.240971960214665160e-05,-2.758244045253377408e-05,4.281075689505087212e-06,1.771043753251433372e-05,8.963573236542288214e-06,2.967523141705896705e-05
8.163648999470751733e-06,-8.869837074598763138e-06,1.273343659704551101e-04,4.414511495269834995e-04,7.636146619915962219e-04,9.683772223070263863e-04,9.442011360079050064e-04,7.805107743479311466e-04,5.484350840561091900e-04,3.286947612650692463e-04,1.578194642206653953e-04,4.704312596004456282e-05,5.315499947755597532e-06,-1.583653829584363848e-05,-2.393526528976508416e-06,-2.498316462151706219e-05,5.955923370493110269e-06,2.511997809051536024e-05,9.267230780096724629e-06,3.341661067679524422e-05
-1.471245741413440555e-05,4.719046773971058428e-05,9.292836693930439651e-06,2.211202081525698304e-04,5.694383871741592884e-04,8.452963666059076786e-04,1.012915745377540588e-03,1.082754810340702534e-03,1.041311770677566528e-03,8.722716593183577061e-04,7.583869155496358871e-04,5.264040664769709110e-04,3.239657089579850435e-04,1.729271607473492622e-04,6.370808841893449426e-05,3.820792335318401456e-05,2.168190621887333691e-05,-1.534995863039512187e-05,1.211334165418520570e-06,-7.136843578336993232e-06
2.046392000920604914e-05,-2.644701635290402919e-05,2.012093900702893734e-04,6.515243439935147762e-04,1.074363593943417072e-03,1.321636373177170753e-03,1.245429972186684608e-03,9.534818236716091633e-04,5.907622398808598518e-04,2.805989061016589403e-04,3.278319127275608480e-05,-7.851920963730663061e-05,-8.463800622848793864e-05,-7.935950998216867447e-05,-2.305281486769672483e-05,-4.811906910617835820e-05,2.579135980340652168e-06,4.302464731154032052e-05,1.353948209725786000e-05,5.973569932393729687e-05
2.034455064858775586e-06,8.429933586739934981e-06,1.286063488805666566e-04,5.057466914877295494e-04,9.365201694890856743e-04,1.229599118232727051e-03,1.259350567124783993e-03,1.119149615988135338e-03,8.767085382714867592e-04,6.050459924153983593e-04,3.907911304850131273e-04,2.083857252728193998e-04,9.808981849346309900e-05,3.515216667437925935e-05,1.545004124636761844e-05,-1.068036999640753493e-05,1.179415903607150540e-05,1.975528903130907565e-05,7.310418368433602154e-06,2.841747300408314914e-05
4.778041329700499773e-06,-1.297603739658370614e-05,7.158289372455328703e-05,2.252846607007086277e-04,3.674361505545675755e-04,4.546740383375436068e-04,4.163629491813480854e-04,3.241136437281966209e-04,1.985621493076905608e-04,9.599159238860011101e-05,2.548293923609890044e-05,-1.700006941973697394e-05,-1.769570008036680520e-05,-1.764513945090584457e-05,-4.586629074765369296e-06,-2.166088233934715390e-05,3.832448783214204013e-06,1.622808849788270891e-05,8.263319614343345165e-06,1.961032830877229571e-05
2.931632479885593057e-06,-1.538601100037340075e-05,5.677688386640511453e-05,1.653788494877517223e-04,2.488382742740213871e-04,2.951284113805741072e-04,2.480066032148897648e-04,1.685059396550059319e-04,6.702289101667702198e-05,-4.545095634966855869e-06,-4.189450191915966570e-05,-6.157775351312011480e-05,-4.228366742609068751e-05,-2.901886546169407666e-05,-6.708990895276656374e-06,-1.849956424848642200e-05,4.621225798473460600e-06,9.225076610164251179e-06,6.490570285677677020e-06,1.726711889205034822e-05
8.978933692560531199e-06,-1.966493800864554942e-05,1.007777755148708820e-04,3.103622875642031431e-04,4.945115069858729839e-04,6.006323965266346931e-04,5.435337079688906670e-04,4.009992990177124739e-04,2.219050365965813398e-04,8.027433796087279916e-05,-1.937588422151748091e-05,-6.525072967633605003e-05,-5.289539330988191068e-05,-4.298778731026686728e-05,-1.171460553450742736e-05,-2.911264164140447974e-05,3.598214107114472426e-06,2.102886537613812834e-05,9.650419997342396528e-06,3.039932198589667678e-05
-4.660246759158326313e-06,3.425046088523231447e-05,-3.967875272792298347e-06,1.301777811022475362e-04,3.729111049324274063e-04,5.690830876119434834e-04,7.192711345851421356e-04,7.960597868077456951e-04,8.006751886568963528e-04,6.755352951586246490e-04,6.174622103571891785e-04,4.391835245769470930e-04,2.848224248737096786e-04,1.483276137150824070e-04,5.640673771267756820e-05,3.197441401425749063e-05,1.622151103219948709e-05,-1.365084517601644620e-05,7.821605322533287108e-06,2.157256858481559902e-06
3.730288653969182633e-06,-1.431325745215872303e-05,6.078748265281319618e-05,1.828478852985426784e-04,2.857051440514624119e-04,3.461858141236007214e-04,3.033932880498468876e-04,2.220480382675305009e-04,1.150348034570924938e-04,3.491252573439851403e-05,-1.382176287734182552e-05,-4.122061000089161098e-05,-3.020041913259774446e-05,-2.280247463204432279e-05,-5.769373728981008753e-06,-1.986915231100283563e-05,4.074574462720192969e-06,1.242465441464446485e-05,7.481789907615166157e-06,1.762808096827939153e-05
1.336216428171610460e-06,-5.293261438055196777e-06,6.051190939615480602e-05,2.115891402354463935e-04,3.706096904352307320e-04,4.776880377903580666e-04,4.638193349819630384e-04,3.989947726950049400e-04,2.908060268964618444e-04,1.867472601588815451e-04,1.155289501184597611e-04,5.157659688848070800e-05,2.506116652511991560e-05,7.811684554326348007e-06,4.073266609339043498e-06,-1.404372505930950865e-05,5.959914687991840765e-06,1.198580957861850038e-05,7.147409633034840226e-06,1.421935849066358060e-05
1.868026515694509726e-06,-1.411627272318582982e-05,4.862107016379013658e-05,1.399830653099343181e-04,2.078450634144246578e-04,2.450448519084602594e-04,2.014753554249182343e-04,1.341150491498410702e-04,4.757338319905102253e-05,-1.210186565003823489e-05,-4.005115260952152312e-05,-5.636284549837000668e-05,-3.725074930116534233e-05,-2.503765790606848896e-05,-5.553843038796912879e-06,-1.642095776333007962e-05,4.556253315968206152e-06,7.594908311148174107e-06,5.682210485247196630e-06,1.469959534006193280e-05
-6.360789939208189026e-06,2.512206447136122733e-05,9.908103675115853548e-05,4.553718899842351675e-04,9.053825633600354195e-04,1.230365945957601070e-03,1.311732805334031582e-03,1.237477408722043037e-03,1.042928895913064480e-03,7.788275252096354961e-04,5.733043653890490532e-04,3.503057814668864012e-04,1.878893963294103742e-04,8.983503357740119100e-05,3.402563015697523952e-05,6.602848316106246784e-06,1.685303504928015172e-05,9.112525731325149536e-06,4.839618668484035879e-06,1.559386873850598931e-05
1.051154140441212803e-05,-1.096975211112294346e-05,1.476037432439625263e-04,5.084434524178504944e-04,8.754124864935874939e-04,1.106166513636708260e-03,1.076265354640781879e-03,8.821047376841306686e-04,6.130742840468883514e-04,3.605659876484423876e-04,1.623202697373926640e-04,3.980354085797443986e-05,-3.495462806313298643e-06,-2.439909258100669831e-05,-4.912813892588019371e-06,-2.918788595707155764e-05,5.961102488072356209e-06,2.926329034380614758e-05,1.019628962239949033e-05,3.961744732805527747e-05
6.778060651413397864e-06,-1.531526140752248466e-05,8.547373727196827531e-05,2.680523903109133244e-04,4.357476136647164822e-04,5.366759723983705044e-04,4.920540959574282169e-04,3.779777034651488066e-04,2.276869781780987978e-04,1.049546481226570904e-04,1.809061359381303191e-05,-2.922570638475008309e-05,-2.761655196081846952e-05,-2.581382977950852364e-05,-7.086677669576602057e-06,-2.531860445742495358e-05,3.610994781411136501e-06,1.932520717673469335e-05,9.158952707366552204e-06,2.430971653666347265e-05
-1.039556627802085131e-05,3.345212098793126643e-05,8.719959441805258393e-05,4.409590328577905893e-04,9.091404499486088753e-04,1.255645765922963619e-03,1.362855779007077217e-03,1.317850197665393353e-03,1.141627901233732700e-03,8.757425239309668541e-04,6.700172671116888523e-04,4.236138775013387203e-04,2.334342716494575143e-04,1.170526811620220542e-04,4.346993591752834618e-05,1.499171503382967785e-05,1.959566361620090902e-05,4.249922767485259101e-06,3.679242581711150706e-06,9.857551958702970296e-06
5.140176654094830155e-06,-1.058986345015000552e-05,8.508998871548101306e-05,2.823695249389857054e-04,4.773870459757745266e-04,6.010092329233884811e-04,5.706850206479430199e-04,4.640704137273132801e-04,3.122064808849245310e-04,1.770459493855014443e-04,7.903941877884790301e-05,1.382554637530120090e-05,-3.061559937123092823e-06,-1.220715876115718856e-05,-2.177318719986942597e-06,-2.141410550393629819e-05,4.744827037939103320e-06,1.808988599805161357e-05,8.429903573414776474e-06,2.232518636446911842e-05
-2.331810719624627382e-05,9.088777005672454834e-05,-2.140815922757610679e-06,3.377404646016657352e-04,9.228315902873873711e-04,1.386792398989200592e-03,1.705992850475013256e-03,1.843180973082780838e-03,1.802506507374346256e-03,1.515617128461599350e-03,1.326302066445350647e-03,9.291199967265129089e-04,5.731912096962332726e-04,3.029257932212203741e-04,1.114329716074280441e-04,7.698936678934842348e-05,3.796314922510646284e-05,-3.343984280945733190e-05,-2.501225253581651486e-06,-1.145800615631742403e-05
1.361490649287588894e-05,-1.471661744290031493e-05,1.711945515125989914e-04,5.823558894917368889e-04,9.950825478881597519e-04,1.251240610145032406e-03,1.211119233630597591e-03,9.807893075048923492e-04,6.694457842968404293e-04,3.817577962763607502e-04,1.555155613459646702e-04,2.295906779181677848e-05,-1.798098674044013023e-05,-3.671080412459559739e-05,-8.537589565094094723e-06,-3.522015686030499637e-05,5.898978542973054573e-06,3.435227699810639024e-05,1.166254969575675204e-05,4.731931403512135148e-05
4.415200237417593598e-06,1.135452384914970025e-05,1.723942114040255547e-04,6.760055548511445522e-04,1.248119398951530457e-03,1.633598702028393745e-03,1.674013677984476089e-03,1.477846642956137657e-03,1.151702017523348331e-03,7.874634466134011745e-04,4.967915010638535023e-04,2.589732175692915916e-04,1.174373028334230185e-04,3.726072827703319490e-05,1.738471291901078075e-05,-1.346773115074029192e-05,1.448160764994099736e-05,2.598260834929533303e-05,8.452795555058401078e-06,4.014909427496604621e-05
4.773164619109593332e-06,-1.510375113866757601e-05,6.872317317174747586e-05,2.088989131152629852e-04,3.296370268799364567e-04,4.006430099252611399e-04,3.558228199835866690e-04,2.630166709423065186e-04,1.420177286490797997e-04,4.933778109261766076e-05,-1.043171141645871103e-05,-4.245041782269254327e-05,-3.248884604545310140e-05,-2.546536779846064746e-05,-6.685819698759587482e-06,-2.177072747144848108e-05,3.907067366526462138e-06,1.446864825993543491e-05,7.984522198967169970e-06,1.994916965486481786e-05
1.060410522768506780e-05,-2.226899414381477982e-05,1.143644913099706173e-04,3.519729070831090212e-04,5.590014625340700150e-04,6.766796577721834183e-04,6.121908663772046566e-04,4.470331186894327402e-04,2.424842095933854580e-04,8.118261030176654458e-05,-3.329923856654204428e-05,-8.291684935102239251e-05,-6.676935299765318632e-05,-5.323234654497355223e-05,-1.439350853615906090e-05,-3.202653169864788651e-05,3.737437964446144179e-06,2.300307642144616693e-05,1.011726635624654591e-05,3.505275890347547829e-05
9.174191291094757617e-06,-1.846495251811575145e-05,1.016661844914779067e-04,3.166582609992474318e-04,5.103842122480273247e-04,6.238681962713599205e-04,5.702304770238697529e-04,4.287472693249583244e-04,2.491075429134070873e-04,1.041779178194701672e-04,-1.028484348353231326e-06,-5.137633706908673048e-05,-4.442651697900146246e-05,-3.827399268629960716e-05,-1.088097724277758971e-05,-2.944258085335604846e-05,3.225124828531988896e-06,2.256174593640025705e-05,9.913433132169302553e-06,2.997957926709204912e-05
9.876689546217676252e-06,-1.722352862998377532e-05,1.149221352534368634e-04,3.687680000439286232e-04,6.079676677472889423e-04,7.519097416661679745e-04,7.022204808890819550e-04,5.453192861750721931e-04,3.406507603358477354e-04,1.674354425631463528e-04,3.758141247089952230e-05,-3.037171518371906132e-05,-3.538929377100430429e-05,-3.560914046829566360e-05,-9.659501301939599216e-06,-3.046892379643395543e-05,3.631797653724788688e-06,2.526159914850722998e-05,1.026395148073788732e-05,3.269792432547546923e-05
5.845943633175920695e-06,-1.619523391127586365e-05,7.667791214771568775e-05,2.341241197427734733e-04,3.708561707753688097e-04,4.507943231146782637e-04,4.030998679809272289e-04,2.980657736770808697e-04,1.627210149308666587e-04,5.781076833955012262e-05,-1.197761685034492984e-05,-4.756722773890942335e-05,-3.718430525623261929e-05,-2.963973020086996257e-05,-7.895448106864932925e-06,-2.361385850235819817e-05,3.804694415521225892e-06,1.615826113265939057e-05,8.422485734627116472e-06,2.254608989460393786e-05
1.232697923114756122e-05,-1.644496478547807783e-05,1.464299857616424561e-04,4.854877770412713289e-04,8.156892727129161358e-04,1.016777008771896362e-03,9.695044136606156826e-04,7.685520686209201813e-04,5.040794494561851025e-04,2.697581367101520300e-04,8.611249359091743827e-05,-1.262124533241149038e-05,-3.379685949767008424e-05,-4.071449075127020478e-05,-1.069029804057208821e-05,-3.352877320139668882e-05,4.050239567732205614e-06,3.082616240135394037e-05,1.064048319676658139e-05,4.082237501279450953e-05
8.057870218181051314e-06,-9.913386747939512134e-06,1.217101016663946211e-04,4.174921195954084396e-04,7.179483072832226753e-04,9.080233867280185223e-04,8.805558900348842144e-04,7.234346121549606323e-04,5.024464335292577744e-04,2.962756843771785498e-04,1.370420795865356922e-04,3.554722934495657682e-05,1.418856925283762394e-07,-1.757503014232497662e-05,-3.127368017885601148e-06,-2.519462759664747864e-05,5.511166818905621767e-06,2.448435043334029615e-05,9.274882359022740275e-06,3.215309698134660721e-05
3.205764642189024016e-06,-4.550652192847337574e-06,8.813933527562767267e-05,3.144695365335792303e-04,5.573992966674268246e-04,7.195065263658761978e-04,7.094076136127114296e-04,6.099953898228704929e-04,4.500695504248142242e-04,2.901360858231782913e-04,1.745800836943089962e-04,7.882727368269115686e-05,3.529041350702755153e-05,7.886952516855672002e-06,5.287494786898605525e-06,-1.703282396192662418e-05,7.403986728604650125e-06,1.655505184317007661e-05,8.492198503518011421e-06,2.174864494008943439e-05
1.099301061913138255e-05,-2.404354381724260747e-05,1.177071026177145541e-04,3.591041604522615671e-04,5.651005194522440434e-04,6.802158313803374767e-04,6.107238586992025375e-04,4.380433238111436367e-04,2.264142094645649195e-04,6.187927647260949016e-05,-5.235140633885748684e-05,-9.942146425601094961e-05,-7.765381451463326812e-05,-6.013061283738352358e-05,-1.585790050739888102e-05,-3.270261004217900336e-05,4.063583219249267131e-06,2.237947774119675159e-05,1.010967116599204019e-05,3.686571290018036962e-05
1.899121002679748926e-06,-1.382078517053741962e-05,4.803928095498122275e-05,1.390506949974223971e-04,2.078253892250359058e-04,2.461244002915918827e-04,2.039741084445267916e-04,1.384486677125096321e-04,5.328291808837093413e-05,-5.753908226324710995e-06,-3.426763942115940154e-05,-5.135256651556119323e-05,-3.398272383492439985e-05,-2.298520121257752180e-05,-5.246109139989130199e-06,-1.642939605517312884e-05,4.469456143851857632e-06,8.014108061615843326e-06,5.913340373808750883e-06,1.437889932276448235e-05
-6.590039902221178636e-06,1.340945891570299864e-05,3.796071541728451848e-05,1.947301061591133475e-04,4.061042563989758492e-04,5.680964095517992973e-04,6.146053201518952847e-04,6.101555773057043552e-04,5.360405193641781807e-04,4.197838425170630217e-04,3.402564325369894505e-04,2.196045970777049661e-04,1.295555266551673412e-04,6.874854443594813347e-05,2.456758375046774745e-05,4.231942511978559196e-06,1.165919093182310462e-05,2.218087274741264991e-06,5.109853191243018955e-06,3.025236310350010172e-06
2.637568741192808375e-06,-1.503781368228374049e-05,5.449100353871472180e-05,1.582410041010007262e-04,2.373868337599560618e-04,2.811828744597733021e-04,2.350651629967615008e-04,1.590602623764425516e-04,6.180295895319432020e-05,-6.405312433344079182e-06,-4.109517612960189581e-05,-5.989069541101343930e-05,-4.071204966749064624e-05,-2.778475391096435487e-05,-6.373563792294589803e-06,-1.795387834135908633e-05,4.601830369210802019e-06,8.774647540121804923e-06,6.270913672778988257e-06,1.655689811741467565e-05
9.580728146829642355e-06,7.707728400419000536e-06,2.174151450162753463e-04,8.268165984191000462e-04,1.498007448390126228e-03,1.939078560099005699e-03,1.967327669262886047e-03,1.699002692475914955e-03,1.289254054427146912e-03,8.524183649569749832e-04,4.952190211042761803e-04,2.344404347240924835e-04,8.996912220027297735e-05,1.395085928379558027e-05,9.871004294836893678e-06,-2.142186531273182482e-05,1.344384963886113837e-05,3.516943615977652371e-05,9.136005246546119452e-06,5.326741302269510925e-05
-2.366634362260811031e-05,6.727425352437421679e-05,5.831090675201267004e-05,4.521270748227834702e-04,1.040732255205512047e-03,1.496403710916638374e-03,1.710164709948003292e-03,1.749014249071478844e-03,1.610635896213352680e-03,1.305452780798077583e-03,1.067741075530648232e-03,7.139528752304613590e-04,4.122795071452856064e-04,2.181635645683854818e-04,7.727036427240818739e-05,4.687752880272455513e-05,3.031680353160481900e-05,-1.314251858275383711e-05,-2.662877932380069979e-06,-4.436076778802089393e-06
3.966665190091589466e-06,-1.052889729180606082e-05,7.162601832533255219e-05,2.334846940357238054e-04,3.906754718627780676e-04,4.903459339402616024e-04,4.595867067109793425e-04,3.711293684318661690e-04,2.443648700136691332e-04,1.347099459962919354e-04,5.824569598189555109e-05,6.016146471665706486e-06,-4.443281795829534531e-06,-1.045393673848593608e-05,-1.928435949594131671e-06,-1.970762241398915648e-05,4.455336693354183808e-06,1.562855868542101234e-05,7.965766599227208644e-06,1.871896893135271966e-05
1.773343001332250424e-06,-1.411522225680528209e-05,4.815550710191018879e-05,1.382423506584018469e-04,2.045557630481198430e-04,2.406954154139384627e-04,1.969714066945016384e-04,1.300141157116740942e-04,4.424107100930996239e-05,-1.471239556849468499e-05,-4.170887041254900396e-05,-5.750255149905569851e-05,-3.783703505177982152e-05,-2.537408909120131284e-05,-5.549760771828005090e-06,-1.625593722565099597e-05,4.586144768836675212e-06,7.353547516686376184e-06,5.569172117247944698e-06,1.460206476622261107e-05
5.766445951849163976e-07,-3.288713060101144947e-06,6.058230792405083776e-05,2.190208761021494865e-04,3.916071145795285702e-04,5.102346767671406269e-04,5.031597102060914040e-04,4.425379156600683928e-04,3.335106594022363424e-04,2.229650272056460381e-04,1.476458710385486484e-04,7.402766641462221742e-05,3.872460365528240800e-05,1.529082874185405672e-05,6.773831046302802861e-06,-1.247941054316470399e-05,6.924589797563385218e-06,1.132405031967209652e-05,7.277240456460276619e-06,1.368273933621821925e-05
-1.026856898533878848e-05,3.872004890581592917e-05,1.114020051318220794e-04,5.468984600156545639e-04,1.112763769924640656e-03,1.525671454146504402e-03,1.649190904572606087e-03,1.576342154294252396e-03,1.351892598904669285e-03,1.025528414174914360e-03,7.676987443119287491e-04,4.786211648024618626e-04,2.586407354101538658e-04,1.261950092157348990e-04,4.716401963378302753e-05,1.661922760831657797e-05,2.173403663618955761e-05,6.656721325271064416e-06,3.456001877566450275e-06,1.515865460532950237e-05
1.215629072248702869e-05,-1.872586653917096555e-05,1.349702070001512766e-04,4.364796914160251617e-04,7.224158616736531258e-04,8.937940001487731934e-04,8.400361402891576290e-04,6.529283127747476101e-04,4.112784517928957939e-04,2.043006825260818005e-04,4.552802056423388422e-05,-3.512104376568458974e-05,-4.303748210077174008e-05,-4.379312667879275978e-05,-1.200688166136387736e-05,-3.410026329220272601e-05,3.506854909574030899e-06,2.927176319644786417e-05,1.097613221645588055e-05,3.875579932355321944e-05
-1.691749639576300979e-05,8.742268983041867614e-05,-8.766455721342936158e-06,3.006339538842439651e-04,8.571700891479849815e-04,1.297939452342689037e-03,1.629014383070170879e-03,1.784028834663331509e-03,1.769497641362249851e-03,1.492858980782330036e-03,1.331166015006601810e-03,9.422180010005831718e-04,5.917408852837979794e-04,3.126577648799866438e-04,1.145831120084039867e-04,7.554178591817617416e-05,3.653709427453577518e-05,-3.394372106413356960e-05,4.421040557645028457e-06,-6.842197763035073876e-06
8.726177838980220258e-06,-1.171720396087039262e-05,1.233755465364083648e-04,4.177972441539168358e-04,7.134567131288349628e-04,8.991159847937524319e-04,8.665531058795750141e-04,7.057984475977718830e-04,4.827200027648359537e-04,2.779398055281490088e-04,1.210163391078822315e-04,2.360907819820567966e-05,-6.549612862727371976e-06,-2.146908263966906816e-05,-4.392367827676935121e-06,-2.699001925066113472e-05,5.292246896715369076e-06,2.525349373172502965e-05,9.765387403604108840e-06,3.315583671792410314e-05
8.457057447230909020e-06,-1.422683453711215407e-05,1.096611667890101671e-04,3.594204899854958057e-04,6.012676749378442764e-04,7.500689243897795677e-04,7.091052248142659664e-04,5.632432876154780388e-04,3.668988647405058146e-04,1.954819163074716926e-04,6.645406392635777593e-05,-7.452744284819345921e-06,-2.133176712959539145e-05,-2.692546513571869582e-05,-6.691052476526238024e-06,-2.738385774136986583e-05,4.112169790460029617e-06,2.359889913350343704e-05,9.544290151097811759e-06,3.012823071912862360e-05
-9.816099918680265546e-06,3.698962609632872045e-05,5.019903142056136858e-07,1.514640171080827713e-04,4.085458349436521530e-04,6.145231891423463821e-04,7.531093433499336243e-04,8.184609469026327133e-04,8.024564594961702824e-04,6.758654490113258362e-04,6.014914833940565586e-04,4.224946314934641123e-04,2.670724061317741871e-04,1.420925109414383769e-04,5.190768933971412480e-05,3.026964077434968203e-05,1.742420681694056839e-05,-1.305627665715292096e-05,2.908754368036170490e-06,-3.832545189652591944e-06
9.260867045668419451e-06,-1.929946847667451948e-05,1.030269995681010187e-04,3.194142191205173731e-04,5.121974390931427479e-04,6.242259987629950047e-04,5.681662587448954582e-04,4.235042433720082045e-04,2.408803120488300920e-04,9.489811782259494066e-05,-9.917474926623981446e-06,-5.897109440411441028e-05,-4.949940557708032429e-05,-4.130223533138632774e-05,-1.150775278802029788e-05,-2.968095031974371523e-05,3.415861783651052974e-06,2.220539499830920249e-05,9.855642929323948920e-06,3.064337215619161725e-05
3.815152012975886464e-06,1.479839374951552600e-05,1.751702075125649571e-04,6.960839964449405670e-04,1.290122279897332191e-03,1.690311706624925137e-03,1.738957711495459080e-03,1.538382959552109241e-03,1.204700442031025887e-03,8.289305260404944420e-04,5.217415746301412582e-04,2.751142310444265604e-04,1.227617758559063077e-04,3.994704456999897957e-05,1.790939495549537241e-05,-1.047778459906112403e-05,1.398451968270819634e-05,2.602037056931294501e-05,6.864063379907747731e-06,3.911554813385009766e-05
6.036202648829203099e-06,-1.751832860463764518e-05,7.890850974945351481e-05,2.386819396633654833e-04,3.738914092537015676e-04,4.514226748142391443e-04,3.998905303888022900e-04,2.894744684454053640e-04,1.491847942816093564e-04,4.235678716213442385e-05,-2.682622289285063744e-05,-6.030559961800463498e-05,-4.557112697511911392e-05,-3.482622196315787733e-05,-8.988997251435648650e-06,-2.402082827757112682e-05,4.110591817152453586e-06,1.555667222419288009e-05,8.359183084394317120e-06,2.379006582486908883e-05
-1.788634472177363932e-05,6.029237556504085660e-05,1.171565745607949793e-04,6.429650820791721344e-04,1.358101842924952507e-03,1.890711719170212746e-03,2.082057995721697807e-03,2.033952390775084496e-03,1.788317342288792133e-03,1.387299736961722374e-03,1.071071717888116837e-03,6.856860127300024033e-04,3.781512496061623096e-04,1.904242963064461946e-04,7.028433901723474264e-05,3.392459257156588137e-05,3.018514144059736282e-05,-4.555929322691554262e-08,1.577207626723975409e-06,1.102467376767890528e-05
9.739593224367126822e-06,-2.313872937520500273e-05,1.082100352505221963e-04,3.278006333857774734e-04,5.123019218444824219e-04,6.147985695861279964e-04,5.476764636114239693e-04,3.888865176122635603e-04,1.941133959917351604e-04,4.469646228244528174e-05,-5.612759196083061397e-05,-9.770397446118295193e-05,-7.466725946869701147e-05,-5.677208173437975347e-05,-1.471196719649014995e-05,-3.051317798963282257e-05,4.277706921129720286e-06,1.997474646486807615e-05,9.567143024469260126e-06,3.408161865081638098e-05
6.635606951022055000e-06,-1.761097155394963920e-05,8.310350676765665412e-05,2.532044891268014908e-04,3.995209699496626854e-04,4.839078465010970831e-04,4.322158056311309338e-04,3.160902997478842735e-04,1.685638126218691468e-04,5.458019586512818933e-05,-2.151847002096474171e-05,-5.822209277539514005e-05,-4.512112354859709740e-05,-3.536680742399767041e-05,-9.329760359833016992e-06,-2.498535468475893140e-05,3.900833235093159601e-06,1.689206146693322808e-05,8.635243830212857574e-06,2.492455314495600760e-05
-1.709279786155093461e-05,7.391224062303081155e-05,1.812426926335319877e-04,9.210094576701521873e-04,1.884722034446895123e-03,2.582869026809930801e-03,2.812864026054739952e-03,2.683704486116766930e-03,2.309777773916721344e-03,1.754765980876982212e-03,1.295838737860321999e-03,8.082950953394174576e-04,4.268361954018473625e-04,2.061079430859535933e-04,7.610582542838528752e-05,3.859327262034639716e-05,3.360513073857873678e-05,7.207941052911337465e-06,-6.897989806020632386e-07,2.332540316274389625e-05
9.295623385696671903e-06,-1.736900594551116228e-05,1.064994066837243736e-04,3.376542008481919765e-04,5.516497767530381680e-04,6.791876512579619884e-04,6.287855212576687336e-04,4.824628995265811682e-04,2.935530210379511118e-04,1.368692028336226940e-04,2.075510747090447694e-05,-3.808778274105861783e-05,-3.793996802414767444e-05,-3.552174894139170647e-05,-9.930260603141505271e-06,-2.945809865195769817e-05,3.381416263437131420e-06,2.367192246310878545e-05,9.959311682905536145e-06,3.067831494263373315e-05
3.224974761906196363e-06,-1.071561655408004299e-05,6.202473014127463102e-05,1.982349203899502754e-04,3.275214112363755703e-04,4.092277958989143372e-04,3.777410311158746481e-04,3.020562871824949980e-04,1.933695602929219604e-04,1.024528683046810329e-04,4.176760921836830676e-05,-7.575343943244661205e-07,-5.979952220513951033e-06,-9.398580004926770926e-06,-1.964929424502770416e-06,-1.867242826847359538e-05,4.256695319782011211e-06,1.388245982525404543e-05,7.656896741536911577e-06,1.626507400942500681e-05
-4.189093306194990873e-05,1.460036291973665357e-04,1.712730772851500660e-05,6.060010055080056190e-04,1.588540966622531414e-03,2.357720863074064255e-03,2.848969772458076477e-03,3.031629370525479317e-03,2.921292325481772423e-03,2.442442579194903374e-03,2.090263180434703827e-03,1.449596486054360867e-03,8.713116985745728016e-04,4.623073036782443523e-04,1.676787942415103316e-04,1.209719703183509409e-04,5.991342550260014832e-05,-4.778960646945051849e-05,-9.127634257311001420e-06,-2.193757973145693541e-05
2.620927716634469107e-06,-1.483910727984039113e-05,5.387349301599897444e-05,1.567184808664023876e-04,2.355831238673999906e-04,2.794471220113337040e-04,2.341455110581591725e-04,1.594151835888624191e-04,6.339779793052002788e-05,-4.032511697005247697e-06,-3.860835931845940650e-05,-5.756771133746951818e-05,-3.914595436071977019e-05,-2.678339114936534315e-05,-6.201066753419581801e-06,-1.784815322025679052e-05,4.543574959825491533e-06,8.874238119460642338e-06,6.322510216705268249e-06,1.632092244108207524e-05
1.315221379627473652e-05,-2.025613321166019887e-05,1.397525775246322155e-04,4.488410195335745811e-04,7.382501498796045780e-04,9.096721769310534000e-04,8.512398926541209221e-04,6.545164505951106548e-04,4.044382367283105850e-04,1.929508434841409326e-04,2.982243495353031904e-05,-4.872486533713527024e-05,-5.225236236583441496e-05,-4.980863741366192698e-05,-1.406246065016603097e-05,-3.577023016987368464e-05,3.125755029032006860e-06,3.046042002097237855e-05,1.120311299018794671e-05,4.068707130500115454e-05
4.024067493446636945e-06,-3.728850686002260773e-07,1.132737670559436083e-04,4.193118365947157145e-04,7.538060890510678291e-04,9.763037087395787239e-04,9.783596033230423927e-04,8.468072046525776386e-04,6.373525829985737801e-04,4.199798277113586664e-04,2.514536608941853046e-04,1.195704244310036302e-04,5.063456410425715148e-05,1.178335151053033769e-05,6.941004357940983027e-06,-1.626106131880078465e-05,8.347673428943380713e-06,2.004360976570751518e-05,7.944061508169397712e-06,2.689206121431197971e-05
2.192158717662096024e-05,-8.785068530414719135e-06,2.946197928395122290e-04,1.051187748089432716e-03,1.834947615861892700e-03,2.325557637959718704e-03,2.303136512637138367e-03,1.900258124805986881e-03,1.352474209852516651e-03,8.178552379831671715e-04,3.736035432666540146e-04,1.097579370252788067e-04,-2.424838157821795903e-06,-5.140797657077200711e-05,-1.146659633377566934e-05,-4.402314152684994042e-05,9.274805961467791349e-06,5.396862979978322983e-05,1.249184060725383461e-05,7.945018296595662832e-05
1.847422822720545810e-06,-2.983179456350626424e-06,8.003949915291741490e-05,2.906966547016054392e-04,5.220638704486191273e-04,6.797092501074075699e-04,6.748547311872243881e-04,5.907073500566184521e-04,4.454058944247663021e-04,2.953354851342737675e-04,1.905796525534242392e-04,9.408315236214548349e-05,4.715410977951250970e-05,1.577411421749275178e-05,8.059192623477429152e-06,-1.488785710535012186e-05,8.276007974927779287e-06,1.445798625354655087e-05,8.595534382038749754e-06,1.929624158947262913e-05
8.940921361499931663e-06,-1.624286778678651899e-05,1.082189846783876419e-04,3.477021527942270041e-04,5.740837077610194683e-04,7.111178128980100155e-04,6.641711224801838398e-04,5.179957952350378036e-04,3.254447365179657936e-04,1.622710406081750989e-04,4.078544225194491446e-05,-2.463189775880891830e-05,-3.057430876651778817e-05,-3.158430263283662498e-05,-8.423041435889899731e-06,-2.885420144593808800e-05,3.757655576919205487e-06,2.382865386607591063e-05,9.916251656250096858e-06,3.042691241716966033e-05
7.828766683815047145e-06,-1.707173169052111916e-06,1.532920869067311287e-04,5.602312739938497543e-04,9.968685917556285858e-04,1.281022559851408005e-03,1.279277144931256771e-03,1.088735414668917656e-03,8.044533897191286087e-04,5.157378618605434895e-04,2.850435266736894846e-04,1.222389983013272285e-04,4.162933691986836493e-05,-6.955526714591542259e-07,3.436266297285328619e-06,-2.198024776589591056e-05,8.609912583779077977e-06,2.749903615040238947e-05,8.904969035938847810e-06,3.823373481282033026e-05
1.451159641874255612e-05,-2.751722604443784803e-05,1.448669790988788009e-04,4.462272045202553272e-04,7.083623786456882954e-04,8.551744394935667515e-04,7.762812892906367779e-04,5.621399031952023506e-04,3.015307593159377575e-04,9.492771641816943884e-05,-5.437940853880718350e-05,-1.145127898780629039e-04,-9.232489537680521607e-05,-7.340330921579152346e-05,-1.984206755878403783e-05,-3.894097608281299472e-05,3.745770300156436861e-06,2.829163349815644324e-05,1.153651101049035788e-05,4.549627919914200902e-05
4.234201242070412263e-06,-1.499615336797432974e-05,6.482675235019996762e-05,1.954039471456781030e-04,3.056966816075146198e-04,3.701742098201066256e-04,3.255188930779695511e-04,2.377966011408716440e-04,1.234117953572422266e-04,3.731425022124312818e-05,-1.609894025023095310e-05,-4.498663111007772386e-05,-3.332585401949472725e-05,-2.527751166780944914e-05,-6.446181487262947485e-06,-2.080559897876810282e-05,4.080103281012270600e-06,1.316736052103806287e-05,7.684628144488669932e-06,1.895556306408252567e-05
1.107037314795888960e-05,-1.763331420079339296e-05,1.270550274057313800e-04,4.114442272111773491e-04,6.820199196226894855e-04,8.451479952782392502e-04,7.944311364553868771e-04,6.200506468303501606e-04,3.927272628061473370e-04,1.977293140953406692e-04,4.908648406853899360e-05,-2.848097210517153144e-05,-3.735343852895312011e-05,-3.903978722519241273e-05,-1.051635717885801569e-05,-3.226734042982570827e-05,3.660313723230501637e-06,2.759474409685935825e-05,1.059397527569672093e-05,3.607599501265212893e-05
8.048318704823032022e-06,-1.342670111625920981e-05,1.083154929801821709e-04,3.573755675461143255e-04,6.006606854498386383e-04,7.514826720580458641e-04,7.130937301553785801e-04,5.705943913199007511e-04,3.764661087188869715e-04,2.052125637419521809e-04,7.653584907529875636e-05,3.268111754550773185e-07,-1.641202106839045882e-05,-2.391652196820359677e-05,-5.649888407788239419e-06,-2.656449760252144188e-05,4.400546004035277292e-06,2.311314892722293735e-05,9.466925803280901164e-06,2.946580934803932905e-05
5.864194918103748932e-06,-1.561750650580506772e-05,7.647806341992691159e-05,2.348769339732825756e-04,3.744773857761174440e-04,4.568831354845315218e-04,4.108752182219177485e-04,3.072499821428209543e-04,1.727660855976864696e-04,6.735439092153683305e-05,-3.998743522970471531e-06,-4.121533129364252090e-05,-3.315808135084807873e-05,-2.730029518716037273e-05,-7.437490239681210369e-06,-2.363866587984375656e-05,3.640280283434549347e-06,1.670433448452968150e-05,8.522394637111574411e-06,2.218701592937577516e-05
-5.897755727346520871e-06,1.938322930072899908e-05,7.945331162773072720e-05,3.640452050603926182e-04,7.254700758494436741e-04,9.888330241665244102e-04,1.052348408848047256e-03,9.981336770579218864e-04,8.432759786956012249e-04,6.321868277154862881e-04,4.727681807707995176e-04,2.906206937041133642e-04,1.588727900525555015e-04,7.731452933512628078e-05,2.936782584583852440e-05,4.019173502456396818e-06,1.463175249227788299e-05,7.549425390607211739e-06,5.237962795945350081e-06,1.210325899592135102e-05
-5.576708645094186068e-06,1.930764665303286165e-05,8.167249325197190046e-05,3.716064384207129478e-04,7.372493273578584194e-04,1.002361415885388851e-03,1.065145363099873066e-03,1.006318256258964539e-03,8.472015615552663803e-04,6.330813048407435417e-04,4.690528730861842632e-04,2.869751770049333572e-04,1.553196052554994822e-04,7.515516335843130946e-05,2.844735718099400401e-05,3.832957190752495080e-06,1.419928321411134675e-05,8.127143701130989939e-06,4.931278908770764247e-06,1.246844203706132248e-05
5.940367373113986105e-06,-1.310603875026572496e-05,8.477456867694854736e-05,2.726913080550730228e-04,4.511614097282290459e-04,5.611845408566296101e-04,5.227742949500679970e-04,4.124043625779449940e-04,2.621749008540064096e-04,1.350244128843769431e-04,4.337746213423088193e-05,-1.099093424272723496e-05,-1.751176387188024819e-05,-2.003007102757692337e-05,-5.013957434130134061e-06,-2.340733044547960162e-05,3.946350261685438454e-06,1.877191971288993955e-05,8.638154213258530945e-06,2.304619738424662501e-05
1.491294460720382631e-05,-6.643863343924749643e-06,2.185622870456427336e-04,7.813301635906100273e-04,1.368642551824450493e-03,1.740424311719834805e-03,1.724062953144311905e-03,1.433521858416497707e-03,1.028387923724949360e-03,6.307811127044260502e-04,3.055504639632999897e-04,1.024364319164305925e-04,1.329343285760842264e-05,-2.843691981979645789e-05,-4.928879207000136375e-06,-3.357301466166973114e-05,8.434209121332969517e-06,4.028514376841485500e-05,1.081219852494541556e-05,5.767173570347949862e-05
8.658883416501339525e-06,-1.029158920573536307e-05,1.288437488256022334e-04,4.427597159519791603e-04,7.625334546901285648e-04,9.650294086895883083e-04,9.370828629471361637e-04,7.709350902587175369e-04,5.369530990719795227e-04,3.177621692884713411e-04,1.485188549850136042e-04,3.998048487119376659e-05,1.522560069133760408e-06,-1.792789771570824087e-05,-3.056184368688263930e-06,-2.642037179612088948e-05,5.925478490098612383e-06,2.573339043010491878e-05,9.727535143611021340e-06,3.413025115150958300e-05
3.747619530258816667e-06,-1.587187762197572738e-05,6.224284879863262177e-05,1.841310295276343822e-04,2.816717023961246014e-04,3.369693295098841190e-04,2.894767967518419027e-04,2.030660252785310149e-04,9.212506847688928246e-05,1.182976575364591554e-05,-3.416526669752784073e-05,-5.793318996438756585e-05,-4.101703598280437291e-05,-2.915192453656345606e-05,-7.098117748682852834e-06,-2.001254688366316259e-05,4.525521944742649794e-06,1.120323486247798428e-05,7.246006589411990717e-06,1.879462979559320956e-05
2.483214530002442189e-06,-1.451737352908821777e-05,5.240092286840081215e-05,1.525504922028630972e-04,2.295919694006443024e-04,2.726752718444913626e-04,2.285632217535749078e-04,1.564983685966581106e-04,6.332672637654468417e-05,-2.053715434158220887e-06,-3.550355904735624790e-05,-5.436681021819822490e-05,-3.680910231196321547e-05,-2.519323061278555542e-05,-5.881819106434704736e-06,-1.756797064444981515e-05,4.498663656704593450e-06,8.830109436530619860e-06,6.311548531812150031e-06,1.580391835886985064e-05
1.080199581338092685e-05,7.365582064267073292e-07,2.031281765084713697e-04,7.512447191402316093e-04,1.343687064945697784e-03,1.728928880766034126e-03,1.736629521474242210e-03,1.481227111071348190e-03,1.102105481550097466e-03,7.104646647348999977e-04,3.949446254409849644e-04,1.722596789477393031e-04,5.938333924859762192e-05,-5.403854288488219026e-07,4.777242338604992256e-06,-2.591338488855399191e-05,1.146510112448595464e-05,3.481866951915435493e-05,1.031415831675985828e-05,5.182814129511825740e-05
5.320745458448072895e-06,-1.761699240887537599e-05,7.390428800135850906e-05,2.207547368016093969e-04,3.412755904719233513e-04,4.094086471013724804e-04,3.574108122847974300e-04,2.532127837184816599e-04,1.213103387271985412e-04,2.326471803826279938e-05,-3.688802826218307018e-05,-6.576689338544383645e-05,-4.793018524651415646e-05,-3.530416142893955112e-05,-8.831810191622935236e-06,-2.282876448589377105e-05,4.425381121109239757e-06,1.366793549095746130e-05,7.962638846947811544e-06,2.265508010168559849e-05
7.134471616154769436e-06,-3.011671878994093277e-06,1.392905978718772531e-04,5.047870799899101257e-04,8.950214833021163940e-04,1.148905139416456223e-03,1.143042580224573612e-03,9.706538985483348370e-04,7.133951294235885143e-04,4.545793344732373953e-04,2.500593836884945631e-04,1.050838909577578306e-04,3.555201328708790243e-05,-1.483914275013376027e-06,2.874967094612657093e-06,-2.148703788407146931e-05,7.982154784258455038e-06,2.541210233175661415e-05,8.814508873911108822e-06,3.490247399895451963e-05
1.855406480899546295e-05,-2.390735244262032211e-05,1.914605381898581982e-04,6.247040582820773125e-04,1.038036076352000237e-03,1.283564371988177299e-03,1.215295866131782532e-03,9.430362842977046967e-04,5.978363915346562862e-04,2.981604775413870811e-04,6.101420149207115173e-05,-5.330613203113898635e-05,-6.700283120153471828e-05,-6.757926894351840019e-05,-1.894968590931966901e-05,-4.521967275650240481e-05,3.383025614311918616e-06,4.074720709468238056e-05,1.328107009612722322e-05,5.585280450759455562e-05
1.839443939388729632e-06,-1.420310309185879305e-05,4.869203985435888171e-05,1.398950116708874702e-04,2.071879571303725243e-04,2.438716037431731820e-04,1.998692459892481565e-04,1.320800220128148794e-04,4.531185913947410882e-05,-1.440587311662966385e-05,-4.199008253635838628e-05,-5.798534766654483974e-05,-3.826862666755914688e-05,-2.567668161645997316e-05,-5.637875801767222583e-06,-1.639063702896237373e-05,4.590668140735942870e-06,7.433779046550625935e-06,5.601142220257315785e-06,1.477534260629909113e-05
3.735175141628133133e-06,-1.672072721703443676e-05,6.334202043944969773e-05,1.854920265031978488e-04,2.798566420096904039e-04,3.317520895507186651e-04,2.810263249557465315e-04,1.907352852867916226e-04,7.692162762396037579e-05,-3.936779194191331044e-06,-4.837685628444887698e-05,-6.981073238421231508e-05,-4.883252040599472821e-05,-3.375941378180868924e-05,-8.017054824449587613e-06,-1.997370964090805501e-05,4.745981186715653166e-06,1.023242384690092877e-05,6.862705959065351635e-06,1.952047568920534104e-05
2.356414597670664079e-06,-1.457810776628321037e-05,5.196259007789194584e-05,1.506516855442896485e-04,2.256553998449817300e-04,2.672124828677624464e-04,2.225862699560821056e-04,1.506846165284514427e-04,5.817618875880725682e-05,-6.387380835803924128e-06,-3.857773845084011555e-05,-5.667651930707506835e-05,-3.815863601630553603e-05,-2.592184318928048015e-05,-5.944725671724881977e-06,-1.738130049488972872e-05,4.540964710031403229e-06,8.438753866357728839e-06,6.105185093474574387e-06,1.572648579895030707e-05
1.230804809893015772e-05,-1.666052048676647246e-05,1.454542798455804586e-04,4.813211853615939617e-04,8.085948647931218147e-04,1.008148654364049435e-03,9.606931125745177269e-04,7.618579547852277756e-04,4.995581693947315216e-04,2.671091060619801283e-04,8.619475556770339608e-05,-1.198658628709381446e-05,-3.260276571381837130e-05,-3.995158840552903712e-05,-1.037217407429125160e-05,-3.371485581737942994e-05,4.172629815002437681e-06,3.068058867938816547e-05,1.088582121155923232e-05,4.073659874848090112e-05
1.723546847642865032e-05,-1.964843613677658141e-05,1.927255507325753570e-04,6.433313828893005848e-04,1.083773095160722733e-03,1.350315287709236145e-03,1.294300076551735401e-03,1.024596393108367920e-03,6.746387225575745106e-04,3.615457681007683277e-04,1.109221484512090683e-04,-1.918262751132715493e-05,-4.883602377958595753e-05,-5.768452683696523309e-05,-1.551511923025827855e-05,-4.167520091868937016e-05,4.242390332365175709e-06,3.986123556387610734e-05,1.231811438628938049e-05,5.451287142932415009e-05
1.344270003755809739e-05,-1.432548197044525295e-05,1.699454005574807525e-04,5.788225098513066769e-04,9.897960117086768150e-04,1.245012972503900528e-03,1.205992419272661209e-03,9.774508653208613396e-04,6.682057864964008331e-04,3.818192053586244583e-04,1.566411374369636178e-04,2.428360494377557188e-05,-1.697476363915484399e-05,-3.617063339333981276e-05,-8.332872312166728079e-06,-3.476005804259330034e-05,5.887830866413423792e-06,3.403720984351821244e-05,1.157690530817490071e-05,4.705832907347939909e-05
1.980592969630379230e-06,1.724642788758501410e-05,1.665130257606506348e-04,6.741364486515522003e-04,1.262554433196783066e-03,1.663754810579121113e-03,1.721189706586301327e-03,1.539209042675793171e-03,1.221058075316250324e-03,8.527963655069470406e-04,5.557459662668406963e-04,3.030498337466269732e-04,1.427722600055858493e-04,5.257239899947308004e-05,2.232029692095238715e-05,-7.630592335772234946e-06,1.554270784254185855e-05,2.332326948817353696e-05,7.001858648436609656e-06,3.633797314250841737e-05
1.074481770046986639e-05,-9.566270819050259888e-06,1.572189357830211520e-04,5.485743749886751175e-04,9.517541620880365372e-04,1.207136665470898151e-03,1.182105625048279762e-03,9.772463236004114151e-04,6.895465776324272156e-04,4.145308921579271555e-04,1.975419290829449892e-04,5.946463352302089334e-05,5.653668722516158596e-06,-2.108029366354458034e-05,-3.467333726803190075e-06,-2.915016193583142012e-05,6.786204266973072663e-06,3.049112638109363616e-05,1.038635036820778623e-05,4.173420165898278356e-05
1.276023704122053459e-05,4.846875071962131187e-06,2.427716972306370735e-04,9.088891674764454365e-04,1.630994025617837906e-03,2.099402947351336479e-03,2.118296222761273384e-03,1.808217144571244717e-03,1.351728686131536961e-03,8.762283832766115665e-04,4.836481239181011915e-04,2.131695218849927187e-04,7.027359970379620790e-05,-1.596014044480398297e-06,4.848527169087901711e-06,-2.662795304786413908e-05,1.261543548025656492e-05,4.060823266627267003e-05,9.675335604697465897e-06,6.094507989473640919e-05
-4.188064849586226046e-06,7.773393735988065600e-05,-7.245764663821319118e-06,2.716450544539839029e-04,8.036707877181470394e-04,1.222066115587949753e-03,1.563907135277986526e-03,1.734439516440033913e-03,1.748199225403368473e-03,1.476582838222384453e-03,1.338628353551030159e-03,9.577414020895957947e-04,6.131695117801427841e-04,3.204964159522205591e-04,1.203783976961858571e-04,7.231736526591703296e-05,2.960380152217112482e-05,-3.057188951061107218e-05,1.681725188973359764e-05,2.424876583972945809e-06
3.022779856109991670e-05,-4.587375951814465225e-05,2.705354127101600170e-04,8.447501459158957005e-04,1.349373487755656242e-03,1.627279794774949551e-03,1.496783224865794182e-03,1.081690308637917042e-03,5.906945443712174892e-04,1.936181215569376945e-04,-1.119346634368412197e-04,-2.227022923761978745e-04,-1.860763732111081481e-04,-1.487482659285888076e-04,-4.185004581813700497e-05,-6.626153481192886829e-05,2.892211114158271812e-06,5.172516466700471938e-05,1.645568954700138420e-05,8.662817708682268858e-05
1.330994382442440838e-05,1.200488804897759110e-05,2.819800574798136950e-04,1.076858723536133766e-03,1.950696459971368313e-03,2.521722577512264252e-03,2.563135931268334389e-03,2.207094104960560799e-03,1.673141727223992348e-03,1.103146350942552090e-03,6.296387873589992523e-04,2.938437683042138815e-04,1.065222531906329095e-04,1.113982762035448104e-05,1.007883474812842906e-05,-2.506847158656455576e-05,1.597263508301693946e-05,4.479604831431061029e-05,9.575203876011073589e-06,6.963227497180923820e-05
9.046681043400894850e-06,-1.819410681491717696e-05,1.004801815724931657e-04,3.131490666419267654e-04,5.050579202361404896e-04,6.176385213620960712e-04,5.647694924846291542e-04,4.252327780704945326e-04,2.477991802152246237e-04,1.045292010530829430e-04,4.023427209176588804e-07,-4.964911931892856956e-05,-4.316513877711258829e-05,-3.735434438567608595e-05,-1.064925800164928660e-05,-2.915010918513871729e-05,3.178081215082784183e-06,2.241402580693829805e-05,9.855768439592793584e-06,2.955051786557305604e-05
1.101007001125253737e-05,-1.972485915757715702e-05,1.168232774944044650e-04,3.674310864880681038e-04,5.968731711618602276e-04,7.317170384339988232e-04,6.748616578988730907e-04,5.116022657603025436e-04,3.046919300686568022e-04,1.346829521935433149e-04,8.022440852073486894e-06,-5.224637789069674909e-05,-4.810752943740226328e-05,-4.308951974962837994e-05,-1.236025218531722203e-05,-3.268817090429365635e-05,3.110552597718196921e-06,2.610003139125183225e-05,1.074270312528824434e-05,3.442971137701533735e-05
4.547652224573539570e-06,1.666772186581511050e-05,1.941232476383447647e-04,7.723881280981004238e-04,1.432112767361104488e-03,1.876143272966146469e-03,1.931600389070808887e-03,1.708171097561717033e-03,1.338111353106796741e-03,9.200935601256787777e-04,5.787808331660926342e-04,3.045805788133293390e-04,1.359003363177180290e-04,4.359105150797404349e-05,1.963080831046681851e-05,-1.122673620557179675e-05,1.561104727443307638e-05,2.833477446984034032e-05,7.397916760965017602e-06,4.412477937876246870e-05
2.487773053871933371e-05,1.126232109527336434e-05,4.175168578512966633e-04,1.567300874739885330e-03,2.804644173011183739e-03,3.597125411033630371e-03,3.634969936683773994e-03,3.078444628044962883e-03,2.288034884259104729e-03,1.467491034418344498e-03,7.721371366642415524e-04,3.213537856936454773e-04,8.429236186202615499e-05,-2.641012542881071568e-05,-6.407998967006278690e-07,-4.072432784596458077e-05,1.746785346767865121e-05,6.833802035544067621e-05,1.123273432312998921e-05,1.071353108272887766e-04
1.494919433753238991e-05,-2.746182690316345543e-05,1.480355713283643126e-04,4.575382336042821407e-04,7.285789470188319683e-04,8.809639839455485344e-04,8.021914982236921787e-04,5.837708595208823681e-04,3.177225007675588131e-04,1.055308603099547327e-04,-4.936751429340802133e-05,-1.122273824876174331e-04,-9.154528379440307617e-05,-7.356001879088580608e-05,-2.009424133575521410e-05,-3.965217183576896787e-05,3.570007265807362273e-06,2.934493932116311044e-05,1.171889562101569027e-05,4.633140633814036846e-05
4.473494755075080320e-06,-1.821083424147218466e-05,6.939953163964673877e-05,2.030180621659383178e-04,3.054108237847685814e-04,3.606554819270968437e-04,3.056084387935698032e-04,2.045271830866113305e-04,7.914289744803681970e-05,-1.002624776447191834e-05,-5.979472916806116700e-05,-8.178275311365723610e-05,-5.754704761784523726e-05,-3.980371184297837317e-05,-9.484734619036316872e-06,-2.123675767506938428e-05,4.886006081505911425e-06,1.070499456545803696e-05,6.980123998800991103e-06,2.182291791541501880e-05
6.633454177062958479e-06,-9.059593139681965113e-06,1.092840539058670402e-04,3.755885991267859936e-04,6.480113952420651913e-04,8.222665637731552124e-04,7.976893102750182152e-04,6.603961810469627380e-04,4.625521833077073097e-04,2.767613914329558611e-04,1.364048075629398227e-04,4.147321669734083116e-05,7.337736860790755600e-06,-1.125763810705393553e-05,-1.128643816628027707e-06,-2.312625474587548524e-05,5.864039849257096648e-06,2.190811756008770317e-05,9.121452421823050827e-06,2.858170410036109388e-05
9.156822670775000006e-06,-8.883010195859242231e-06,1.398128079017624259e-04,4.871951241511851549e-04,8.445622515864670277e-04,1.071461476385593414e-03,1.047643250785768032e-03,8.668229565955698490e-04,6.113352719694375992e-04,3.679923247545957565e-04,1.768281508702784777e-04,5.396739652496762574e-05,6.181919616210507229e-06,-1.751318268361501396e-05,-2.718831865422544070e-06,-2.642627805471420288e-05,6.289124030445236713e-06,2.731971653702203184e-05,9.596399650035891682e-06,3.668929275590926409e-05
3.352908834131085314e-06,-7.240140348585555330e-06,7.742728485027328134e-05,2.659251622390002012e-04,4.600232932716608047e-04,5.871254834346473217e-04,5.671582766808569431e-04,4.762166936416178942e-04,3.371725906617939472e-04,2.067684399662539363e-04,1.132541292463429272e-04,4.156701470492407680e-05,1.496130880696000531e-05,-9.717888360682991333e-07,1.655603909966885112e-06,-1.773146868799813092e-05,5.660500391968525946e-06,1.568931475048884749e-05,7.885919330874457955e-06,1.925082506204489619e-05
-2.549086457293014973e-05,7.182881381595507264e-05,5.974501618766225874e-05,4.743033787235617638e-04,1.098924898542463779e-03,1.584817306138575077e-03,1.814061659388244152e-03,1.861527212895452976e-03,1.717388397082686424e-03,1.393300946801900864e-03,1.147908042185008526e-03,7.687215111218392849e-04,4.471654247026890516e-04,2.358355268370360136e-04,8.479661482851952314e-05,5.049804531154222786e-05,3.391491554793901742e-05,-1.509872890892438591e-05,-1.692536670816480182e-06,-4.100349997315788642e-06
1.829033135436475277e-05,-1.979788976314011961e-05,2.047627203864976764e-04,6.867198972031474113e-04,1.159884734079241753e-03,1.446743262931704521e-03,1.390641904436051846e-03,1.103905262425541878e-03,7.314525428228080273e-04,3.957739390898495913e-04,1.262500154552981257e-04,-1.486977271270006895e-05,-4.915940735372714698e-05,-6.021352237439714372e-05,-1.614335633348673582e-05,-4.324486144469119608e-05,4.556335625238716602e-06,4.191599509795196354e-05,1.268737651116680354e-05,5.804453394375741482e-05
-1.622542185941711068e-05,7.209473551483824849e-05,-3.136909981549251825e-06,2.607081260066479445e-04,7.218897808343172073e-04,1.087554381228983402e-03,1.347693614661693573e-03,1.463408814743161201e-03,1.439861953258514404e-03,1.212910632602870464e-03,1.067555742338299751e-03,7.513823220506310463e-04,4.683711449615657330e-04,2.478407404851168394e-04,8.954645454650744796e-05,5.997515472699888051e-05,2.941145976365078241e-05,-2.587456401670351624e-05,4.333242031862027943e-07,-8.118286132230423391e-06
2.775772145469090901e-06,-1.527759013697504997e-05,5.579642675002105534e-05,1.621280825929716229e-04,2.432482287986204028e-04,2.880299871321767569e-04,2.410537854302674532e-04,1.628175814403221011e-04,6.307969306362792850e-05,-6.976390523050213233e-06,-4.291422737878747284e-05,-6.196967297000810504e-05,-4.232735955156385899e-05,-2.889676943595986813e-05,-6.625186415476491675e-06,-1.822031299525406212e-05,4.623449058271944523e-06,8.899421118258032948e-06,6.314763595582917333e-06,1.697793595667462796e-05
-5.911378593737026677e-06,2.221277463831938803e-05,9.202253568219020963e-05,4.196334630250930786e-04,8.326833485625684261e-04,1.131335971876978874e-03,1.203595544211566448e-03,1.135345199145376682e-03,9.554212447255849838e-04,7.128373254090547562e-04,5.259102326817810535e-04,3.210546565242111683e-04,1.729280629660934210e-04,8.285771764349192381e-05,3.151430792058818042e-05,4.979125151294283569e-06,1.577556759002618492e-05,8.840123882691841573e-06,5.076548859506146982e-06,1.455468009226024151e-05
8.656984959998226259e-07,4.650079517887206748e-06,9.782272536540403962e-05,3.806418681051582098e-04,7.034608861431479454e-04,9.250078001059591770e-04,9.427074692212045193e-04,8.407388813793659210e-04,6.580867338925600052e-04,4.550471785478293896e-04,3.001629956997931004e-04,1.612145424587652087e-04,7.901385106379166245e-05,3.031546111742500216e-05,1.310142397414892912e-05,-1.031288593367207795e-05,9.963114280253648758e-06,1.555824928800575435e-05,7.137787179090082645e-06,2.126768231391906738e-05
-7.865010047680698335e-06,4.664514563046395779e-05,1.750046794768422842e-04,8.057003724388778210e-04,1.593351829797029495e-03,2.152425702661275864e-03,2.300407970324158669e-03,2.146594692021608353e-03,1.798272714950144291e-03,1.330292085185647011e-03,9.491117089055478573e-04,5.713486461900174618e-04,2.946755848824977875e-04,1.343277544947341084e-04,5.115040403325110674e-05,1.605957368155941367e-05,2.538812441343907267e-05,1.499927111581200734e-05,3.494978727758280002e-06,3.014457070094067603e-05
3.100754838669672608e-06,-1.355175754724768922e-06,9.916077397065237164e-05,3.650943399406969547e-04,6.558464956469833851e-04,8.505448349751532078e-04,8.497425005771219730e-04,7.376997382380068302e-04,5.553716910071671009e-04,3.668582648970186710e-04,2.242230548290535808e-04,1.078767236322164536e-04,4.802483090315945446e-05,1.309699655394069850e-05,7.130023732315748930e-06,-1.548844920762348920e-05,8.066142981988377869e-06,1.775263444869779050e-05,7.926789294288028032e-06,2.335951830900739878e-05
2.813985020111431368e-06,-1.550540582684334368e-05,5.657927249558269978e-05,1.641139533603563905e-04,2.457087102811783552e-04,2.905047731474041939e-04,2.425805578241124749e-04,1.627534511499106884e-04,6.144967483123764396e-05,-9.617374416848178953e-06,-4.580547465593554080e-05,-6.468879291787743568e-05,-4.418967000674456358e-05,-3.009932333952747285e-05,-6.840683909103972837e-06,-1.835294824559241533e-05,4.683070073951967061e-06,8.801314834272488952e-06,6.262276656343601644e-06,1.727108428895007819e-05
2.244142888230271637e-05,-2.412664071016479284e-05,2.363336243433877826e-04,7.868825341574847698e-04,1.321121002547442913e-03,1.640628208406269550e-03,1.571516622789204121e-03,1.233630115166306496e-03,8.037085644900798798e-04,4.208842001389712095e-04,1.103128161048516631e-04,-4.239404006511904299e-05,-7.314618414966389537e-05,-7.937048940220847726e-05,-2.220286478404887021e-05,-5.051828702562488616e-05,3.776514404307818040e-06,4.876432649325579405e-05,1.389624230796471238e-05,6.811304047005251050e-05
1.039162452798336744e-05,-1.859207259258255363e-05,1.138681909651495516e-04,3.603712539188563824e-04,5.877174553461372852e-04,7.222493295557796955e-04,6.684794789180159569e-04,5.102933500893414021e-04,3.082056064158678055e-04,1.409214892191812396e-04,1.587535552971530706e-05,-4.526492557488381863e-05,-4.373996489448472857e-05,-4.015013109892606735e-05,-1.139173309638863429e-05,-3.134210419375449419e-05,3.194180180798866786e-06,2.530382698751054704e-05,1.035791228787275031e-05,3.316783113405108452e-05
3.782385419981437735e-06,-6.037364528310718015e-06,8.865415293257683516e-05,3.112185513600707054e-04,5.450379685498774052e-04,6.989417597651481628e-04,6.834137602709233761e-04,5.796421319246292114e-04,4.191490006633102894e-04,2.635892597027122974e-04,1.495429314672946930e-04,6.117852899478748441e-05,2.396756644884590060e-05,1.915966095111798495e-06,3.001414370373822749e-06,-1.814304232539143413e-05,6.543944891745923087e-06,1.725187030388042331e-05,8.262968549388460815e-06,2.194820081058423966e-05
1.005536614684388041e-05,-2.151536682504229248e-05,1.096400374080985785e-04,3.369874903000891209e-04,5.350772989913821220e-04,6.479309522546827793e-04,5.855999770574271679e-04,4.280340508557856083e-04,2.322238724445924163e-04,7.796328281983733177e-05,-3.079532689298503101e-05,-7.856803131289780140e-05,-6.304035923676565289e-05,-5.036450238549150527e-05,-1.358091594738652930e-05,-3.099785317317582667e-05,3.706294364747009240e-06,2.216435495938640088e-05,9.950823368853889406e-06,3.355589069542475045e-05
4.641264695237623528e-06,-1.306913509324658662e-05,6.897520506754517555e-05,2.154327230527997017e-04,3.492914547678083181e-04,4.310134972911328077e-04,3.922976611647754908e-04,3.030616790056228638e-04,1.823592319851741195e-04,8.506163430865854025e-05,1.888738734123762697e-05,-2.040922663582023233e-05,-1.911516665131784976e-05,-1.802702536224387586e-05,-4.796071152668446302e-06,-2.136031798727344722e-05,3.710308192239608616e-06,1.572714245412498713e-05,8.158480341080576181e-06,1.903927295643370599e-05
-7.273059509316226467e-06,1.533187787572387606e-05,1.295212678087409586e-05,1.146194845205172896e-04,2.710437693167477846e-04,3.969979588873684406e-04,4.555640916805714369e-04,4.835656436625868082e-04,4.534136387519538403e-04,3.758235543500632048e-04,3.328518941998481750e-04,2.274514554301276803e-04,1.443705841666087508e-04,7.766796625219285488e-05,2.894034150813240558e-05,1.056754445016849786e-05,1.114766655518906191e-05,-3.711744966494734399e-06,4.938520760333631188e-06,-1.326232677456573583e-06
2.585982292657718062e-05,-2.408918226137757301e-05,2.782469091471284628e-04,9.399898117408156395e-04,1.590745756402611732e-03,1.982766902074217796e-03,1.914438209496438503e-03,1.517154392786324024e-03,1.008177874609827995e-03,5.459304666146636009e-04,1.672459766268730164e-04,-2.479513568687252700e-05,-7.360919698840007186e-05,-8.753220026846975088e-05,-2.417376890662126243e-05,-5.530598718905821443e-05,4.818440174858551472e-06,5.586628685705363750e-05,1.481400977354496717e-05,7.978348003234714270e-05
2.009292438742704690e-05,-1.946997690538410097e-05,2.296268939971923828e-04,7.792459800839424133e-04,1.325630815699696541e-03,1.659426023252308369e-03,1.605616416782140732e-03,1.285976264625787735e-03,8.667859365232288837e-04,4.820276226382702589e-04,1.724727917462587357e-04,4.238282144797267392e-06,-4.341125168139114976e-05,-6.173600559122860432e-05,-1.603893360879737884e-05,-4.597569204634055495e-05,5.786029760201927274e-06,4.584999260259792209e-05,1.360426358587574214e-05,6.502270844066515565e-05
9.429458259546663612e-06,-1.644267467781901360e-05,1.126253118854947388e-04,3.629638813436031342e-04,6.006491021253168583e-04,7.446220261044800282e-04,6.973630515858530998e-04,5.449904710985720158e-04,3.443571913521736860e-04,1.731942757032811642e-04,4.519322465057484806e-05,-2.379391116846818477e-05,-3.097203807556070387e-05,-3.276932693552225828e-05,-8.711723239684943110e-06,-2.962472899525891989e-05,3.769722070501302369e-06,2.468778438924346119e-05,1.012406846712110564e-05,3.179452323820441961e-05
1.442351276637054980e-05,-1.644746407691854984e-05,1.712633529677987099e-04,5.756719037890434265e-04,9.750092867761850357e-04,1.219355035573244095e-03,1.172786345705389977e-03,9.372911881655454636e-04,6.262732786126434803e-04,3.447157214395701885e-04,1.212300558108836412e-04,-1.033814783113484737e-06,-3.302096956758759916e-05,-4.518457353697158396e-05,-1.164262448583031073e-05,-3.654821921372786164e-05,4.652918960346141830e-06,3.514703712426126003e-05,1.140716722147772089e-05,4.785879355040378869e-05
2.304452209500595927e-06,-1.474406599299982190e-05,5.218438309384509921e-05,1.507495471742004156e-04,2.247229858767241240e-04,2.652620314620435238e-04,2.196916320826858282e-04,1.467400434194132686e-04,5.359847273211926222e-05,-1.112716199713759124e-05,-4.272091609891504049e-05,-6.017685518600046635e-05,-4.043000808451324701e-05,-2.729303923842962831e-05,-6.151679826871259138e-06,-1.731272459437604994e-05,4.601542514137690887e-06,8.090279152384027839e-06,5.901477834413526580e-06,1.586983853485435247e-05
1.310759307671105489e-05,-1.167518621514318511e-05,1.759770093485713005e-04,6.093354313634335995e-04,1.050654100254178047e-03,1.326796715147793293e-03,1.295139198191463947e-03,1.059852540493011475e-03,7.377173169516026974e-04,4.337377322372049093e-04,1.909609127324074507e-04,4.507843914325349033e-05,-7.786793503328226507e-06,-3.206067049177363515e-05,-6.968345132918329909e-06,-3.304899655631743371e-05,6.304293947323458269e-06,3.444650428718887269e-05,1.090883688448229805e-05,4.757675924338400364e-05
-1.161587715614587069e-05,4.212985004414804280e-05,2.429102323731058277e-06,1.774105185177177191e-04,4.725650069303810596e-04,7.077287882566452026e-04,8.623881149105727673e-04,9.324006387032568455e-04,9.091565734706819057e-04,7.650692714378237724e-04,6.747978040948510170e-04,4.725726612377911806e-04,2.957675897050648928e-04,1.576225331518799067e-04,5.768600749433971941e-05,3.466014823061414063e-05,1.920820250234100968e-05,-1.469503331463783979e-05,2.021265800067340024e-06,-5.422318736236775294e-06
1.745013605614076369e-06,9.534848504699766636e-05,-7.317682047869311646e-06,3.313426277600228786e-04,9.964944329112768173e-04,1.518528326414525509e-03,1.961975824087858200e-03,2.183846430853009224e-03,2.218479057773947716e-03,1.871924730949103832e-03,1.703699817880988121e-03,1.222951454110443592e-03,7.897114264778792858e-04,4.092657763976603746e-04,1.537706993985921144e-04,9.103219781536608934e-05,3.317015944048762321e-05,-3.769213435589335859e-05,2.899673563661053777e-05,7.653065040358342230e-06
-8.007440555957145989e-06,3.527448279783129692e-05,1.305860205320641398e-04,6.068918737582862377e-04,1.212812494486570358e-03,1.650050166063010693e-03,1.765920431353151798e-03,1.667072065174579620e-03,1.408417825587093830e-03,1.050825114361941814e-03,7.754569523967802525e-04,4.732476954814046621e-04,2.548012998886406422e-04,1.195458098663948476e-04,4.622112828656099737e-05,1.107646676246076822e-05,2.334458258701488376e-05,9.966366633307188749e-06,5.814550604554824531e-06,2.297275023011025041e-05
-2.193194450228475034e-05,6.190552085172384977e-05,6.606976239709183574e-05,4.596776270773261786e-04,1.037718611769378185e-03,1.483915140852332115e-03,1.680434448644518852e-03,1.705850940197706223e-03,1.556717674247920513e-03,1.251533278264105320e-03,1.015949877910315990e-03,6.735408096574246883e-04,3.866775077767670155e-04,2.036072983173653483e-04,7.291532529052346945e-05,4.139389056945219636e-05,2.894994395319372416e-05,-1.021794832922751084e-05,-1.212649408444121946e-06,-1.642375764276948757e-06
1.094224899134133011e-05,-2.024200875894166529e-05,1.155123463831841946e-04,3.612396831158548594e-04,5.832845345139503479e-04,7.125596166588366032e-04,6.539850146509706974e-04,4.909028066322207451e-04,2.860251697711646557e-04,1.197177625726908445e-04,-3.591195081753539853e-06,-6.026796836522407830e-05,-5.291318666422739625e-05,-4.555440318654291332e-05,-1.304161742154974490e-05,-3.246171399950981140e-05,3.053713044209871441e-06,2.545857751101721078e-05,1.052382503985427320e-05,3.432967787375673652e-05
5.966600838291924447e-06,1.451740104130294640e-06,1.460730709368363023e-04,5.452836048789322376e-04,9.831490460783243179e-04,1.272869179956614971e-03,1.281676115468144417e-03,1.107731135562062263e-03,8.358588675037026405e-04,5.504633300006389618e-04,3.254204057157039642e-04,1.538783981231972575e-04,6.292826583376154304e-05,1.222561240865616128e-05,7.955416549521032721e-06,-1.871151653176639229e-05,1.010620235319947824e-05,2.497070090612396598e-05,8.829735634208191186e-06,3.561847915989346802e-05
3.039241164515260607e-06,-1.204203817906090990e-05,5.320276613929308951e-05,1.622527197469025850e-04,2.586306945886462927e-04,3.176300087943673134e-04,2.821685338858515024e-04,2.159784198738634586e-04,1.243582810275256634e-04,5.385740223573520780e-05,1.022927608573809266e-05,-1.870304367912467569e-05,-1.408490425092168152e-05,-1.219544537889305502e-05,-3.479085535218473524e-06,-1.858886571426410228e-05,3.725073383975541219e-06,1.248794706043554470e-05,7.506081146857468411e-06,1.459005216020159423e-05
6.108118395786732435e-05,3.544928404153324664e-05,2.791121551126707345e-05,1.505718391854315996e-04,6.112482515163719654e-04,9.665778488852083683e-04,1.508963177911937237e-03,1.772931660525500774e-03,1.977247651666402817e-03,1.643598079681396484e-03,1.644189702346920967e-03,1.194055774249136448e-03,8.517868118360638618e-04,4.018053587060421705e-04,1.530469162389636040e-04,7.808733062120154500e-05,1.659309418755583465e-05,-3.060490780626423657e-05,1.307790516875684261e-04,5.531828355742618442e-05
3.521566213748883456e-06,-1.586897997185587883e-05,6.035691330907866359e-05,1.773203548509627581e-04,2.693076676223427057e-04,3.209998249076306820e-04,2.734577283263206482e-04,1.893225999083369970e-04,8.154145325534045696e-05,4.455632279132260010e-06,-3.818650293396785855e-05,-6.016892803017981350e-05,-4.200706825940869749e-05,-2.948101973743177950e-05,-7.078539056237787008e-06,-1.953522223629988730e-05,4.604302830557571724e-06,1.047537080012261868e-05,7.105752956704236567e-06,1.843547215685248375e-05
2.237189073639456183e-05,-3.406839823583140969e-05,2.064166910713538527e-04,6.478085415437817574e-04,1.042541814967989922e-03,1.264836406335234642e-03,1.167380600236356258e-03,8.585959440097212791e-04,4.864061484113335609e-04,1.827159721869975328e-04,-5.131630314281210303e-05,-1.430717529729008675e-04,-1.232720678672194481e-04,-1.020420604618266225e-04,-2.893552664318121970e-05,-5.225364657235331833e-05,2.658258836163440719e-06,4.207669917377643287e-05,1.422402237949427217e-05,6.442995072575286031e-05
3.030245534318964928e-05,-1.699953827483113855e-05,3.625343088060617447e-04,1.271137385629117489e-03,2.193677006289362907e-03,2.760887844488024712e-03,2.713862806558609009e-03,2.202724106609821320e-03,1.530631212517619133e-03,8.907804149203002453e-04,3.563841746654361486e-04,6.187773396959528327e-05,-4.702701698988676071e-05,-8.876807987689971924e-05,-2.312569995410740376e-05,-5.871295070392079651e-05,8.440621058980468661e-06,6.795627996325492859e-05,1.498524852650007233e-05,1.010530177154578269e-04
