-3.777112169700558297e-07,4.733212790597463027e-06,1.638996764086186886e-04,5.509465117938816547e-04,9.412302169948816299e-04,1.141785411164164543e-03,1.083469716832041740e-03,8.591155637986958027e-04,5.777459591627120972e-04,3.125571238342672586e-04,1.322307216469198465e-04,3.314055356895551085e-05,-7.001992798905121163e-06,-6.285665222094394267e-06,-8.179953283615759574e-07,-4.769067913912294898e-07,-1.085668714040366467e-06,1.484172997834320995e-07,3.006208260103448993e-07,2.884824823468079558e-07
-1.045058070303639397e-06,4.059928869537543505e-06,1.879072369774803519e-04,6.796836387366056442e-04,1.213004696182906628e-03,1.541655161418020725e-03,1.585027086548507214e-03,1.369222765788435936e-03,1.050379476509988308e-03,7.044766680337488651e-04,4.149960877839475870e-04,2.161845623049885035e-04,8.699225872987881303e-05,3.618123446358367801e-05,8.704028005013242364e-06,-7.848040013413992710e-07,1.712559537736524362e-06,-1.310614834437728859e-06,-3.701624109453405254e-07,1.830457208029656613e-08
-4.667673465519328602e-07,9.115333341469522566e-06,2.474454231560230255e-04,8.205877384170889854e-04,1.389078446663916111e-03,1.654230291023850441e-03,1.510580535978078842e-03,1.136895152740180492e-03,6.859477143734693527e-04,2.845902927219867706e-04,3.366154487594030797e-05,-8.481761324219405651e-05,-9.186041279463097453e-05,-6.548381497850641608e-05,-2.764923374343197793e-05,-8.239012458943761885e-06,-1.015225734590785578e-05,1.461923602619208395e-06,-8.664243864586751442e-07,2.343858341191662475e-06
7.783573323649761733e-07,2.347653207834810019e-06,5.889701787964440882e-05,1.700079301372170448e-04,2.655546704772859812e-04,2.915846707765012980e-04,2.331253635929897428e-04,1.524069812148809433e-04,7.930574065539985895e-05,2.266445881105028093e-05,6.176804163260385394e-06,9.033614333020523190e-06,5.219275408308021724e-06,2.211223181802779436e-05,1.796003562049008906e-05,7.232233201648341492e-06,4.793942935066297650e-06,-8.955266821430996060e-07,-6.311640277090191375e-07,-5.902994075768219773e-07
-2.458959897921886295e-06,-1.466729486310214270e-06,4.554626502795144916e-05,1.718933781376108527e-04,3.351042978465557098e-04,4.826827207580208778e-04,5.766854155808687210e-04,6.158710457384586334e-04,5.956887034699320793e-04,5.204667104408144951e-04,4.276471154298633337e-04,3.165763628203421831e-04,2.022318949457257986e-04,1.230792404385283589e-04,6.716274947393685579e-05,2.372408380324486643e-05,8.363610504602547735e-06,-4.485301872136915335e-07,1.866733441602264065e-06,2.056993253063410521e-06
-6.878641443108790554e-07,4.980338871973799542e-06,1.902186777442693710e-04,6.468383362516760826e-04,1.111980760470032692e-03,1.357203000225126743e-03,1.301096286624670029e-03,1.041786861605942249e-03,7.087129051797091961e-04,3.907897626049816608e-04,1.681046560406684875e-04,4.220566916046664119e-05,-8.368675480596721172e-06,-1.303764383919769898e-05,-5.658120244333986193e-06,-2.606685711725731380e-06,-2.303878318343777210e-06,1.264476736650976818e-07,5.111617724651296157e-07,6.791118494220427237e-07
-8.084375053840631153e-07,1.594293621565157082e-07,6.086499706725589931e-05,2.270044496981427073e-04,4.316922277212142944e-04,5.948265898041427135e-04,6.809154874645173550e-04,6.801746203564107418e-04,6.193228182382881641e-04,5.141065921634435654e-04,3.965980140492320061e-04,2.809690486174076796e-04,1.662767026573419571e-04,1.017623071675188839e-04,5.089257319923490286e-05,1.634337240830063820e-05,7.705355528742074966e-06,-2.069247329927748069e-06,1.383631229145976249e-06,1.367987465528130997e-06
4.025676503260910977e-07,1.556843130856577773e-06,6.146493979031220078e-05,1.926006225403398275e-04,3.192171570844948292e-04,3.813651273958384991e-04,3.615202149376273155e-04,2.932571514975279570e-04,2.197939757024869323e-04,1.473265147069469094e-04,1.016144960885867476e-04,7.470078708138316870e-05,4.213672582409344614e-05,4.079929931322112679e-05,2.461541771481279284e-05,7.892987014201935381e-06,6.802456027799053118e-06,-4.133382844884181395e-07,6.850261797808343545e-07,-1.313097868660406675e-06
1.421545050561690005e-07,5.452637196867726743e-06,1.476971810916438699e-04,4.809451638720929623e-04,8.071375777944922447e-04,9.567778324708342552e-04,8.703455096110701561e-04,6.565219955518841743e-04,4.059176717419177294e-04,1.827529049478471279e-04,4.718867785413749516e-05,-1.609586433914955705e-05,-2.990412394865415990e-05,-1.382514165015891194e-05,-1.557432256049651187e-06,1.882751234916213434e-07,-1.848783767854911275e-06,5.410763606050750241e-07,-3.127187255813623779e-07,4.993907509742712136e-07
-9.491857895227440167e-07,4.711924248113064095e-06,2.134722308255732059e-04,7.550896843895316124e-04,1.328589860349893570e-03,1.662722206674516201e-03,1.663388335146009922e-03,1.394924707710742950e-03,1.019041053950786591e-03,6.344686262309551239e-04,3.335204382892698050e-04,1.418076426489278674e-04,3.886251579388044775e-05,4.251767222740454599e-06,-4.223249561619013548e-06,-4.294007794669596478e-06,-1.766276227499474771e-06,-7.994090651664009783e-07,1.438389318764166092e-08,7.343577976826054510e-07
-1.263977992493892089e-06,5.612082077277591452e-06,2.316039608558639884e-04,8.005574345588684082e-04,1.388015458360314369e-03,1.708240946754813194e-03,1.659982255659997463e-03,1.346868113614618778e-03,9.322875994257628918e-04,5.294542061164975166e-04,2.367021224927157164e-04,6.489024963229894638e-05,-6.216354904609033838e-06,-2.109428714902605861e-05,-1.268452433578204364e-05,-5.738742856919998303e-06,-4.138310487178387120e-06,9.034019399223325308e-08,7.095976002347015310e-07,1.035337845678441226e-06
-3.461236701696179807e-06,8.173931746568996459e-06,1.462263026041910052e-04,4.623756103683263063e-04,7.554155890829861164e-04,8.663192274980247021e-04,7.356458809226751328e-04,5.064489087089896202e-04,2.534742816351354122e-04,4.718326090369373560e-05,-5.254459392745047808e-05,-8.365952817257493734e-05,-6.535377178806811571e-05,-2.763953307294286788e-05,-5.241151029622415081e-06,3.805133133027993608e-07,-4.213674856146099046e-06,-1.191257510413379350e-07,-2.365409045523847453e-06,2.771470342111115315e-08
4.960942305842763744e-07,2.986358367706998251e-06,7.131659367587417364e-05,2.130519278580322862e-04,3.399260749574750662e-04,3.818580589722841978e-04,3.189447452314198017e-04,2.193876280216500163e-04,1.224258448928594589e-04,4.385513966553844512e-05,1.141309166996506974e-05,5.696876542060635984e-06,1.130426198869827203e-06,1.787926521501503885e-05,1.588428131071850657e-05,6.344682788039790466e-06,4.067514510097680613e-06,-3.399266859105409821e-07,-3.340958016906370176e-07,-5.817163923893531319e-07
4.647985178962699138e-07,2.802383505695615895e-06,6.649648275924846530e-05,1.963266404345631599e-04,3.106647345703095198e-04,3.457311540842056274e-04,2.837688371073454618e-04,1.912039151648059487e-04,1.038313494063913822e-04,3.444564572419039905e-05,9.004563253256492317e-06,7.202454526122892275e-06,2.992851705130306073e-06,2.007227158173918724e-05,1.709283424133900553e-05,6.798529739171499386e-06,4.511480710789328441e-06,-5.052437472841120325e-07,-3.345352013184310636e-07,-7.116170195331505965e-07
-4.849318315791606437e-07,6.722302259731804952e-06,2.005684218602254987e-04,6.684485706500709057e-04,1.135680940933525562e-03,1.363125513307750225e-03,1.266324194148182869e-03,9.764014976099133492e-04,6.218935013748705387e-04,2.984721213579177856e-04,8.893414633348584175e-05,-1.758773396431934088e-05,-4.308144343667663634e-05,-3.071834362344816327e-05,-1.164605055237188935e-05,-3.517632876537390985e-06,-4.817615263164043427e-06,7.781058002365170978e-07,-1.640628966015356127e-07,1.152888216893188655e-06
1.677418453027712530e-07,2.546225914556998760e-06,8.586505282437428832e-05,2.767124969977885485e-04,4.636925004888325930e-04,5.557343247346580029e-04,5.227428628131747246e-04,4.156304057687520981e-04,2.921158738899976015e-04,1.749777875375002623e-04,1.000053453026339412e-04,5.864014019607566297e-05,2.706922168727032840e-05,2.825684168783482164e-05,1.819666249502915889e-05,6.038833817001432180e-06,4.712755071523133665e-06,-1.922328891623692471e-07,5.247993044577015098e-07,-9.819320894166594371e-07
-4.298316298445570283e-07,4.133026322961086407e-06,7.892146095400676131e-05,2.375338081037625670e-04,3.789974725805222988e-04,4.241742717567831278e-04,3.489961964078247547e-04,2.338975027669221163e-04,1.188729729619808495e-04,2.777049849100876600e-05,-7.978788744367193431e-06,-1.309892741119256243e-05,-1.108575816033408046e-05,1.066311688191490248e-05,1.233657349075656384e-05,5.919007435295497999e-06,2.458783001202391461e-06,-6.061169983695435803e-07,-1.021077764562505763e-06,-5.258820010567433201e-07
3.006712631759000942e-06,5.085872999188723043e-06,1.313527754973620176e-04,5.198456346988677979e-04,9.795394726097583771e-04,1.335969194769859314e-03,1.496998243965208530e-03,1.443327870219945908e-03,1.264750142581760883e-03,9.990986436605453491e-04,7.292276131920516491e-04,4.792170366272330284e-04,2.677377196960151196e-04,1.501283259131014347e-04,6.584040238521993160e-05,2.010020398302003741e-05,9.381430572830140591e-06,-4.824756274501851294e-07,-6.889530368425766937e-07,-1.052969423653848935e-06
-7.165354531935008708e-07,3.460288326095906086e-06,1.388166274409741163e-04,4.815383290406316519e-04,8.400933002121746540e-04,1.045256736688315868e-03,1.041470444761216640e-03,8.740319171920418739e-04,6.500810850411653519e-04,4.191813641227781773e-04,2.420958189759403467e-04,1.272545341635122895e-04,5.235268690739758313e-05,3.110921170446090400e-05,1.397292544424999505e-05,3.235148824387579225e-06,3.249168685215408914e-06,-4.860606850343174301e-07,3.216789252746821148e-07,-6.290637202255311422e-07
-1.904275279684952693e-07,5.319060619513038546e-06,1.130514574469998479e-04,3.541422775015234947e-04,5.794515018351376057e-04,6.668522837571799755e-04,5.749228876084089279e-04,4.061269864905625582e-04,2.233682898804545403e-04,7.066840771585702896e-05,-6.626563845202326775e-06,-3.283210025983862579e-05,-2.978181328217033297e-05,-5.988496013742405921e-06,4.275344508641865104e-06,2.803100642267963849e-06,-3.228526281873200787e-07,-3.459813413542178751e-08,-6.013719371367187705e-07,2.411872230823064456e-07
-2.605726763249549549e-07,4.822102710022591054e-06,1.517375349067151546e-04,5.043306737206876278e-04,8.562947623431682587e-04,1.031419611535966396e-03,9.671519510447978973e-04,7.572242757305502892e-04,5.007699364796280861e-04,2.627310750540345907e-04,1.063911913661286235e-04,2.352895171497948468e-05,-8.748094842303544283e-06,-3.400652531126979738e-06,1.764751004884601571e-06,7.647101938346168026e-07,-5.283945370138098951e-07,2.712939703997108154e-07,1.793173254327484756e-07,1.143485803822841262e-07
4.296449276353087043e-07,4.614545105141587555e-06,1.173633791040629148e-04,3.717733779922127724e-04,6.152674905024468899e-04,7.181484834291040897e-04,6.373723736032843590e-04,4.676958487834781408e-04,2.791485749185085297e-04,1.158035884145647287e-04,2.461348412907682359e-05,-1.281791264773346484e-05,-1.991440331039484590e-05,-2.035666739175212570e-06,5.357293503038818017e-06,2.492512066964991391e-06,2.670734886578429723e-07,4.611931956333137350e-07,-2.484901528987393249e-07,1.600773487098194892e-07
2.632354835441219620e-06,1.647623435019340832e-06,3.612106957007199526e-05,9.421681897947564721e-05,1.336128480033949018e-04,1.373563718516379595e-04,9.196730388794094324e-05,4.839709436055272818e-05,1.929191967064980417e-05,-1.879195394849375589e-07,9.531251635053195059e-06,2.196087552874814719e-05,1.707988485577516258e-05,3.045825542358215898e-05,2.175388181058224291e-05,9.230248906533233821e-06,5.711232915928121656e-06,-1.524290723864396568e-06,-1.223481490342237521e-06,-1.062054820977209602e-06
3.870528644256410189e-07,2.003812824113992974e-06,6.962978659430518746e-05,2.199110167566686869e-04,3.649892751127481461e-04,4.349582013674080372e-04,4.076221666764467955e-04,3.248722932767122984e-04,2.332493168069049716e-04,1.459640770917758346e-04,9.178728214465081692e-05,6.205150566529482603e-05,3.262410973547957838e-05,3.375557571416720748e-05,2.120079989254008979e-05,6.978610599617240950e-06,5.702676844521192834e-06,-3.224402291834849166e-07,5.175043611416185740e-07,-1.156342932517873123e-06
6.224288426892599091e-07,3.108982582489261404e-06,8.114388037938624620e-05,2.498084213584661484e-04,4.077259509358555079e-04,4.713209928013384342e-04,4.148785665165632963e-04,3.043472534045577049e-04,1.883828808786347508e-04,8.828882710076868534e-05,3.619915878516621888e-05,1.631604936846997589e-05,4.773169621330453083e-06,1.716436599963344634e-05,1.462781256122980267e-05,5.262795639282558113e-06,3.380356474735890515e-06,9.914514009778940817e-08,4.151022992004982370e-08,-5.122716402183868922e-07
5.002346483706787694e-07,2.061227178273838945e-06,6.528966332552954555e-05,1.986640563700348139e-04,3.230199799872934818e-04,3.746371658053249121e-04,3.361591661814600229e-04,2.549176570028066635e-04,1.742709864629432559e-04,1.017590475385077298e-04,6.404769374057650566e-05,4.730485306936316192e-05,2.684578066691756248e-05,3.303724224679172039e-05,2.219560519733931869e-05,7.329767868213821203e-06,5.928242899244651198e-06,-1.038641244122118223e-07,6.272334758250508457e-07,-1.064277284967829473e-06
-3.685337901515595149e-07,3.106990106971352361e-06,1.339373266091570258e-04,4.694033414125442505e-04,8.243338670581579208e-04,1.034220447763800621e-03,1.043705502524971962e-03,8.883852860890328884e-04,6.728635635226964951e-04,4.452331631910055876e-04,2.641739265527576208e-04,1.435781450709328055e-04,6.076374120311811566e-05,3.459916115389205515e-05,1.455474102840526029e-05,2.986965228046756238e-06,3.494379143376136199e-06,-8.846526498018647544e-07,-3.565020501028470790e-09,-5.129972464601451065e-07
3.132334711608564248e-07,3.874925823765806854e-06,1.064414391294121742e-04,3.395867825020104647e-04,5.646299105137586594e-04,6.651212461292743683e-04,6.023238529451191425e-04,4.548094293568283319e-04,2.887088921852409840e-04,1.407212839694693685e-04,5.406508353189565241e-05,1.418147621734533459e-05,-2.463060582158504985e-06,9.010815119836479425e-06,9.934401532518677413e-06,3.748712288142996840e-06,1.856659423538076226e-06,2.196374850882421015e-07,3.899060274648036284e-08,-2.924922171132493531e-07
3.359866980190417962e-07,2.171578216803027317e-06,6.923035107320174575e-05,2.445495920255780220e-04,4.388937377370893955e-04,5.671295220963656902e-04,6.042127497494220734e-04,5.532444338314235210e-04,4.707079497165977955e-04,3.642487281467765570e-04,2.683148486539721489e-04,1.869029947556555271e-04,1.055159664247184992e-04,7.396307046292349696e-05,3.677326458273455501e-05,1.072160648618591949e-05,8.012031685211695731e-06,-1.108769424718047958e-06,5.119275670040224213e-07,-9.818592161536798812e-07
3.640460363385500386e-06,7.013233698671683669e-06,1.663932634983211756e-04,6.522422190755605698e-04,1.215645927004516125e-03,1.638738089241087437e-03,1.809178036637604237e-03,1.709510223008692265e-03,1.462302636355161667e-03,1.122730784118175507e-03,7.900749333202838898e-04,5.000976379960775375e-04,2.661615435499697924e-04,1.406378578394651413e-04,5.717722888221032917e-05,1.668690674705430865e-05,9.224391760653816164e-06,-6.490699888672679663e-07,-1.790102601262333337e-06,-2.238134356957743876e-06
-1.479982927321543684e-07,4.032292054034769535e-06,8.010216697584837675e-05,2.420047821942716837e-04,3.873698587995022535e-04,4.353327676653862000e-04,3.613923036027699709e-04,2.453489869367331266e-04,1.285800826735794544e-04,3.516343349474482238e-05,-3.404827111808117479e-06,-1.053006781148724258e-05,-9.749753189680632204e-06,1.099241308111231774e-05,1.249568231287412345e-05,5.782414973509730771e-06,2.560339908086461946e-06,-4.523568293279822683e-07,-7.592714155180146918e-07,-4.575758225655590650e-07
1.169834931147306634e-07,6.438242053263820708e-06,1.635837979847565293e-04,5.309422267600893974e-04,8.888325537554919720e-04,1.047878875397145748e-03,9.418811532668769360e-04,6.982872728258371353e-04,4.155065980739891529e-04,1.678337575867772102e-04,2.139924436050932854e-05,-4.315560727263800800e-05,-4.844224895350635052e-05,-2.595149999251589179e-05,-6.826097887824289501e-06,-1.226444510393776000e-06,-3.689975756060448475e-06,8.637434234515239950e-07,-5.769474000771879219e-07,8.839942893246188760e-07
2.710756064061570214e-07,2.627991534609463997e-06,9.892979142023250461e-05,3.864583850372582674e-04,7.343433098867535591e-04,1.004139776341617107e-03,1.135981176048517227e-03,1.109111472032964230e-03,9.891017107293009758e-04,8.000391535460948944e-04,5.999862914904952049e-04,4.081483639311045408e-04,2.364242827752605081e-04,1.392833655700087547e-04,6.394735828507691622e-05,2.025856701948214322e-05,9.097179827222134918e-06,-1.147771286014176439e-06,1.338599076916580088e-06,6.277736019910662435e-07
-9.767300070961937308e-07,4.909155904897488654e-06,2.250101679237559438e-04,8.288908284157514572e-04,1.494901371188461781e-03,1.917906105518341064e-03,1.996510894969105721e-03,1.745556248351931572e-03,1.353323110379278660e-03,9.189973934553563595e-04,5.433922051452100277e-04,2.800959628075361252e-04,1.111514866352081299e-04,3.761882180697284639e-05,3.662027438622317277e-06,-3.974450009991414845e-06,2.174838265034395590e-08,-1.946086058524088003e-06,-4.190145261873112759e-07,6.922088573446671944e-07
8.455375564153655432e-07,2.267870513605885208e-06,5.237744699115864933e-05,1.461451611248776317e-04,2.216109860455617309e-04,2.357810153625905514e-04,1.745690387906506658e-04,1.017739632516168058e-04,3.961956099374219775e-05,-4.771251951751764864e-06,-8.270872058346867561e-06,2.246826397822587751e-06,2.329354401808814146e-06,2.195472188759595156e-05,1.788391091395169497e-05,8.244804121204651892e-06,4.889654064754722640e-06,-1.428019572813354898e-06,-1.642976144466956612e-06,-5.452215532386617269e-07
-2.025401784067071276e-07,3.732601498995791189e-06,7.376986468443647027e-05,2.197193971369415522e-04,3.486186906229704618e-04,3.878467832691967487e-04,3.161271160934120417e-04,2.096658863592892885e-04,1.061034345184452832e-04,2.479098657204303890e-05,-4.823613835469586775e-06,-7.073637789289932698e-06,-6.473532721429364756e-06,1.438685649191029370e-05,1.428743598808068782e-05,6.484106506832176819e-06,3.225337195544852875e-06,-7.302872973014018498e-07,-8.544046750103007071e-07,-5.753292384724773001e-07
1.537378011562395841e-07,4.342120973888086155e-06,1.210786649608053267e-04,3.908552462235093117e-04,6.537400186061859131e-04,7.743200985714793205e-04,7.066100370138883591e-04,5.372928571887314320e-04,3.423674788791686296e-04,1.673145452514290810e-04,6.169259722810238600e-05,1.125736707763280720e-05,-7.492112217732938007e-06,4.004904894827632234e-06,7.205072506621945649e-06,2.885017920561949722e-06,9.719226454762974754e-07,3.309003773210861254e-07,3.747912202811676252e-08,-1.122677915077474609e-07
-3.456407057456090115e-06,-1.805085787509597139e-07,1.267261686734855175e-04,5.328489933162927628e-04,1.068589393980801105e-03,1.593587105162441730e-03,1.917149056680500507e-03,2.074250252917408943e-03,2.005802467465400696e-03,1.740305451676249504e-03,1.423340174369513988e-03,1.018831855617463589e-03,6.529731908813118935e-04,3.728310111910104752e-04,2.050926850643008947e-04,7.832597475498914719e-05,1.793080627976451069e-05,4.228596026223385707e-06,5.457407041831174865e-07,3.603721779654733837e-06
2.104528533664051793e-07,4.318597802921431139e-06,1.198764584842137992e-04,3.858794516418129206e-04,6.445153267122805119e-04,7.621516124345362186e-04,6.934644188731908798e-04,5.254930583760142326e-04,3.328834718558937311e-04,1.606038713362067938e-04,5.747672912548296154e-05,8.956551937444601208e-06,-8.504039215040393174e-06,3.612392902141436934e-06,7.167313015088438988e-06,2.879155772461672314e-06,9.684283668320858851e-07,3.152599390432442306e-07,2.706913804217947472e-09,-4.983022350302235282e-08
-3.892737083788233576e-07,3.372191258677048609e-06,1.354384003207087517e-04,4.649019392672926188e-04,8.058201055973768234e-04,9.968172525987029076e-04,9.820469422265887260e-04,8.147394983097910881e-04,5.942087154835462570e-04,3.718224179465323687e-04,2.060180122498422861e-04,1.024042503559030592e-04,3.822425424004904926e-05,2.319093255209736526e-05,1.131226417783182114e-05,2.668323304533259943e-06,2.608646127555402927e-06,-4.780356448463862762e-07,3.286735079655045411e-07,-4.507299422584765125e-07
2.012738377743517049e-06,2.036221303569618613e-06,4.431571869645267725e-05,1.189010727102868259e-04,1.744085020618513227e-04,1.817835727706551552e-04,1.261977595277130604e-04,6.740212120348587632e-05,2.206338831456378102e-05,-8.568531484343111515e-06,-3.627199021138949320e-06,9.878272976493462920e-06,8.462469850201159716e-06,2.588510506029706448e-05,2.008915362239349633e-05,9.579574907547794282e-06,5.447344392450759187e-06,-1.634195541555527598e-06,-1.686022073954518419e-06,-7.155210255405108910e-07
5.000324563297908753e-07,4.172066837782040238e-06,1.044111850205808878e-04,3.268834261689335108e-04,5.377861671149730682e-04,6.240425864234566689e-04,5.493427743203938007e-04,3.998664033133536577e-04,2.377428318141028285e-04,9.842373401625081897e-05,2.348847010580357164e-05,-5.615272129944059998e-06,-1.256779614777769893e-05,4.474470188142731786e-06,8.729024557396769524e-06,3.559136303010745905e-06,1.354527057628729381e-06,3.950754319248517277e-07,-1.514372485189596773e-07,-6.462086332703620428e-08
-6.994920909164648037e-07,8.356362741324119270e-06,2.493713109288364649e-04,8.345791720785200596e-04,1.420751097612082958e-03,1.705257338471710682e-03,1.581568620167672634e-03,1.213896553963422775e-03,7.612546905875205994e-04,3.501407627481967211e-04,8.311141573358327150e-05,-5.112306098453700542e-05,-7.346552592935040593e-05,-5.671814869856461883e-05,-2.488907193765044212e-05,-7.960507900861557573e-06,-8.918080311559606344e-06,1.180021058644342702e-06,-4.096943371223460417e-07,2.191399062212440185e-06
-1.574470758214374655e-07,3.177209691784810275e-06,1.169681636383756995e-04,4.224287113174796104e-04,7.577105425298213959e-04,9.717940120026469231e-04,1.016187132336199284e-03,9.004266466945409775e-04,7.215075311250984669e-04,5.153929232619702816e-04,3.357325331307947636e-04,2.033690689131617546e-04,9.862814476946368814e-05,5.763027729699388146e-05,2.353410854993853718e-05,5.529954250960145146e-06,5.457662609842373058e-06,-1.368602738693880383e-06,1.919385113069438376e-07,-1.028199903885251842e-06
9.341244577854013187e-08,3.526027057887404226e-06,1.136874852818436921e-04,3.730582247953861952e-04,6.297727231867611408e-04,7.569543668068945408e-04,7.098641945049166679e-04,5.586919141933321953e-04,3.775600052904337645e-04,2.084233710775151849e-04,9.859899000730365515e-05,3.994294456788338721e-05,9.137791494140401483e-06,1.268725463887676597e-05,1.018751845549559221e-05,3.488806214591022581e-06,2.155315314666950144e-06,-3.708430540427798405e-08,2.733383439590397757e-07,-4.548703316231694771e-07
-3.051253315788926557e-06,-1.904963369270262774e-06,4.616269143298268318e-05,1.793757546693086624e-04,3.550942346919327974e-04,5.228741792961955070e-04,6.349359755404293537e-04,6.940816529095172882e-04,6.836036336608231068e-04,6.051778909750282764e-04,5.054175853729248047e-04,3.757964586839079857e-04,2.448966260999441147e-04,1.474787568440660834e-04,8.176113624358549714e-05,2.969580236822366714e-05,9.323924132331740111e-06,6.040618245606310666e-07,2.126849949490861036e-06,2.176321459046448581e-06
2.072916203132990631e-07,5.629307906929170713e-06,1.476996985729783773e-04,4.773389082401990891e-04,7.979895453900098801e-04,9.407185134477913380e-04,8.471556357108056545e-04,6.308607989922165871e-04,3.811375645454972982e-04,1.615120418136939406e-04,3.174658922944217920e-05,-2.602156200737226754e-05,-3.481025123619474471e-05,-1.567911203892435879e-05,-1.814102688513230532e-06,2.131197476273882785e-07,-2.031202257057884708e-06,6.585762548638740554e-07,-3.839999180854647420e-07,6.479626222244405653e-07
5.147442720954131801e-07,4.558324235404143110e-06,1.107104108086787164e-04,3.468494978733360767e-04,5.703475908376276493e-04,6.605313392356038094e-04,5.780681967735290527e-04,4.167735751252621412e-04,2.413767360849305987e-04,9.190210403176024556e-05,1.231094847753411159e-05,-1.743055508995894343e-05,-2.068804496957454830e-05,-1.084783320948190521e-06,6.229478913155617192e-06,2.889979214160121046e-06,4.777959361490502488e-07,4.516313936164806364e-07,-3.292215922101604519e-07,1.641389388851166586e-07
7.665457246730511542e-08,5.388512818171875551e-06,1.488999114371836185e-04,4.855254373978823423e-04,8.156974217854440212e-04,9.683171520009636879e-04,8.836686611175537109e-04,6.693374598398804665e-04,4.175401991233229637e-04,1.922689407365396619e-04,5.439303640741854906e-05,-1.101992711483035237e-05,-2.695417424547486007e-05,-1.200589576910715550e-05,-7.490218649763846770e-07,3.849057463867211482e-07,-1.590311171639768872e-06,5.335048172128153965e-07,-2.227273370181137579e-07,4.812716269952943549e-07
-9.172521799882815685e-07,4.491991603572387248e-06,1.938958594109863043e-04,6.806454621255397797e-04,1.192768453620374203e-03,1.487269066274166107e-03,1.480269595049321651e-03,1.235816860571503639e-03,8.997130789794027805e-04,5.580611759796738625e-04,2.947137400042265654e-04,1.281970617128536105e-04,3.734802157850936055e-05,9.305524145020172000e-06,2.615803111893910682e-07,-2.171751930291065946e-06,-5.374976126404362731e-07,-5.965749210190551821e-07,2.035470885175527656e-07,3.457105322013376281e-07
-3.191434245763957733e-07,1.322584580520924646e-06,8.055908256210386753e-05,3.117661108262836933e-04,5.948916077613830566e-04,8.230925304815173149e-04,9.404764277860522270e-04,9.362442651763558388e-04,8.481564000248908997e-04,6.978262681514024734e-04,5.340903881005942822e-04,3.707683354150503874e-04,2.189158549299463630e-04,1.299581635976210237e-04,6.325932190520688891e-05,2.084900188492611051e-05,8.605659786553587765e-06,-1.508313857812026981e-06,1.036123990161286201e-06,1.008587673823058140e-06
-1.956268306457786821e-06,6.151497018436202779e-06,1.113801918108947575e-04,3.462300228420644999e-04,5.610586958937346935e-04,6.381160928867757320e-04,5.360601935535669327e-04,3.656926855910569429e-04,1.835255388868972659e-04,3.647584890131838620e-05,-3.038520117115695029e-05,-4.816919317818246782e-05,-3.797991303144954145e-05,-8.386784429603721946e-06,3.505098220557556488e-06,3.159948164466186427e-06,-8.920283676161488984e-07,-3.343536150168802124e-07,-1.713921960799780209e-06,-2.799018830046406947e-07
-1.286925339627487119e-07,3.072251956837135367e-06,1.233724469784647226e-04,4.234268562868237495e-04,7.341612363234162331e-04,9.101086761802434921e-04,8.997860713861882687e-04,7.506184629164636135e-04,5.526443128474056721e-04,3.513227857183665037e-04,1.998593506868928671e-04,1.042370568029582500e-04,4.122303653275594115e-05,2.641019818838685751e-05,1.305875866819405928e-05,3.295602937214425765e-06,3.119906978099606931e-06,-6.483696779469028115e-07,1.550875481370894704e-07,-5.860352416675596032e-07
-1.598802327862358652e-06,6.811731054767733440e-07,7.603475387440994382e-05,2.996755065396428108e-04,5.820607184432446957e-04,8.312790887430310249e-04,9.721290552988648415e-04,1.007811515592038631e-03,9.429118363186717033e-04,7.990169688127934933e-04,6.344153662212193012e-04,4.508655692916363478e-04,2.771425934042781591e-04,1.631003542570397258e-04,8.503309800289571285e-05,3.061981624341569841e-05,9.603030775906518102e-06,-8.248856602222076617e-07,5.548512262976146303e-07,1.713899337119073607e-06
-2.641621392740489682e-07,6.574712642759550363e-06,1.952527818502858281e-04,6.494177505373954773e-04,1.102061476558446884e-03,1.321179093793034554e-03,1.224037841893732548e-03,9.409558260813355446e-04,5.953235668130218983e-04,2.810855221468955278e-04,7.868128159316256642e-05,-2.283155117766000330e-05,-4.544351395452395082e-05,-3.195680255885235965e-05,-1.203603460453450680e-05,-3.615379455368383788e-06,-4.952391918777721003e-06,6.984828360145911574e-07,-3.034520830169640249e-07,1.194393348669109400e-06
-1.867755798912185128e-07,3.334121174702886492e-06,1.427177485311403871e-04,5.192250246182084084e-04,9.338243980892002583e-04,1.198966987431049347e-03,1.253400230780243874e-03,1.106974668800830841e-03,8.776147733442485332e-04,6.166298990137875080e-04,3.888288338202983141e-04,2.240045141661539674e-04,1.028165424941107631e-04,5.300527118379250169e-05,1.887176767922937870e-05,3.057090225411229767e-06,4.207308393233688548e-06,-1.654179300203395542e-06,8.619006841570353572e-09,-4.335906567121128319e-07
3.586834509405889548e-07,2.322059344805893488e-06,7.700294372625648975e-05,2.444194687996059656e-04,4.064363602083176374e-04,4.837134911213070154e-04,4.506117256823927164e-04,3.554298018570989370e-04,2.488979953341186047e-04,1.489126152591779828e-04,8.724501822143793106e-05,5.447183866635896266e-05,2.667776243470143527e-05,2.924533328041434288e-05,1.905907629407010972e-05,6.336467777146026492e-06,4.980825451639248058e-06,-2.363847642072869348e-07,4.426574946592154447e-07,-9.842874533205758780e-07
-3.036829809843766270e-08,2.931453991550370120e-06,6.023097375873476267e-05,1.719807769404724240e-04,2.646180510055273771e-04,2.847335708793252707e-04,2.160453877877444029e-04,1.291624794248491526e-04,5.093096478958614171e-05,-6.291962563409470022e-06,-1.619761496840510517e-05,-7.465450835297815502e-06,-4.618791990651516244e-06,1.774155316525138915e-05,1.592326589161530137e-05,7.520475719502428547e-06,3.979760549555066973e-06,-1.485761004005325958e-06,-1.946183147083502263e-06,-6.278920068325533066e-07
4.833489128941437230e-07,4.642077328753657639e-06,1.107047501136548817e-04,3.470663796178996563e-04,5.706749507226049900e-04,6.608213298022747040e-04,5.779021885246038437e-04,4.161542456131428480e-04,2.401716192252933979e-04,9.039079304784536362e-05,1.080470246961340308e-05,-1.881358184618875384e-05,-2.162233613489661366e-05,-1.731800693960394710e-06,5.867595064046327025e-06,2.842587946361163631e-06,3.672326158721261891e-07,4.320156108406081330e-07,-3.486834714294673176e-07,1.544239864870178280e-07
-3.211114744772203267e-06,-5.849115041201002896e-07,5.889305612072348595e-05,2.293330617249011993e-04,4.509106220211833715e-04,6.498233997263014317e-04,7.734388927929103374e-04,8.200330194085836411e-04,7.869243854656815529e-04,6.827892502769827843e-04,5.566552863456308842e-04,4.065526591148227453e-04,2.582528395578265190e-04,1.547072315588593483e-04,8.342153887497261167e-05,3.023516183020547032e-05,9.678331480245105922e-06,-2.591699796994362259e-07,1.658261908232816495e-06,2.348720727241015993e-06
9.952758546205586754e-07,1.941467417054809630e-06,5.966067692497745156e-05,1.757847203407436609e-04,2.796277985908091068e-04,3.158237668685615063e-04,2.687095839064568281e-04,1.912805746542289853e-04,1.185775035992264748e-04,5.771813812316395342e-05,3.212867886759340763e-05,2.659318852238357067e-05,1.494425850978586823e-05,2.623975706228520721e-05,1.957449785550124943e-05,6.780194325983757153e-06,5.380894435802474618e-06,-2.926474280684487894e-07,1.142344814297757694e-07,-8.333755658895825036e-07
4.478584969547227956e-07,1.748385443534061778e-06,6.209620187291875482e-05,2.074367075692862272e-04,3.581391647458076477e-04,4.471221473067998886e-04,4.542492970358580351e-04,3.963158815167844296e-04,3.220325743313878775e-04,2.372407470829784870e-04,1.702772133285179734e-04,1.209146212204359472e-04,6.652915180893614888e-05,5.294569200486876070e-05,2.822646274580620229e-05,8.460098797513637692e-06,7.105680651875445619e-06,-1.042069925460964441e-06,1.673050320505353739e-07,-1.362883381261781324e-06
2.311233401997014880e-06,1.125948074331972748e-06,3.617113907239399850e-05,9.598130418453365564e-05,1.383393537253141403e-04,1.440673222532495856e-04,1.024420344037935138e-04,5.960948692518286407e-05,3.107245356659404933e-05,1.049707861966453493e-05,1.743857501423917711e-05,2.771211438812315464e-05,2.016043436015024781e-05,3.196036777808330953e-05,2.228422818006947637e-05,8.623069334134925157e-06,6.119635145296342671e-06,-1.247793875336355995e-06,-9.426823339708789717e-07,-1.215420070366235450e-06
8.507552138325991109e-07,3.878158622683258727e-06,1.260103163076564670e-04,4.752945678774267435e-04,8.763229125179350376e-04,1.155094010755419731e-03,1.254550297744572163e-03,1.155492383986711502e-03,9.655287722125649452e-04,7.242230931296944618e-04,4.926155088469386101e-04,3.075583663303405046e-04,1.560890523251146078e-04,8.444745617453008890e-05,3.187043330399319530e-05,7.150812507461523637e-06,6.908197974553331733e-06,-1.852615127972967457e-06,4.529233592620585114e-07,-9.154092026619764511e-07
-4.587675732636853354e-07,3.777151960093760863e-06,1.492610608693212271e-04,5.095629021525382996e-04,8.792516891844570637e-04,1.081180991604924202e-03,1.052726525813341141e-03,8.608528878539800644e-04,6.112926057539880276e-04,3.656763874460011721e-04,1.877508184406906366e-04,8.106118912110105157e-05,2.299048901477362961e-05,1.223516301251947880e-05,6.502160886157071218e-06,1.299759787798393518e-06,1.279668254028365482e-06,-2.796563478568714345e-07,4.646843478894879809e-07,-2.000718950512236916e-07
3.654802753771946300e-07,3.494242491797194816e-06,9.492484969086945057e-05,3.004558384418487549e-04,4.975427291356027126e-04,5.844722036272287369e-04,5.279256729409098625e-04,3.984424693044275045e-04,2.551217912696301937e-04,1.276045077247545123e-04,5.431723548099398613e-05,2.099661287502385676e-05,3.963069957535481080e-06,1.445295401936164126e-05,1.261904526472790167e-05,4.619369065039791167e-06,2.745558049355167896e-06,1.398041575839670259e-07,9.748627860517444788e-08,-5.390563160290184896e-07
1.895857508316112217e-06,4.128277396375779063e-06,1.272466470254585147e-04,4.860394110437482595e-04,9.014755487442016602e-04,1.200131257064640522e-03,1.317278132773935795e-03,1.229742425493896008e-03,1.043155090883374214e-03,7.958411006256937981e-04,5.535834352485835552e-04,3.516734868753701448e-04,1.841303601395338774e-04,1.002520439215004444e-04,3.978695895057171583e-05,9.926761777023784816e-06,8.142743354255799204e-06,-1.354638811790209729e-06,-4.430433975244341127e-08,-1.076253511200775392e-06
1.233654671750628040e-07,2.496343313396209851e-06,9.038581629283726215e-05,2.969176275655627251e-04,5.027017323300242424e-04,6.098406738601624966e-04,5.844389670528471470e-04,4.740220902021974325e-04,3.407234326004981995e-04,2.108032931573688984e-04,1.224657753482460976e-04,7.071226718835532665e-05,3.185687455697916448e-05,2.910685179813299328e-05,1.767956564435735345e-05,5.699056600860785693e-06,4.600196461979066953e-06,-3.413348395042703487e-07,4.949652634422818664e-07,-1.001732243821606971e-06
-1.276724105991888791e-06,3.667518058136920445e-06,1.313777611358091235e-04,5.409154691733419895e-04,1.054271124303340912e-03,1.510413014329969883e-03,1.759610138833522797e-03,1.813295646570622921e-03,1.683246693573892117e-03,1.411370467394590378e-03,1.110238488763570786e-03,7.719778805039823055e-04,4.721219302155077457e-04,2.701786579564213753e-04,1.376367290504276752e-04,5.041652912041172385e-05,1.330100894847419113e-05,1.105719888983003329e-06,-6.100124494423653232e-08,5.792486490463488735e-07
-8.277677920887072105e-07,5.319638603396015242e-06,1.846650411607697606e-04,6.229715654626488686e-04,1.066511496901512146e-03,1.294642686843872070e-03,1.230602501891553402e-03,9.761492256075143814e-04,6.568335229530930519e-04,3.553339920472353697e-04,1.494152820669114590e-04,3.521651524351909757e-05,-9.194627637043595314e-06,-9.645643331168685108e-06,-2.921032091762754135e-06,-1.279583443647425156e-06,-1.748188992678478826e-06,4.259957222529919818e-07,5.469183861350757070e-07,4.780769131684792228e-07
-1.111209257942391559e-06,4.169546173216076568e-06,1.962349633686244488e-04,7.056457106955349445e-04,1.255271723493933678e-03,1.589473686181008816e-03,1.624575001187622547e-03,1.394408289343118668e-03,1.059433328919112682e-03,7.006599917076528072e-04,4.047948168590664864e-04,2.045562432613223791e-04,7.909981650300323963e-05,3.054012995562516153e-05,6.395760919986059889e-06,-1.516593556516454555e-06,1.128243752646085341e-06,-1.176354089693631977e-06,-2.070921141239523422e-07,2.729825610003899783e-07
6.854381240373186301e-07,2.759765038717887364e-06,7.236409874167293310e-05,2.181513991672545671e-04,3.517116419970989227e-04,4.013077705167233944e-04,3.462304302956908941e-04,2.486192679498344660e-04,1.512360759079456329e-04,6.905308691784739494e-05,3.025853402505163103e-05,1.836842056945897639e-05,8.272138074971735477e-06,2.122891783074010164e-05,1.704776877886615694e-05,6.131482678028987721e-06,4.268885732017224655e-06,-2.534784826480063202e-08,1.578087882592171809e-08,-6.368077265506144613e-07
-1.285207076762162615e-06,6.439042408601380885e-06,1.304104953305795789e-04,4.107886634301394224e-04,6.728133885189890862e-04,7.743787136860191822e-04,6.658215424977242947e-04,4.673773655667901039e-04,2.503989380784332752e-04,7.011461275396868587e-05,-2.068236426566727459e-05,-5.144371971255168319e-05,-4.333442484494298697e-05,-1.443738892703549936e-05,7.621871418450609781e-07,1.841723815232398920e-06,-1.742540121085767169e-06,-1.523270620751304705e-09,-1.072687496161961462e-06,3.493357212391856592e-07
4.379153040190431057e-07,4.268240900273667648e-06,1.104623006540350616e-04,3.495066193863749504e-04,5.782175576314330101e-04,6.756242364645004272e-04,6.016715196892619133e-04,4.441891796886920929e-04,2.695320290513336658e-04,1.174297722172923386e-04,3.216523691662587225e-05,-3.505389258862123825e-06,-1.318635349889518693e-05,2.714831225603120402e-06,7.507680493290536106e-06,3.118085487585631199e-06,9.929837005984154530e-07,3.601099365369009320e-07,-1.604763752993676462e-07,-2.753794348109295242e-08
8.554353314593754476e-08,4.457242084754398093e-06,1.279528805753216147e-04,4.156496725045144558e-04,6.975256837904453278e-04,8.292027050629258156e-04,7.610771572217345238e-04,5.823253304697573185e-04,3.737031074706465006e-04,1.850975531851872802e-04,6.901480082888156176e-05,1.221110869664698839e-05,-8.708907444088254124e-06,1.916526116474415176e-06,5.922954187553841621e-06,2.399943014097516425e-06,5.922356649534776807e-07,3.167743898302433081e-07,4.433542599713291565e-08,-1.285185180499581747e-09
6.034375701347016729e-07,2.952296199509873986e-06,7.741511944914236665e-05,2.374391624471172690e-04,3.868512576445937157e-04,4.467816324904561043e-04,3.934070700779557228e-04,2.892232441809028387e-04,1.810322282835841179e-04,8.749795961193740368e-05,3.927547732018865645e-05,2.084197330987080932e-05,8.285912372230086476e-06,1.983456240850500762e-05,1.588630766491405666e-05,5.646835234074387699e-06,3.792987399720004760e-06,6.811705333120698924e-08,9.970777625767368590e-08,-6.098799190112913493e-07
-2.272175123607667047e-07,4.605748927133390680e-06,1.544591941637918353e-04,5.168003262951970100e-04,8.805651450529694557e-04,1.065526623278856277e-03,1.006705686450004578e-03,7.949424325488507748e-04,5.316782626323401928e-04,2.848879375960677862e-04,1.191582414321601391e-04,2.935898555733729154e-05,-7.027728770481189713e-06,-4.485676527110626921e-06,5.660858164446835872e-07,1.337295145731332013e-07,-7.511478088417788967e-07,1.166427665566516225e-07,1.948172325683117379e-07,1.742040609542527818e-07
2.816232047564426466e-08,2.818228267642552964e-06,1.142786495620384812e-04,3.923103504348546267e-04,6.807137397117912769e-04,8.455878123641014099e-04,8.392924792133271694e-04,7.040189229883253574e-04,5.234939162619411945e-04,3.380773996468633413e-04,1.972110767383128405e-04,1.071750157279893756e-04,4.463432924239896238e-05,2.946830863947980106e-05,1.461695228499593213e-05,3.805620508501306176e-06,3.569493628674536012e-06,-7.540022011198743712e-07,6.572215482947285636e-08,-6.885645689180819318e-07
-1.990369327131702448e-07,2.768794729490764439e-06,1.032878208206966519e-04,3.529814712237566710e-04,6.114586140029132366e-04,7.585315615870058537e-04,7.537874043919146061e-04,6.340784020721912384e-04,4.778159782290458679e-04,3.157451283186674118e-04,1.930267171701416373e-04,1.128770818468183279e-04,5.196584606892429292e-05,3.745385401998646557e-05,1.903531665448099375e-05,5.509740731213241816e-06,4.751140750158810988e-06,-5.839834216203598771e-07,2.025173841957439436e-07,-1.098559891943295952e-06
-2.720224983931984752e-06,7.415550953737692907e-06,1.358353329123929143e-04,4.280065768398344517e-04,6.986291846260428429e-04,8.007018477655947208e-04,6.803359137848019600e-04,4.694654198829084635e-04,2.382694219704717398e-04,4.939521022606641054e-05,-4.177523442194797099e-05,-7.006930536590516567e-05,-5.541857899515889585e-05,-2.113069422193802893e-05,-2.274695816595340148e-06,1.224754669237881899e-06,-3.056275318158441223e-06,-1.348464735428933636e-07,-1.969111508515197784e-06,2.425309553188981226e-08
1.961564066732535139e-06,7.189113944150449242e-07,3.038646173081360757e-05,7.924397505121305585e-05,1.105010378523729742e-04,1.159697130788117647e-04,8.363537199329584837e-05,5.375887485570274293e-05,3.741461841855198145e-05,2.506775126676075161e-05,3.466107955318875611e-05,4.206608718959614635e-05,3.084324271185323596e-05,3.766170266317203641e-05,2.460445648466702551e-05,8.628875548311043531e-06,6.741185188730014488e-06,-1.087616055883700028e-06,-2.861830807887599804e-07,-1.274498572456650436e-06
-7.711033731538918801e-07,1.397347801912474097e-07,5.736048115068115294e-05,2.082993742078542709e-04,3.898185677826404572e-04,5.277250311337411404e-04,5.929241306148469448e-04,5.823850515298545361e-04,5.250950343906879425e-04,4.326346679590642452e-04,3.341961128171533346e-04,2.386248670518398285e-04,1.416464510839432478e-04,9.106984362006187439e-05,4.662708670366555452e-05,1.465450077375862747e-05,7.558684501418611035e-06,-1.931142151079257019e-06,1.239015432474843692e-06,9.857355962594738230e-07
6.425940455301315524e-07,2.332234544155653566e-06,5.518327816389501095e-05,1.554869086248800159e-04,2.376757038291543722e-04,2.545756869949400425e-04,1.919738715514540672e-04,1.147846633102744818e-04,4.759763396577909589e-05,-1.250612399417150300e-06,-7.788620678184088320e-06,1.388048758599325083e-06,1.457863390896818601e-06,2.139143725798930973e-05,1.762442479957826436e-05,7.892610483395401388e-06,4.760662250191671774e-06,-1.411148446095467079e-06,-1.567791741763358004e-06,-5.431383556242508348e-07
-1.104000602936139330e-06,4.421048288349993527e-06,2.163380559068173170e-04,7.827190565876662731e-04,1.396557432599365711e-03,1.773154363036155701e-03,1.817838405258953571e-03,1.563844271004199982e-03,1.188088324852287769e-03,7.846287917345762253e-04,4.488411941565573215e-04,2.214668784290552139e-04,8.203204197343438864e-05,2.612694152048788965e-05,1.985093831535778008e-06,-3.662100652945809998e-06,-6.319780965213794843e-08,-1.419896307197632268e-06,-4.053673308135330444e-07,6.907843612680153456e-07
1.895155719466856681e-06,3.955458851123694330e-06,1.289370557060465217e-04,5.244877538643777370e-04,1.006603939458727837e-03,1.417252584360539913e-03,1.625756849534809589e-03,1.635333290323615074e-03,1.485274522565305233e-03,1.218275167047977448e-03,9.323232225142419338e-04,6.347832386381924152e-04,3.761473344638943672e-04,2.129966014763340354e-04,1.037306501530110836e-04,3.651210863608866930e-05,1.083996903616935015e-05,-1.558964157766240533e-07,-8.067071917139401194e-07,1.161425799978133000e-07
4.021319739422324346e-07,1.685510710558446590e-06,6.405865860870108008e-05,2.077348617604002357e-04,3.513873671181499958e-04,4.293556849006563425e-04,4.210493643768131733e-04,3.538191085681319237e-04,2.745870151557028294e-04,1.916865148814395070e-04,1.324756740359589458e-04,9.367614256916567683e-05,5.094496009405702353e-05,4.429516775417141616e-05,2.493390820745844394e-05,7.797847501933574677e-06,6.718092663504648954e-06,-6.597492188120668288e-07,3.341280034874216653e-07,-1.370076120110752527e-06
2.553171498220763169e-06,2.026186166403931566e-06,3.796388045884668827e-05,9.849748312262818217e-05,1.391355181112885475e-04,1.422431960236281157e-04,9.171284909825772047e-05,4.417191303218714893e-05,1.085232088371412829e-05,-1.026869631459703669e-05,4.271582270121143665e-07,1.477432579122250900e-05,1.258643987966934219e-05,2.829718323482666165e-05,2.106716783600859344e-05,9.823525942920241505e-06,5.302427780407015234e-06,-1.701797941677796189e-06,-1.713724941510008648e-06,-9.591844900569412857e-07
1.097956001672173443e-07,1.943612460308941081e-06,7.286336767720058560e-05,2.425531565677374601e-04,4.164339625276625156e-04,5.150406504981219769e-04,5.143336020410060883e-04,4.386589571367949247e-04,3.449821087997406721e-04,2.438915107632055879e-04,1.672787620918825269e-04,1.144718553405255079e-04,6.126314838184043765e-05,4.935985271004028618e-05,2.636834688019007444e-05,8.091569725365843624e-06,6.984424089750973508e-06,-6.554601554853434209e-07,2.965819021483184770e-07,-1.394455239278613590e-06
1.229218469234183431e-06,6.032988949300488457e-06,1.560977834742516279e-04,5.985636962577700615e-04,1.106429263018071651e-03,1.467164955101907253e-03,1.596875605173408985e-03,1.477246521972119808e-03,1.235774485394358635e-03,9.257547790184617043e-04,6.290430901572108269e-04,3.880987642332911491e-04,1.966728304978460073e-04,1.016928144963458180e-04,3.703614493133500218e-05,9.378339200338814408e-06,6.735667739121709019e-06,-1.736328613333171234e-06,-7.965497417217193288e-08,-1.635383455322880764e-06
6.210630232317271293e-08,4.337868631409946829e-06,1.281264558201655746e-04,4.189036262687295675e-04,7.052842411212623119e-04,8.424181723967194557e-04,7.795803830958902836e-04,6.025299662724137306e-04,3.929177182726562023e-04,2.013636840274557471e-04,8.072211494436487556e-05,1.970025550690479577e-05,-5.099708687339443713e-06,3.307509587102686055e-06,6.130451311037177220e-06,2.399244976913905703e-06,7.453880357388698030e-07,2.172836559566349024e-07,8.713862342801803607e-08,-1.072196127438473923e-07
-1.315331132900610100e-06,4.029440333397360519e-06,1.308746432187035680e-04,5.331333377398550510e-04,1.033679349347949028e-03,1.461414154618978500e-03,1.689673517830669880e-03,1.715933438390493393e-03,1.577497576363384724e-03,1.311595318838953972e-03,1.021079020574688911e-03,7.059763302095234394e-04,4.276886465959250927e-04,2.462390111759305000e-04,1.220682679559104145e-04,4.369774615042842925e-05,1.277606952498899773e-05,8.342439059561002068e-07,6.501242637568793725e-07,5.636312607748550363e-07
-1.908498177272122120e-07,3.224033662263536826e-06,1.213677605846896768e-04,4.077141347806900740e-04,6.978084566071629524e-04,8.528846665285527706e-04,8.237113361246883869e-04,6.699941004626452923e-04,4.760384908877313137e-04,2.865227579604834318e-04,1.531391608295962214e-04,7.428896060446277261e-05,2.644082087499555200e-05,2.053727803286164999e-05,1.231573787663364783e-05,3.696047542689484544e-06,2.955760010081576183e-06,-2.793760529584687902e-07,5.019657578486658167e-07,-5.964624278931296431e-07
-1.185731779429488597e-08,3.253730938013177365e-06,1.131097305915318429e-04,3.745139401871711016e-04,6.353983771987259388e-04,7.691444479860365391e-04,7.305885665118694305e-04,5.836796481162309647e-04,4.040305211674422026e-04,2.329705457668751478e-04,1.180923791253007948e-04,5.381347000366076827e-05,1.683087793935555965e-05,1.661977876210585237e-05,1.149664967670105398e-05,3.768148189919884317e-06,2.664637122506974265e-06,-1.574725843056512531e-07,4.229792693877243437e-07,-6.087186079639650416e-07
-2.406124167464440688e-06,-9.644350029702764004e-07,5.558553311857394874e-05,2.171694359276443720e-04,4.266307514626532793e-04,6.209383718669414520e-04,7.424248033203184605e-04,7.949881255626678467e-04,7.667868048883974552e-04,6.670972215943038464e-04,5.455235368572175503e-04,3.989370597992092371e-04,2.539851411711424589e-04,1.509695575805380940e-04,8.262746268883347511e-05,3.019462565134745091e-05,9.280639460484962910e-06,-3.556496608325687703e-07,1.132497345679439604e-06,2.380116029598866589e-06
3.139709860988659784e-07,4.836604148295009509e-06,1.139023006544448435e-04,3.571173874661326408e-04,5.870596505701541901e-04,6.790939369238913059e-04,5.928647005930542946e-04,4.257784166838973761e-04,2.444482233840972185e-04,9.043792670127004385e-05,9.134984793490730226e-06,-2.098740333167370409e-05,-2.293413672305177897e-05,-2.225341404482605867e-06,5.828012490383116528e-06,2.899108267229166813e-06,2.833897383425210137e-07,4.188554214579198742e-07,-3.091277562816685531e-07,2.228189970310268109e-07
-2.003781531811910099e-07,3.918894890375668183e-06,1.777209254214540124e-04,6.547229131683707237e-04,1.183109357953071594e-03,1.523861661553382874e-03,1.596230315044522285e-03,1.408613868989050388e-03,1.107620657421648502e-03,7.676811073906719685e-04,4.690186178777366877e-04,2.554664388298988342e-04,1.089632278308272362e-04,4.571419776766560972e-05,1.117737883760128170e-05,-6.306449904514010996e-07,2.026697529800003394e-06,-2.076507371384650469e-06,-3.131350752028083662e-07,1.620891794118506368e-07
-1.361480741479681456e-07,4.328525392338633537e-06,8.773810259299352765e-05,2.679265453480184078e-04,4.318011342547833920e-04,4.888809635303914547e-04,4.109897126909345388e-04,2.829014847520738840e-04,1.511997397756204009e-04,4.428461761563085020e-05,-3.208080670447088778e-06,-1.480829541833372787e-05,-1.373711347696371377e-05,7.581551471957936883e-06,1.087043983716284856e-05,5.190658612264087424e-06,1.978687123482814059e-06,-3.388546190308261430e-07,-6.770433174096979201e-07,-2.888744745632720878e-07
1.890736484710942023e-06,8.788286322669591755e-06,1.960176596185192466e-04,7.638648967258632183e-04,1.417599269188940525e-03,1.892987755127251148e-03,2.068832982331514359e-03,1.927884877659380436e-03,1.623215852305293083e-03,1.223178929649293423e-03,8.398327627219259739e-04,5.184991168789565563e-04,2.676349540706723928e-04,1.364799099974334240e-04,5.085525845061056316e-05,1.455541314498987049e-05,7.650781299162190408e-06,-1.123921492762747221e-06,-9.659352144808508456e-07,-2.661460257513681427e-06
-2.405511622782796621e-06,6.771105290681589395e-06,1.227533066412433982e-04,3.839188138954341412e-04,6.240259390324354172e-04,7.120008813217282295e-04,6.006699986755847931e-04,4.113836039323359728e-04,2.064412401523441076e-04,4.029339834232814610e-05,-3.717272920766845345e-05,-5.921726915403269231e-05,-4.651727431337349117e-05,-1.435711783415172249e-05,8.645395155326696113e-07,2.295943886565510184e-06,-1.908771537273423746e-06,-2.758319226359162712e-07,-1.910884293465642259e-06,-1.576062231833930127e-07
3.754784927423315821e-07,4.099497346032876521e-06,9.409707854501903057e-05,2.909458125941455364e-04,4.740369331557303667e-04,5.442829569801688194e-04,4.699971177615225315e-04,3.342677082400768995e-04,1.910008140839636326e-04,7.090076542226597667e-05,1.066488766809925437e-05,-9.165094525087624788e-06,-1.246176361746620387e-05,6.156698418635642156e-06,9.830568160396069288e-06,4.170471584075130522e-06,1.697455218163668178e-06,1.128012385720467137e-07,-3.194434441411431180e-07,-2.526138302982872119e-07
5.449334821605589241e-06,1.194884134747553617e-05,2.407596912235021591e-04,9.594620205461978912e-04,1.790952868759632111e-03,2.426333492621779442e-03,2.678178250789642334e-03,2.537949709221720695e-03,2.169299405068159103e-03,1.659725443460047245e-03,1.165437162853777409e-03,7.283600280061364174e-04,3.873997775372117758e-04,1.972947356989607215e-04,7.927728438517078757e-05,2.517242319299839437e-05,9.937411050486844033e-06,-1.341139643784572399e-08,-3.879086307279067114e-06,-4.107869699510047212e-06
2.278605251149201649e-07,3.673560058814473450e-06,1.094004692276939750e-04,3.540290636010468006e-04,5.932424683123826981e-04,7.062345393933355808e-04,6.514905835501849651e-04,5.031104665249586105e-04,3.306576982140541077e-04,1.731860393192619085e-04,7.570481102447956800e-05,2.689923712750896811e-05,3.329536184537573718e-06,1.087215150619158521e-05,1.008111576084047556e-05,3.624563532866886817e-06,2.016292000917019323e-06,7.917472544249903876e-08,1.479643430002397508e-07,-3.777543895466806134e-07
4.010182408364926232e-07,1.593465867699705996e-06,5.892294939258135855e-05,1.870109845185652375e-04,3.125007497146725655e-04,3.771400370169430971e-04,3.637736663222312927e-04,3.010792133864015341e-04,2.313755685463547707e-04,1.601158292032778263e-04,1.124709160649217665e-04,8.252359839389100671e-05,4.620671097654849291e-05,4.262777292751707137e-05,2.486250923539046198e-05,7.881205419835168868e-06,6.693248906231019646e-06,-6.289687348726147320e-07,4.941240376865607686e-07,-1.371284270135220140e-06
9.952447044270229526e-07,6.339721949188970029e-06,1.957251370185986161e-04,8.232913678511977196e-04,1.604302204214036465e-03,2.308965893462300301e-03,2.685935935005545616e-03,2.766173798590898514e-03,2.559599699452519417e-03,2.133340341970324516e-03,1.668538432568311691e-03,1.145939691923558712e-03,6.979244062677025795e-04,3.910874074790626764e-04,1.984577684197574854e-04,7.352327520493417978e-05,1.680515561020001769e-05,3.518360927046160214e-06,-1.574427187733817846e-06,-5.963509011053247377e-07
1.040057441059616394e-06,2.027516302405274473e-06,5.323542063706554472e-05,1.504327810835093260e-04,2.314204175490885973e-04,2.497895329724997282e-04,1.927662378875538707e-04,1.201592822326347232e-04,5.733541183872148395e-05,1.037948641169350594e-05,1.819096382860152517e-06,8.722628081159200519e-06,6.005533123243367299e-06,2.329750896024052054e-05,1.837659146985970438e-05,7.657627065782435238e-06,5.001100817025871947e-06,-1.211178300764004234e-06,-9.953495236914022826e-07,-4.761421905641327612e-07
-1.141718186659090861e-08,4.771266048919642344e-06,1.418317115167155862e-04,4.668901383411139250e-04,7.885119412094354630e-04,9.439881541766226292e-04,8.754084701649844646e-04,6.770232575945556164e-04,4.389790410641580820e-04,2.213095722254365683e-04,8.258673187810927629e-05,1.214992698805872351e-05,-1.303183125855866820e-05,-4.037088729091919959e-06,2.229064421044313349e-06,1.109762479245546274e-06,-4.845876446779584512e-07,2.757533081876317738e-07,-1.190975584819398136e-08,1.276165875196966226e-07
-1.086901519897764956e-07,2.844667733370442875e-06,1.230845373356714845e-04,4.286586190573871136e-04,7.504279492422938347e-04,9.398814290761947632e-04,9.458018466830253601e-04,8.038561791181564331e-04,6.082474719732999802e-04,4.023107176180928946e-04,2.397623466094955802e-04,1.322026801062747836e-04,5.651241008308716118e-05,3.402542643016204238e-05,1.522333241155138239e-05,3.439007514316472225e-06,3.728208639586227946e-06,-9.132518243859522045e-07,-2.402984478067082819e-08,-5.660886017722077668e-07
-1.321100512541306671e-06,5.891390173928812146e-06,2.694396243896335363e-04,9.601697674952447414e-04,1.694798003882169724e-03,2.125025261193513870e-03,2.129422966390848160e-03,1.785357017070055008e-03,1.297446899116039276e-03,7.991367019712924957e-04,4.066809779033064842e-04,1.576019858475774527e-04,3.249841029173694551e-05,-1.249447541340487078e-05,-1.622032868908718228e-05,-9.228040653397329152e-06,-5.092646460980176926e-06,-9.286141562370175961e-07,-1.190471223821987223e-07,1.647533963478053920e-06
-3.481150656625686679e-07,2.883434490286163054e-06,1.057066110661253333e-04,3.575983573682606220e-04,6.158699980005621910e-04,7.586029823869466782e-04,7.459437474608421326e-04,6.203118828125298023e-04,4.610348551068454981e-04,2.989215718116611242e-04,1.800301688490435481e-04,1.042349540512077510e-04,4.800764509127475321e-05,3.641664807219058275e-05,1.939023422892205417e-05,5.829995188832981512e-06,4.842943326366366819e-06,-3.820667302534275223e-07,4.260289756530255545e-07,-1.089581701307906769e-06
1.833547713658845169e-07,4.357870693638687953e-06,1.206841843668371439e-04,3.878900606650859118e-04,6.474963738583028316e-04,7.647363236173987389e-04,6.944866036064922810e-04,5.248815286904573441e-04,3.312045009806752205e-04,1.583298435434699059e-04,5.544494342757388949e-05,7.381029263342497870e-06,-9.246518857253249735e-06,3.292646169938961975e-06,7.128634479158790782e-06,2.864530870283488184e-06,9.249233130503853317e-07,3.685312321977107786e-07,2.294572176708697953e-08,1.576440533668233002e-09
-4.354374141257721931e-07,3.650181724879075773e-06,1.645080046728253365e-04,5.782339721918106079e-04,1.015219837427139282e-03,1.270817010663449764e-03,1.273735659196972847e-03,1.073343795724213123e-03,7.941243820823729038e-04,5.057067610323429108e-04,2.793945895973592997e-04,1.334855478489771485e-04,4.627783346222713590e-05,1.857703136920463294e-05,5.426240022643469274e-06,-4.197314922294026474e-07,9.709190180728910491e-07,-8.922821734813624062e-07,-3.945838500385434600e-08,9.292170233266006107e-08
-2.183201559091685340e-06,8.036346116568893194e-06,1.592297776369377971e-04,5.082266288809478283e-04,8.375708712264895439e-04,9.694097680039703846e-04,8.390579023398458958e-04,5.918133538216352463e-04,3.150646807625889778e-04,8.375005563721060753e-05,-3.659050344140268862e-05,-8.025154966162517667e-05,-6.634020246565341949e-05,-3.148946052533574402e-05,-7.434549843310378492e-06,-5.592062279902165756e-07,-4.569890279526589438e-06,3.078177996940212324e-07,-1.620525495127367321e-06,7.050761610116751399e-07
8.282622161459585186e-07,2.469625542289577425e-06,6.702187965856865048e-05,1.993766927625983953e-04,3.184728848282247782e-04,3.597311733756214380e-04,3.047771460842341185e-04,2.143974124919623137e-04,1.270973589271306992e-04,5.491929186973720789e-05,2.371309710724744946e-05,1.688750307948794216e-05,8.153498129104264081e-06,2.191974090237636119e-05,1.761539533617906272e-05,6.445780400099465623e-06,4.663238996727159247e-06,-1.770058304373378633e-07,-1.280658068480988732e-07,-7.087762128321628552e-07
-5.350664977754604479e-08,3.958527940994827077e-06,1.246544270543381572e-04,4.107429995201528072e-04,6.946287467144429684e-04,8.351758006028831005e-04,7.826552027836441994e-04,6.143187056295573711e-04,4.117203643545508385e-04,2.231268153991550207e-04,1.004885780275799334e-04,3.522336191963404417e-05,4.141781118960352615e-06,8.424884072155691683e-06,7.979241672728676349e-06,2.828362312357057817e-06,1.429701001143257599e-06,8.793505656967681716e-08,2.627914454933488742e-07,-3.311297405161894858e-07
-1.464079986135402578e-07,3.211918055967544205e-06,1.148141527664847672e-04,3.813786606770008802e-04,6.483293836936354637e-04,7.866323576308786869e-04,7.507040863856673241e-04,6.028417847119271755e-04,4.211056511849164963e-04,2.467617450747638941e-04,1.283384481212124228e-04,6.080543971620500088e-05,2.077870522043667734e-05,1.900379174912814051e-05,1.247476211574394256e-05,4.019331299787154421e-06,2.985973424074472860e-06,-1.544496228689240525e-07,5.505272042682918254e-07,-6.709814215355436318e-07
5.756078849117329810e-07,2.959987796202767640e-06,7.940277282614260912e-05,2.448305313009768724e-04,4.001409397460520267e-04,4.638324608094990253e-04,4.110314766876399517e-04,3.044747863896191120e-04,1.925467950059100986e-04,9.495580889051780105e-05,4.335511039244011045e-05,2.262316775158978999e-05,8.841698218020610511e-06,1.980432898562867194e-05,1.576641807332634926e-05,5.578369382419623435e-06,3.753432565645198338e-06,6.385770490169306868e-08,1.247226464329287410e-07,-6.040949074304080568e-07
1.094447725336067379e-06,2.747643065958982334e-06,1.050455757649615407e-04,3.932417312171310186e-04,7.245259475894272327e-04,9.551701950840651989e-04,1.038509770296514034e-03,9.599933982826769352e-04,8.081301348283886909e-04,6.126951193436980247e-04,4.245397576596587896e-04,2.711933047976344824e-04,1.412760466337203979e-04,8.114571392070502043e-05,3.364259100635536015e-05,7.892844223533757031e-06,7.410480520775308833e-06,-1.504226247561746277e-06,2.119081869977890165e-07,-8.116501817312382627e-07
1.836546289268881083e-06,2.796081844280706719e-06,9.795131336431950331e-05,3.704843402374535799e-04,6.871303194202482700e-04,9.144329233095049858e-04,1.006692764349281788e-03,9.431230137124657631e-04,8.056552032940089703e-04,6.207620608620345592e-04,4.378018202260136604e-04,2.841139503289014101e-04,1.505523832747712731e-04,8.653698023408651352e-05,3.644297248683869839e-05,8.802051524980925024e-06,7.709535566391423345e-06,-1.647628550927038305e-06,7.648317534858506406e-08,-6.787321353840525262e-07
2.554835134560562437e-07,2.441433480271371081e-06,8.492682536598294973e-05,2.741040370892733335e-04,4.597298684529960155e-04,5.520700942724943161e-04,5.207798094488680363e-04,4.156271752435714006e-04,2.933013020083308220e-04,1.767713256413117051e-04,1.014432200463488698e-04,5.962752402410842478e-05,2.741032039921265095e-05,2.808022327371872962e-05,1.800179234123788774e-05,5.929567578277783468e-06,4.695125426223967224e-06,-2.733405608523753472e-07,4.969793394593580160e-07,-9.554871667205588892e-07
-8.275358140963362530e-07,4.634893230104353279e-06,2.108211774611845613e-04,7.425964577123522758e-04,1.303617842495441437e-03,1.627976307645440102e-03,1.622675103135406971e-03,1.355811371468007565e-03,9.847616311162710190e-04,6.075575947761535645e-04,3.150517586618661880e-04,1.306277554249390960e-04,3.340078910696320236e-05,2.051326646324014291e-06,-4.435009941516909748e-06,-4.176457423454849049e-06,-1.798706534827942960e-06,-7.649401823073276319e-07,6.529094065399476676e-08,7.999097988431458361e-07
-3.468898341907333815e-07,3.391246536921244115e-06,1.330671802861616015e-04,4.515337641350924969e-04,7.772531243972480297e-04,9.545478387735784054e-04,9.288423461839556694e-04,7.604514248669147491e-04,5.437947111204266548e-04,3.299388918094336987e-04,1.758125436026602983e-04,8.291312406072393060e-05,2.832861719070933759e-05,1.876249189081136137e-05,1.040949064190499485e-05,2.745744041021680459e-06,2.394625653323601000e-06,-3.016467928773636231e-07,4.803344495485362131e-07,-4.105831692413630662e-07
2.268538707994594006e-07,3.279524207755457610e-06,6.920356099726632237e-05,2.045541768893599510e-04,3.234903851989656687e-04,3.589395782910287380e-04,2.917781821452081203e-04,1.934922038344666362e-04,9.971734834834933281e-05,2.606080306577496231e-05,1.520302816970797721e-07,-8.166148859345412347e-07,-2.039691480604233220e-06,1.721733315207529813e-05,1.568236984894610941e-05,6.768405910406727344e-06,3.812397380897891708e-06,-7.700389232923043892e-07,-6.054135042177222203e-07,-5.651785954796650913e-07
1.408522393830935471e-06,1.256903260582475923e-06,4.709737913799472153e-05,1.307059574173763394e-04,1.992802135646343231e-04,2.144587779184803367e-04,1.661092392168939114e-04,1.058377965819090605e-04,5.671438702847808599e-05,1.976601015485357493e-05,1.464723391109146178e-05,2.151696935470681638e-05,1.447059548809193075e-05,2.833846338035073131e-05,2.076033706543967128e-05,7.966970770212356001e-06,6.097805908211739734e-06,-9.083690315492276568e-07,-8.078621362983540166e-07,-5.620823912977357395e-07
-1.022224523694603704e-06,4.380094651423860341e-06,2.051799820037558675e-04,7.366230129264295101e-04,1.308087841607630253e-03,1.653331797569990158e-03,1.682852394878864288e-03,1.437848084606230259e-03,1.082585542462766171e-03,7.061348296701908112e-04,3.986693627666682005e-04,1.934675819939002395e-04,6.969363312236964703e-05,2.275217775604687631e-05,2.504378244339022785e-06,-2.789541895253933035e-06,3.889286048774920346e-08,-1.189272666124452371e-06,-2.669802938726206776e-07,4.272322939868899994e-07
-5.023476887799915858e-07,4.305170023144455627e-06,8.220092422561720014e-05,2.484254655428230762e-04,3.974312858190387487e-04,4.459579940885305405e-04,3.687257703859359026e-04,2.485775621607899666e-04,1.275740942219272256e-04,3.128800744889304042e-05,-7.668271791771985590e-06,-1.436889670003438368e-05,-1.218944726133486256e-05,9.905226761475205421e-06,1.203739975608186796e-05,5.816891643917188048e-06,2.306212081748526543e-06,-4.958068871019349899e-07,-9.855108373812981881e-07,-4.900812200503423810e-07
-1.712607939907684340e-07,3.034978817595401779e-06,1.359976886305958033e-04,4.808819794561713934e-04,8.484369609504938126e-04,1.069981837645173073e-03,1.087233191356062889e-03,9.317145450040698051e-04,7.100402144715189934e-04,4.733530804514884949e-04,2.812852326314896345e-04,1.521294034318998456e-04,6.329509051283821464e-05,3.366680539329536259e-05,1.299746418226277456e-05,2.146730366803240031e-06,3.096792397627723403e-06,-1.128850612985843327e-06,-2.362525890475808410e-07,-4.261819697148894193e-07
-4.979099230695283040e-07,5.966269782220479101e-06,1.808601227821782231e-04,6.018282147124409676e-04,1.022089738398790359e-03,1.227866625413298607e-03,1.144186244346201420e-03,8.868099539540708065e-04,5.731029668822884560e-04,2.851756580639630556e-04,9.808976028580218554e-05,1.391679916196153499e-06,-2.730317100940737873e-05,-1.792661896615754813e-05,-5.279136530589312315e-06,-1.455093524782569148e-06,-2.837599367921939120e-06,6.509392846965056378e-07,5.891492449450197455e-08,6.918274948475300334e-07
2.241524271084927022e-06,1.744023848004871979e-06,4.254085069987922907e-05,1.138831357820890844e-04,1.668334734858945012e-04,1.740032021189108491e-04,1.217180033563636243e-04,6.649394345004111528e-05,2.488016252755187452e-05,-3.586683078538044356e-06,1.466404910388519056e-06,1.408445950801251456e-05,1.114932911150390282e-05,2.722037788771558553e-05,2.055310142168309540e-05,9.373948159918654710e-06,5.613798748527187854e-06,-1.588264581187104341e-06,-1.418969759470201097e-06,-7.432313395838718861e-07
-1.987761152122402564e-06,4.598488885676488280e-06,7.548085704911500216e-05,2.220357710029929876e-04,3.463526372797787189e-04,3.766727750189602375e-04,2.906369336415082216e-04,1.756012788973748684e-04,6.533065607072785497e-05,-1.635941407585050911e-05,-3.628305785241536796e-05,-2.985063838423229754e-05,-2.000487620534840971e-05,8.799992428976111114e-06,1.177601552626583725e-05,6.930334166099783033e-06,1.999586856982205063e-06,-1.514489895271253772e-06,-2.927889909187797457e-06,-7.759961704323359299e-07
1.542596578474331181e-06,1.533661134089925326e-06,4.689148408942855895e-05,1.290436048293486238e-04,1.944741525221616030e-04,2.064781874651089311e-04,1.538697251817211509e-04,9.208552364725619555e-05,4.245045056450180709e-05,6.628135452046990395e-06,5.329032774170627818e-06,1.487375084252562374e-05,1.089771740225842223e-05,2.662775114004034549e-05,1.999235973926261067e-05,8.416500349994748831e-06,5.707565833290573210e-06,-1.300517169511294924e-06,-1.160449869530566502e-06,-5.349501179807703011e-07
-2.335162179178951192e-07,4.505095603235531598e-06,1.443363580619916320e-04,4.796755674760788679e-04,8.145679021254181862e-04,9.823432192206382751e-04,9.237430640496313572e-04,7.262832368724048138e-04,4.847627715207636356e-04,2.594999095890671015e-04,1.107563875848427415e-04,3.097024818998761475e-05,-2.881451109715271741e-06,1.078977447832585312e-06,3.921761162928305566e-06,1.428849714102398138e-06,1.818983150769781787e-07,1.805219227435372886e-07,2.473197753261047183e-07,-3.847145180202460324e-08
-7.448617225236375816e-07,4.797835572389885783e-06,1.856657181633636355e-04,6.316784420050680637e-04,1.086410251446068287e-03,1.327229081653058529e-03,1.275198301300406456e-03,1.024003024213016033e-03,7.011083071120083332e-04,3.916297573596239090e-04,1.739771105349063873e-04,4.979377990821376443e-05,-2.657419145180028863e-06,-8.516415618942119181e-06,-3.457736056589055806e-06,-1.893688022391870618e-06,-1.612570713405148126e-06,1.093641657234911690e-07,6.251762556530593429e-07,5.042932116339216009e-07
-8.320115512105985545e-07,4.360646926215849817e-06,1.698896958259865642e-04,5.815883632749319077e-04,1.004146877676248550e-03,1.233284128829836845e-03,1.197544625028967857e-03,9.742902475409209728e-04,6.843226728960871696e-04,4.010405100416392088e-04,1.970134908333420753e-04,7.587867003167048097e-05,1.579712989041581750e-05,4.934203843731665984e-06,2.438643377900007181e-06,-8.689595176747388905e-08,8.573460519301079330e-08,-5.431279248568898765e-08,6.409408683794026729e-07,-2.816915056769175862e-08
-6.123630669208068866e-07,4.150555014348356053e-06,1.766294444678351283e-04,6.485687335953116417e-04,1.170293078757822514e-03,1.504181534983217716e-03,1.572925248183310032e-03,1.385678304359316826e-03,1.090480363927781582e-03,7.572991889901459217e-04,4.662188875954598188e-04,2.573055971879512072e-04,1.126069037127308547e-04,5.054585199104622006e-05,1.414176585967652500e-05,6.600649271604197565e-07,2.778770522127160802e-06,-1.766736659192247316e-06,-4.853469803833831975e-08,-7.516850786259965389e-08
-6.156819267744140234e-07,4.083456587977707386e-06,1.647276367293670774e-04,5.653401021845638752e-04,9.779463289305567741e-04,1.204324769787490368e-03,1.174602191895246506e-03,9.607988176867365837e-04,6.802306161262094975e-04,4.040228086523711681e-04,2.025722351390868425e-04,8.168251224560663104e-05,1.941615846590138972e-05,6.693978775729192421e-06,2.956840717160957865e-06,-9.115307619822488050e-08,2.780382430955796735e-07,-2.431949610581796151e-07,4.869112331107317004e-07,2.882470795384506346e-08
-1.002269755190354772e-06,4.594066012941766530e-06,2.329178096260875463e-04,8.441658574156463146e-04,1.506927656009793282e-03,1.913879183121025562e-03,1.960810739547014236e-03,1.684786519035696983e-03,1.273963483981788158e-03,8.347342954948544502e-04,4.693358496297150850e-04,2.236944128526374698e-04,7.762739551253616810e-05,1.841037556005176157e-05,-3.073576408496592194e-06,-5.774349119747057557e-06,-1.434158093616133556e-06,-1.595446519786491990e-06,-5.714382496080361307e-07,1.098544885280716699e-06
-2.782749561447417364e-06,1.075778527592774481e-06,1.143204135587438941e-04,4.747656639665365219e-04,9.415004751645028591e-04,1.382766524329781532e-03,1.644721836782991886e-03,1.750416820868849754e-03,1.670077908784151077e-03,1.434706733562052250e-03,1.160141429863870144e-03,8.251696126535534859e-04,5.210164235904812813e-04,2.990833600051701069e-04,1.608397287782281637e-04,6.071404641261324286e-05,1.477901605539955199e-05,2.249784529340104200e-06,3.162389532462839270e-07,2.326596586499363184e-06
-3.681506768771214411e-06,1.287095619773026556e-05,2.722546923905611038e-04,8.897994994185864925e-04,1.487363013438880444e-03,1.743900706060230732e-03,1.540238503366708755e-03,1.108358497731387615e-03,6.032229866832494736e-04,1.713581586955115199e-04,-7.202548295026645064e-05,-1.729060313664376736e-04,-1.443283254047855735e-04,-9.316155046690255404e-05,-3.743476190720684826e-05,-1.002597946353489533e-05,-1.432046155969146639e-05,1.689333998911024537e-06,-2.833792450473993085e-06,3.065712235184037127e-06
-1.404024374096479733e-06,5.344351848179940134e-06,2.714446745812892914e-04,9.965528734028339386e-04,1.791218295693397522e-03,2.288620453327894211e-03,2.366450615227222443e-03,2.050183713436126709e-03,1.566198188811540604e-03,1.040379633195698261e-03,5.927187739871442318e-04,2.863674017135053873e-04,1.020257259369827807e-04,2.217829933215398341e-05,-6.708700311719439924e-06,-8.413527211814653128e-06,-2.459876668581273407e-06,-2.036102614511037245e-06,-8.449885626760078594e-07,1.624313881620764732e-06
5.283319524096441455e-07,4.284854185243602842e-06,1.079077192116528749e-04,3.389122721273452044e-04,5.583955789916217327e-04,6.488739745691418648e-04,5.719825276173651218e-04,4.167313454672694206e-04,2.468898601364344358e-04,1.008340987027622759e-04,2.144613608834333718e-05,-9.628712177800480276e-06,-1.594808236404787749e-05,1.615259066056751180e-06,7.294095667020883411e-06,3.086080369030241854e-06,9.071067097465856932e-07,3.893551649980508955e-07,-2.270647598834329983e-07,4.172209955299877038e-08
1.427492719585643499e-07,4.907124548481078818e-06,1.314942637691274285e-04,4.242309369146823883e-04,7.089954451657831669e-04,8.372240699827671051e-04,7.584043196402490139e-04,5.702533526346087456e-04,3.540830221027135849e-04,1.622117561055347323e-04,4.806660945178009570e-05,-4.485830231715226546e-06,-1.866958155005704612e-05,-3.761064363061450422e-06,3.709395514306379482e-06,1.880786612673546188e-06,-1.926215134062658763e-07,4.950420020577439573e-07,-1.179274491391879565e-07,1.825004716238254332e-07
-7.485493824788136408e-07,4.467958206078037620e-06,2.076989767374470830e-04,7.635531364940106869e-04,1.376720611006021500e-03,1.766915549524128437e-03,1.841232297010719776e-03,1.613049418665468693e-03,1.255545415915548801e-03,8.577401167713105679e-04,5.128429620526731014e-04,2.698051976040005684e-04,1.103392642107792199e-04,4.128925502300262451e-05,7.108400041033746675e-06,-2.502731149434112012e-06,9.788562920221011154e-07,-1.940423771884525195e-06,-3.354154785029095365e-07,5.561162197409430519e-07
-8.974341767498117406e-07,8.218566108553204685e-06,3.615439054556190968e-04,1.340020680800080299e-03,2.415633061900734901e-03,3.099960740655660629e-03,3.219597507268190384e-03,2.800014568492770195e-03,2.140594646334648132e-03,1.420382061041891575e-03,8.005615673027932644e-04,3.761782718356698751e-04,1.261514698853716254e-04,1.144704037869814783e-05,-2.217113251390401274e-05,-1.482163588661933318e-05,-6.706059593852842227e-06,-2.953158173113479279e-06,-1.724109097267501056e-06,2.607950364108546637e-06
-5.665829689860402141e-07,7.286804702744120732e-06,1.591401814948767424e-04,5.099419504404067993e-04,8.458013762719929218e-04,9.852197254076600075e-04,8.649716619402170181e-04,6.216150359250605106e-04,3.471780510153621435e-04,1.133006298914551735e-04,-1.442322445655008778e-05,-6.495683919638395309e-05,-5.796925324830226600e-05,-2.834961560438387096e-05,-6.730757831974187866e-06,-6.330969313239620533e-07,-4.070880549988942221e-06,7.616200150550866965e-07,-8.437216933998570312e-07,1.051475578606186900e-06
-3.447162725933594629e-06,5.759598479926353320e-06,8.528470061719417572e-05,2.554080856498330832e-04,4.006914386991411448e-04,4.379400052130222321e-04,3.400549176149070263e-04,2.059183170786127448e-04,7.345888298004865646e-05,-2.511325328669045120e-05,-5.186890120967291296e-05,-4.693731170846149325e-05,-3.188067421433515847e-05,1.602495217412069906e-06,8.380377948924433440e-06,6.565036528627388179e-06,3.189247479440382449e-07,-1.535957267151388805e-06,-3.715080083566135727e-06,-1.060351792148139793e-06
-1.566262852747968282e-07,3.010168256878387183e-06,1.116350758820772171e-04,3.769828763324767351e-04,6.475655827671289444e-04,7.954564061947166920e-04,7.757932762615382671e-04,6.387316971085965633e-04,4.640824336092919111e-04,2.900371327996253967e-04,1.645076554268598557e-04,8.753667498240247369e-05,3.574586662580259144e-05,2.703627069422509521e-05,1.496628647146280855e-05,4.451270797289907932e-06,3.661333494164864533e-06,-4.055017086557199946e-07,3.563165762443532003e-07,-8.454074986730120145e-07
-2.928720732597867027e-07,3.408938255233806558e-06,1.398215536028146744e-04,4.799586022272706032e-04,8.316201274283230305e-04,1.028226688504219055e-03,1.011094311252236366e-03,8.367168484255671501e-04,6.060882005840539932e-04,3.747655136976391077e-04,2.027925656875595450e-04,9.651164145907387137e-05,3.325405123177915812e-05,1.877365320979151875e-05,9.085539204534143209e-06,1.892995101115957368e-06,2.021820364461746067e-06,-5.141713472767150961e-07,2.870985440495132934e-07,-2.777201757453440223e-07
2.954154183498758357e-07,1.973033931790268980e-06,7.494170131394639611e-05,2.516961249057203531e-04,4.335090343374758959e-04,5.382181843742728233e-04,5.384288961067795753e-04,4.596028011292219162e-04,3.586632083170115948e-04,2.503723662812262774e-04,1.673657679930329323e-04,1.110136145143769681e-04,5.712527490686625242e-05,4.506924960878677666e-05,2.383932223892770708e-05,7.194179033831460401e-06,6.266492164286319166e-06,-7.907074746071884874e-07,1.115780534632904164e-07,-1.333478280685085338e-06
3.307878387204254977e-06,6.381484126904979348e-06,1.533093018224462867e-04,6.155706360004842281e-04,1.165953464806079865e-03,1.600424875505268574e-03,1.801316742785274982e-03,1.749409246258437634e-03,1.543322694487869740e-03,1.227173255756497383e-03,9.041207376867532730e-04,5.961071583442389965e-04,3.380897978786379099e-04,1.888760452857241035e-04,8.376345067517831922e-05,2.683897037059068680e-05,1.057872941601090133e-05,2.837991530668659834e-07,-8.494167218486836646e-07,-1.226686208610772155e-06
-8.054904014898056630e-07,5.569841050601098686e-06,1.997205545194447041e-04,6.772884516976773739e-04,1.162311527878046036e-03,1.414223341271281242e-03,1.348011428490281105e-03,1.071637379936873913e-03,7.202646811492741108e-04,3.878440766129642725e-04,1.582850673003122211e-04,3.068540536332875490e-05,-1.646775490371510386e-05,-1.806526779546402395e-05,-7.818032827344723046e-06,-3.121528379779192619e-06,-3.101683660133858211e-06,3.559844117262400687e-07,4.458388218608888565e-07,7.790449672029353678e-07
-1.865851686488895211e-06,-2.337768876259360695e-07,9.048440551850944757e-05,3.706365823745727539e-04,7.348819053731858730e-04,1.084190327674150467e-03,1.295975991524755955e-03,1.390670659020543098e-03,1.335604581981897354e-03,1.154197263531386852e-03,9.383221622556447983e-04,6.727927830070257187e-04,4.269750497769564390e-04,2.455407229717820883e-04,1.340338058071210980e-04,5.058405440649949014e-05,1.283185974898515269e-05,1.056691644407692365e-06,-1.015071191545757756e-07,2.970228024423704483e-06
-3.410765998523856979e-07,3.253007434977917001e-06,6.315316568361595273e-05,1.822360354708507657e-04,2.823504037223756313e-04,3.058597503695636988e-04,2.354172465857118368e-04,1.435422454960644245e-04,5.887743827770464122e-05,-3.912776264769490808e-06,-1.753418473526835442e-05,-1.053477626555832103e-05,-7.005949555605184287e-06,1.581591459398623556e-05,1.488286216044798493e-05,7.143401489884126931e-06,3.507105247990693897e-06,-1.410917093380703591e-06,-1.961559291885350831e-06,-6.101181497797369957e-07
2.318172818149832892e-07,3.698422688103164546e-06,1.224406150868162513e-04,4.591678152792155743e-04,8.435575873591005802e-04,1.105908071622252464e-03,1.192339463159441948e-03,1.090046251192688942e-03,9.033578680828213692e-04,6.712189642712473869e-04,4.522540257312357426e-04,2.799440408125519753e-04,1.403359347023069859e-04,7.686512981308624148e-05,2.908359783759806305e-05,6.357318852678872645e-06,6.197759830683935434e-06,-1.919192982313688844e-06,5.025605673836253118e-07,-1.024008156491618138e-06
1.236063553733401932e-07,2.906903773691738024e-06,1.053896703524515033e-04,3.797819372266530991e-04,6.817067041993141174e-04,8.765603997744619846e-04,9.206627146340906620e-04,8.214256376959383488e-04,6.652609445154666901e-04,4.821069305762648582e-04,3.205084940418601036e-04,1.996115024667233229e-04,9.925881749950349331e-05,6.026997289154678583e-05,2.566115654190070927e-05,6.389826467056991532e-06,6.046915132174035534e-06,-1.455763708690938074e-06,2.278474937611463247e-07,-1.093167497856484260e-06
9.551387165629421361e-07,9.227414011547807604e-06,2.155035908799618483e-04,8.319583721458911896e-04,1.535426825284957886e-03,2.034478820860385895e-03,2.202637959271669388e-03,2.027961425483226776e-03,1.680919318459928036e-03,1.242538099177181721e-03,8.305380470119416714e-04,4.984507104381918907e-04,2.474851207807660103e-04,1.198080353788100183e-04,4.032962533528916538e-05,1.073232579074101523e-05,5.573792805080302060e-06,-1.838938146647706162e-06,-6.410629680431156885e-07,-2.360685357416514307e-06
-1.555527120444821776e-07,2.841588184310239740e-06,1.199320977320894599e-04,4.158820665907114744e-04,7.264678133651614189e-04,9.079363662749528885e-04,9.112884872592985630e-04,7.728083292022347450e-04,5.842635291628539562e-04,3.863378078676760197e-04,2.314038865733891726e-04,1.291239459533244371e-04,5.620237789116799831e-05,3.528070374159142375e-05,1.634214822843205184e-05,3.968468718085205182e-06,4.044248271384276450e-06,-8.272223794847377576e-07,6.477497294099521241e-08,-6.688231337648176122e-07
-3.062538382891943911e-07,3.247035465392400511e-06,6.238548667170107365e-05,1.783932530088350177e-04,2.743265649769455194e-04,2.948617620859295130e-04,2.224385825684294105e-04,1.313178800046443939e-04,4.867286043008789420e-05,-1.141904704127227888e-05,-2.147724808310158551e-05,-1.200101087306393310e-05,-7.542958428530255333e-06,1.636948945815674961e-05,1.542300014989450574e-05,7.638729584868997335e-06,3.731639026227639988e-06,-1.561890371704066638e-06,-2.217089786427095532e-06,-6.579145406249153893e-07
-9.192327752316487022e-07,5.880376193090341985e-06,2.184855402447283268e-04,7.451835554093122482e-04,1.282387878745794296e-03,1.564517850056290627e-03,1.497020246461033821e-03,1.194165321066975594e-03,8.043251582421362400e-04,4.340617742855101824e-04,1.752064999891445041e-04,3.015840411535464227e-05,-2.194775879615917802e-05,-2.584871072031091899e-05,-1.260590943275019526e-05,-4.976414857083000243e-06,-4.412414000398712233e-06,3.365827296875067987e-07,4.574860668071778491e-07,1.093816422326199245e-06
2.520813779938180232e-07,4.048855316796107218e-06,1.165163484984077513e-04,3.763350541703402996e-04,6.297846557572484016e-04,7.473842706531286240e-04,6.845827447250485420e-04,5.234544514678418636e-04,3.369032638147473335e-04,1.684833841864019632e-04,6.580190529348328710e-05,1.608241655048914254e-05,-4.220161372359143570e-06,5.864983904757536948e-06,7.952047781145665795e-06,3.024352054126211442e-06,1.289666442971793003e-06,1.829664597607916221e-07,3.813784132944419980e-08,-1.464006089690883528e-07
-4.399020170353651338e-08,2.404209226369857788e-06,9.252460586139932275e-05,3.133614372927695513e-04,5.411676829680800438e-04,6.705258856527507305e-04,6.667792913503944874e-04,5.628225044347345829e-04,4.289641219656914473e-04,2.888441376853734255e-04,1.828800450311973691e-04,1.128615331253968179e-04,5.499548205989412963e-05,4.157358125667087734e-05,2.174097244278527796e-05,6.425816536648198962e-06,5.563531431107548997e-06,-6.403966494872292969e-07,2.370472174106907914e-07,-1.129512156694545411e-06
-4.750050095481128665e-07,5.980626156087964773e-06,1.279879070352762938e-04,4.043188528157770634e-04,6.647192058153450489e-04,7.681953720748424530e-04,6.662454688921570778e-04,4.730632063001394272e-04,2.605848712846636772e-04,8.196469570975750685e-05,-1.092962793336482719e-05,-4.441379496711306274e-05,-3.946835568058304489e-05,-1.340932703897124156e-05,7.439274440912413411e-07,1.704825194792647380e-06,-1.539575123388203792e-06,1.705214742742100498e-07,-7.434718440890719648e-07,5.121204935676360037e-07
5.030078114032221492e-07,1.659237568674143404e-06,6.171628774609416723e-05,1.923260278999805450e-04,3.172400465700775385e-04,3.767231246456503868e-04,3.525344654917716980e-04,2.817539789248257875e-04,2.059364342130720615e-04,1.331620296696200967e-04,8.895063365343958139e-05,6.462239980464801192e-05,3.589419429772533476e-05,3.670374644570983946e-05,2.281846354890149087e-05,7.407323664665454999e-06,6.261561338760657236e-06,-3.947165225781645859e-07,5.853562470292672515e-07,-1.244791292265290394e-06
-2.317929101991467178e-06,-2.175012014049571007e-06,3.670679507195018232e-05,1.337031862931326032e-04,2.581868902780115604e-04,3.707146388478577137e-04,4.430569824762642384e-04,4.771421663463115692e-04,4.670766938943415880e-04,4.125519189983606339e-04,3.447959898039698601e-04,2.599481667857617140e-04,1.685398747213184834e-04,1.058479829225689173e-04,5.911574771744199097e-05,2.020576721406541765e-05,7.813241609255783260e-06,-2.781615933145076269e-07,2.235283318441361189e-06,1.711985646579705644e-06
-1.532442979623738211e-06,6.431353085645241663e-06,2.568688069004565477e-04,8.863981347531080246e-04,1.534369192086160183e-03,1.882968586869537830e-03,1.819440163671970367e-03,1.465189154259860516e-03,9.994223946705460548e-04,5.515803932212293148e-04,2.303142682649195194e-04,4.527036435320042074e-05,-2.298192157468292862e-05,-3.486654532025568187e-05,-1.950734804267995059e-05,-7.879766599216964096e-06,-6.149225100671174005e-06,3.855121519791282481e-07,8.001733817764034029e-07,1.393658862980373669e-06
-1.281309778278227895e-06,6.191400643729139119e-06,2.268773823743686080e-04,7.735966937616467476e-04,1.331406878307461739e-03,1.623294432647526264e-03,1.552960020489990711e-03,1.237995806150138378e-03,8.347687544301152229e-04,4.517008783295750618e-04,1.844632643042132258e-04,3.411158468225039542e-05,-2.006257818720769137e-05,-2.451476575515698642e-05,-1.202046678372425959e-05,-4.766191523231100291e-06,-4.291730419936357066e-06,5.667752134286274668e-07,6.821188662797794677e-07,1.062847786670317873e-06
1.569198673223581864e-07,4.411449026520131156e-06,1.226980675710365176e-04,3.954250423703342676e-04,6.609008996747434139e-04,7.818646263331174850e-04,7.119277142919600010e-04,5.397626082412898540e-04,3.420987632125616074e-04,1.651436032261699438e-04,5.894813511986285448e-05,8.742503268877044320e-06,-9.035191396833397448e-06,3.122218458884162828e-06,6.932655196578707546e-06,2.810700379995978437e-06,8.726333931008412037e-07,3.582363774512486998e-07,2.118666664330248750e-08,-1.301420748944792649e-08
-5.410640255831822287e-07,4.162945515417959541e-06,1.621895935386419296e-04,5.531870992854237556e-04,9.528096416033804417e-04,1.168218324892222881e-03,1.130012446083128452e-03,9.159611072391271591e-04,6.385463057085871696e-04,3.693503094837069511e-04,1.772096438799053431e-04,6.495749403256922960e-05,1.048987087415298447e-05,2.380036676186136901e-06,1.780352022251463495e-06,-1.227149653004744323e-07,-5.700319860579838860e-08,-1.457718070696500945e-07,5.118234867040882818e-07,-6.926375584193067425e-10
1.131567046286363620e-06,2.255898380099097267e-06,5.015140777686610818e-05,1.386354706482961774e-04,2.085885353153571486e-04,2.208277001045644283e-04,1.609875471331179142e-04,9.189449338009580970e-05,3.421789733693003654e-05,-6.403099632734665647e-06,-7.514650860684923828e-06,3.926513727492420003e-06,3.729552645381772891e-06,2.287651477672625333e-05,1.841906123445369303e-05,8.637472092232201248e-06,5.012693236494669691e-06,-1.494004209234844893e-06,-1.673422843850858044e-06,-5.905868079025822226e-07
-6.542859978253545705e-07,4.225904376653488725e-06,1.749751099850982428e-04,6.037272978574037552e-04,1.047538593411445618e-03,1.293729408644139767e-03,1.267260173335671425e-03,1.040900009684264660e-03,7.401654729619622231e-04,4.423866048455238342e-04,2.223735355073586106e-04,8.908609015634283423e-05,2.067869718302972615e-05,4.862229616264812648e-06,1.176652176582138054e-06,-9.685495570010971278e-07,-2.131205292243976146e-07,-3.264073882291995687e-07,4.184775264093332225e-07,2.215290635376732098e-07
-2.269604920002166182e-06,-7.158682819863315672e-07,6.242199742700904608e-05,2.468135207891464233e-04,4.857260792050510645e-04,7.083917735144495964e-04,8.456302457489073277e-04,9.039530414156615734e-04,8.691117982380092144e-04,7.535606273449957371e-04,6.140276091173291206e-04,4.459812480490654707e-04,2.830602752510458231e-04,1.666753523750230670e-04,9.096626308746635914e-05,3.351521081640385091e-05,9.836661774897947907e-06,-2.056228396440928918e-07,8.427252851106459275e-07,2.493324700481025502e-06
-3.008444082297501154e-06,-1.643900418457633350e-06,1.238413533428683877e-04,5.215345299802720547e-04,1.050024526193737984e-03,1.580573269166052341e-03,1.914985128678381443e-03,2.093827817589044571e-03,2.041142899543046951e-03,1.780588412657380104e-03,1.464828499592840672e-03,1.052916748449206352e-03,6.802427233196794987e-04,3.864609752781689167e-04,2.155722468160092831e-04,8.229882951127365232e-05,1.862193676060996950e-05,4.670147063734475523e-06,2.662842746303795138e-07,4.507287485466804355e-06
-3.503581780250897282e-08,6.674480573565233499e-06,1.687048061285167933e-04,6.439036224037408829e-04,1.187348738312721252e-03,1.563651720061898232e-03,1.690719975158572197e-03,1.548240776173770428e-03,1.280997996218502522e-03,9.473590180277824402e-04,6.323041743598878384e-04,3.832514339592307806e-04,1.896389439934864640e-04,9.594529547030106187e-05,3.209785063518211246e-05,7.524108241341309622e-06,5.920673629589146003e-06,-1.900830739032244310e-06,6.540958565892651677e-07,-1.729147243167972192e-06
3.533846438585896976e-06,5.783062988484743983e-06,1.425936643499881029e-04,5.678405868820846081e-04,1.071076956577599049e-03,1.464869477786123753e-03,1.643148018047213554e-03,1.587979262694716454e-03,1.393318641930818558e-03,1.101412111893296242e-03,8.050233009271323681e-04,5.281156045384705067e-04,2.957210235763341188e-04,1.645927986828610301e-04,7.236235978780314326e-05,2.252463673357851803e-05,9.818839316722005606e-06,-2.214588050719612511e-07,-1.127677592194231693e-06,-1.284812469748430885e-06
4.380119662528159097e-07,5.256841177470050752e-06,1.292576052946969867e-04,4.101334488950669765e-04,6.789615727029740810e-04,7.911645807325839996e-04,6.983034545555710793e-04,5.074345972388982773e-04,2.946865570265799761e-04,1.118008513003587723e-04,1.056544442690210417e-05,-2.977971416839864105e-05,-3.201681101927533746e-05,-1.055764096236089244e-05,1.469996732339495793e-06,1.415647147950949147e-06,-1.098902544072188903e-06,6.366780098687740974e-07,-4.390406900256493827e-07,5.439723622657766100e-07
-4.883756332674238365e-07,3.302505774627206847e-06,1.542815589345991611e-04,5.536783137358725071e-04,9.846411412581801414e-04,1.249691820703446865e-03,1.282804296351969242e-03,1.108844066038727760e-03,8.536963723599910736e-04,5.763877416029572487e-04,3.453191602602601051e-04,1.865708618424832821e-04,7.819836173439398408e-05,3.790259870584122837e-05,1.249592332897009328e-05,1.211779590448713861e-06,2.860029098883387633e-06,-1.303300564359233249e-06,-3.693921541980671464e-07,-3.130142829377291491e-07
3.283274452314799419e-07,-1.146112609262672777e-07,3.724149428308010101e-05,1.092263773898594081e-04,1.737890270305797458e-04,2.060646511381492019e-04,1.949204597622156143e-04,1.653913350310176611e-04,1.400085748173296452e-04,1.105410410673357546e-04,9.669130668044090271e-05,8.439107477897778153e-05,5.448560841614380479e-05,5.094609150546602905e-05,3.100598041783086956e-05,9.410337952431291342e-06,7.536162229371257126e-06,-1.101468569686403498e-06,1.220934564116760157e-06,-7.691313612667727284e-07
-6.980467333050910383e-06,-4.633343905879883096e-06,8.964023436419665813e-05,3.582646604627370834e-04,7.584558334201574326e-04,1.212378032505512238e-03,1.552025089040398598e-03,1.823837053962051868e-03,1.892206841148436069e-03,1.730952993966639042e-03,1.497865305282175541e-03,1.127286464907228947e-03,7.718118722550570965e-04,4.535329353529959917e-04,2.698827593121677637e-04,1.060906288330443203e-04,2.642856816237326711e-05,1.194402830151375383e-05,1.153502125816885382e-05,3.652844497992191464e-06
-2.183121949883570778e-07,3.307625320303486660e-06,6.596103776246309280e-05,1.918792258948087692e-04,2.996677358169108629e-04,3.275510971434414387e-04,2.575100807007402182e-04,1.624863798497244716e-04,7.376378925982862711e-05,6.495140041806735098e-06,-1.165496632893336937e-05,-7.336262115131830797e-06,-5.346880243450868875e-06,1.645224620006047189e-05,1.529789005871862173e-05,7.066852049320004880e-06,3.597439445002237335e-06,-1.224045263370499015e-06,-1.497587163612479344e-06,-5.621459990834409837e-07
-6.322256353996635880e-07,8.850061021803412586e-06,2.057029778370633721e-04,6.688463035970926285e-04,1.119016553275287151e-03,1.314764958806335926e-03,1.170630333945155144e-03,8.542275172658264637e-04,4.870968696195632219e-04,1.695847895462065935e-04,-1.372154110867995769e-05,-9.178399341180920601e-05,-8.406176493735983968e-05,-5.088675607112236321e-05,-1.821672049118205905e-05,-4.280677330825710669e-06,-7.760078005958348513e-06,1.331096200374304317e-06,-1.167016307590529323e-06,1.968776587091269903e-06
-1.921505145219271071e-06,7.309108696063049138e-06,3.205693210475146770e-04,1.139853731729090214e-03,2.007646486163139343e-03,2.508589532226324081e-03,2.498268149793148041e-03,2.077929908409714699e-03,1.488716574385762215e-03,8.948221220634877682e-04,4.341024323366582394e-04,1.470105198677629232e-04,1.474541113566374406e-05,-3.158711115247569978e-05,-2.714933543757069856e-05,-1.302144391956971958e-05,-8.153409908118192106e-06,-6.246528982956078835e-07,1.417303252537749358e-07,2.280047738167922944e-06
