-5.684707139153033495e-05,2.572632001829333603e-05,9.822881838772445917e-05,3.660138463601469994e-04,7.195418002083897591e-04,9.339630487374961376e-04,9.676929912529885769e-04,8.626159396953880787e-04,6.859369459562003613e-04,4.914825549349188805e-04,3.080816823057830334e-04,1.566596911288797855e-04,6.652584852417930961e-05,3.085959906456992030e-05,5.200820851314347237e-06,2.819771907525137067e-05,3.278195435996167362e-05,-1.624925062060356140e-05,5.668126505042891949e-06,-2.158341339963953942e-05
-4.919627463095821440e-05,-7.006502073636511341e-06,1.817226730054244399e-04,5.450967582874000072e-04,1.051969127729535103e-03,1.362717594020068645e-03,1.408588490448892117e-03,1.283686142414808273e-03,1.038860180415213108e-03,7.715590763837099075e-04,5.186593625694513321e-04,2.926282759290188551e-04,1.568566513014957309e-04,1.146918220911175013e-04,6.775811925763264298e-05,-9.848989975580479950e-06,8.545959281036630273e-05,-1.148893807112472132e-05,-4.056895340909250081e-05,1.505533964518690482e-05
-7.627292507095262408e-05,4.615574653143994510e-05,9.927560313371941447e-05,4.161812539678066969e-04,8.254097774624824524e-04,1.073251245543360710e-03,1.114194747060537338e-03,9.853357914835214615e-04,7.783141918480396271e-04,5.488204769790172577e-04,3.334452339913696051e-04,1.600580726517364383e-04,5.638599395751953125e-05,1.264310867554740980e-05,-1.340519702353049070e-05,5.003516344004310668e-05,2.436638351355213672e-05,-2.323561056982725859e-05,2.342176594538614154e-05,-4.126540079596452415e-05
-4.071725197718478739e-05,4.398018427309580147e-05,8.079395229287911206e-06,1.214671865454874933e-04,2.468011807650327682e-04,3.276142815593630075e-04,3.438611747696995735e-04,2.913077187258750200e-04,2.209131635027006269e-04,1.399938628310337663e-04,6.672219024039804935e-05,1.604210592631716281e-05,-1.622512536414433271e-05,-3.350288898218423128e-05,-3.814787123701535165e-05,4.550742960418574512e-05,-1.554336449771653861e-05,-1.176356727228267118e-05,3.513006595312617719e-05,-4.132853791816160083e-05
-1.424336824129568413e-05,-1.249779415957164019e-05,1.062304581864736974e-04,2.900309918913990259e-04,5.496965022757649422e-04,7.159514934755861759e-04,7.404632051475346088e-04,6.856001564301550388e-04,5.608426290564239025e-04,4.239698464516550303e-04,2.961717837024480104e-04,1.748665963532403111e-04,1.005908052320592105e-04,8.275046275230124593e-05,5.276345837046392262e-05,-1.885075835161842406e-05,5.377835623221471906e-05,1.111961100974667715e-08,-3.490791277727112174e-05,1.917217014124616981e-05
-6.155081064207479358e-05,2.408064574410673231e-05,1.164082423201762140e-04,4.194113134872168303e-04,8.233308908529579639e-04,1.067698467522859573e-03,1.105773495510220528e-03,9.884695755317807198e-04,7.879245094954967499e-04,5.675000138580799103e-04,3.593156579881906509e-04,1.856853050412610173e-04,8.239682210842147470e-05,4.250324855092912912e-05,1.253901882591890171e-05,2.660421341715846211e-05,4.170907777734100819e-05,-1.765807792253326625e-05,1.224330389959504828e-06,-1.940154834301210940e-05
-2.381933882134035230e-05,-1.081187565432628617e-05,1.169130118796601892e-04,3.335467190481722355e-04,6.372550269588828087e-04,8.270766120404005051e-04,8.541359566152095795e-04,7.831655675545334816e-04,6.363401771523058414e-04,4.767854989040642977e-04,3.258665383327752352e-04,1.881207717815414071e-04,1.053027153830043972e-04,8.173193782567977905e-05,5.021457400289364159e-05,-1.413880181644344702e-05,5.768514529336243868e-05,-3.454249963397160172e-06,-3.278943768236786127e-05,1.642965253267902881e-05
-3.872918750857934356e-05,3.271829336881637573e-05,3.257631396991200745e-05,1.731449883664026856e-04,3.436439437791705132e-04,4.514731408562511206e-04,4.704448219854384661e-04,4.114139301236718893e-04,3.213648160453885794e-04,2.200504386564716697e-04,1.267244224436581135e-04,5.449568925541825593e-05,1.034526849252870306e-05,-9.142208000412210822e-06,-1.991585304494947195e-05,3.365443990333005786e-05,3.479946428797120461e-07,-1.046614670485723764e-05,2.141107324860058725e-05,-2.986310937558300793e-05
-5.247662556939758360e-05,3.477598147583194077e-05,6.277662032516673207e-05,2.741139032877981663e-04,5.426151328720152378e-04,7.071549771353602409e-04,7.344253244809806347e-04,6.475237314589321613e-04,5.098881083540618420e-04,3.573868889361619949e-04,2.144914469681680202e-04,1.008967083180323243e-04,3.273703623563051224e-05,3.454946636338718235e-06,-1.392853391735116020e-05,3.709246811922639608e-05,1.294613412028411403e-05,-1.516566317150136456e-05,1.903497104649432003e-05,-3.115056824753992260e-05
-5.947492900304496288e-05,2.589611995063023642e-06,1.746163179632276297e-04,5.498095415532588959e-04,1.067851088009774685e-03,1.381719135679304600e-03,1.428239978849887848e-03,1.292754430323839188e-03,1.040932256728410721e-03,7.663171272724866867e-04,5.055806250311434269e-04,2.784100652206689119e-04,1.430163101758807898e-04,9.688990394352003932e-05,5.274487921269610524e-05,2.870963044188101776e-06,7.765597547404468060e-05,-1.577321927470620722e-05,-2.863909139705356210e-05,4.180060841463273391e-06
-6.480569572886452079e-05,9.485172995482571423e-06,1.697987900115549564e-04,5.513511132448911667e-04,1.074083731509745121e-03,1.390318851917982101e-03,1.437843427993357182e-03,1.297577284276485443e-03,1.042361254803836346e-03,7.634673966094851494e-04,4.989699809812009335e-04,2.708829997573047876e-04,1.350036764051765203e-04,8.722890925128012896e-05,4.432314017321914434e-05,1.055346911016386002e-05,7.239777187351137400e-05,-1.784585037967190146e-05,-2.140291508112568408e-05,-2.872650384233566001e-06
-5.979673733236268163e-05,5.904032877879217267e-05,2.192970896430779248e-05,1.998810475924983621e-04,4.057243932038545609e-04,5.347756086848676205e-04,5.596514674834907055e-04,4.790409002453088760e-04,3.672226739581674337e-04,2.400253579253330827e-04,1.235507079400122166e-04,3.915793058695271611e-05,-1.288889598072273657e-05,-3.969214230892248452e-05,-4.796989014721475542e-05,6.174960435600951314e-05,-1.584947312949225307e-05,-1.821062869566958398e-05,4.626809823093935847e-05,-5.556706673814915121e-05
-4.218665708322077990e-05,4.324419933254830539e-05,1.414241069142008200e-05,1.389589160680770874e-04,2.806499833241105080e-04,3.713158366736024618e-04,3.888670180458575487e-04,3.323281125631183386e-04,2.541714056860655546e-04,1.650008489377796650e-04,8.377553604077547789e-05,2.562500594649463892e-05,-1.073005569196539000e-05,-2.933714858954772353e-05,-3.558569369488395751e-05,4.473488661460578442e-05,-1.248550415766658261e-05,-1.207111927215009928e-05,3.356573142809793353e-05,-4.050071584060788155e-05
-4.161199103691615164e-05,4.546690979623235762e-05,7.256832759594544768e-06,1.222115824930369854e-04,2.487190067768096924e-04,3.305448044557124376e-04,3.471743257250636816e-04,2.939161204267293215e-04,2.227439108537510037e-04,1.406114461133256555e-04,6.650688737863674760e-05,1.527198764961212873e-05,-1.744508335832506418e-05,-3.492413452477194369e-05,-3.950641257688403130e-05,4.695107782026752830e-05,-1.653724211791995913e-05,-1.204627096740296111e-05,3.645176911959424615e-05,-4.278253618394955993e-05
-6.727254367433488369e-05,3.662196104414761066e-05,9.977331501431763172e-05,3.958715242333710194e-04,7.819571765139698982e-04,1.016323338262736797e-03,1.054364722222089767e-03,9.362901910208165646e-04,7.421695627272129059e-04,5.272103007882833481e-04,3.254392067901790142e-04,1.607603335287421942e-04,6.232615123735740781e-05,2.230623795185238123e-05,-3.984153408964630216e-06,3.965617725043557584e-05,2.877267252188175917e-05,-1.989231532206758857e-05,1.483444793848320842e-05,-3.208715497748926282e-05
-4.256854663253761828e-05,3.191684299963526428e-05,4.445587182999588549e-05,2.091778296744450927e-04,4.140902601648122072e-04,5.418174550868570805e-04,5.635694251395761967e-04,4.954895703122019768e-04,3.890407970175147057e-04,2.701367775443941355e-04,1.597430964466184378e-04,7.281297439476475120e-05,2.012060576817020774e-05,-2.556473873482900672e-06,-1.596001129655633122e-05,3.323129931231960654e-05,6.019513875799020752e-06,-1.172446718555875123e-05,1.902129770314786583e-05,-2.883800880226772279e-05
-4.346542118582874537e-05,4.573751357384026051e-05,1.103277463698759675e-05,1.348812656942754984e-04,2.736751630436629057e-04,3.625127137638628483e-04,3.801004786510020494e-04,3.231428854633122683e-04,2.459470415487885475e-04,1.575393544044345617e-04,7.719665154581889510e-05,2.080149897665251046e-05,-1.475418321206234396e-05,-3.352596831973642111e-05,-3.892727545462548733e-05,4.742871533380821347e-05,-1.497393895988352597e-05,-1.265340597456088290e-05,3.624302917160093784e-05,-4.297274790587835014e-05
-1.790718124539125711e-05,-5.312754365149885416e-05,2.338072808925062418e-04,5.942759453319013119e-04,1.124887261539697647e-03,1.454836456105113029e-03,1.499728416092693806e-03,1.394874299876391888e-03,1.146249822340905666e-03,8.780617499724030495e-04,6.230331491678953171e-04,3.769922186620533466e-04,2.281956258229911327e-04,1.932556042447686195e-04,1.325041521340608597e-04,-6.261509406613186002e-05,1.295427500735968351e-04,9.581394806446041912e-07,-9.326067811343818903e-05,6.367747846525162458e-05
-4.616002115653827786e-05,1.372104998154100031e-05,1.102665773942135274e-04,3.716595238074660301e-04,7.229177863337099552e-04,9.395817178301513195e-04,9.731570607982575893e-04,8.774049347266554832e-04,7.038345793262124062e-04,5.125973257236182690e-04,3.330659819766879082e-04,1.786452485248446465e-04,8.564035670133307576e-05,5.350364517653360963e-05,2.388179200352169573e-05,1.308083756157429889e-05,4.388660090626217425e-05,-1.170678933704039082e-05,-9.120212780544534326e-06,-8.358844752365257591e-06
-4.867744428338482976e-05,4.379759411676786840e-05,2.991039582411758602e-05,1.903147203847765923e-04,3.815224044956266880e-04,5.011539906263351440e-04,5.228820373304188251e-04,4.526568518485873938e-04,3.505419008433818817e-04,2.356262411922216415e-04,1.295262627536430955e-04,5.007918662158772349e-05,1.528599000266694929e-06,-2.183476499340031296e-05,-3.173540244461037219e-05,4.578473817673511803e-05,-5.675691681972239166e-06,-1.417032399331219494e-05,3.179988198098726571e-05,-4.065873872605152428e-05
-5.585118560702539980e-05,3.107711381744593382e-05,8.239064482040703297e-05,3.279109660070389509e-04,6.466831546276807785e-04,8.411139133386313915e-04,8.725849329493939877e-04,7.745801704004406929e-04,6.136664887890219688e-04,4.356175195425748825e-04,2.685338258743286133e-04,1.324897748418152332e-04,5.108370896778069437e-05,1.796866126824170351e-05,-4.171188720647478476e-06,3.338313763379119337e-05,2.338363810849841684e-05,-1.603389137017074972e-05,1.265186983800958842e-05,-2.714952461246866733e-05
-4.982480095350183547e-05,4.022345092380419374e-05,4.213073771097697318e-05,2.209583471994847059e-04,4.403138009365648031e-04,5.763741210103034973e-04,6.001385045237839222e-04,5.240578320808708668e-04,4.090816655661910772e-04,2.804952964652329683e-04,1.610803010407835245e-04,6.910767115186899900e-05,1.333327963948249817e-05,-1.209473612107103691e-05,-2.481971387169323862e-05,4.227088356856256723e-05,1.349221292912261561e-06,-1.442973189114127308e-05,2.684179708012379706e-05,-3.692070458782836795e-05
-3.741822001757100224e-05,4.481262294575572014e-05,-2.703405243664747104e-06,8.934442303143441677e-05,1.841219054767861962e-04,2.471614279784262180e-04,2.609965449664741755e-04,2.164719189750030637e-04,1.606130535947158933e-04,9.508480434305965900e-05,3.680581721710041165e-05,-4.342554404956899816e-07,-2.537821274017915130e-05,-3.982866473961621523e-05,-4.187710146652534604e-05,4.620926483767107129e-05,-2.070764276140835136e-05,-1.087253713194513693e-05,3.735422069439664483e-05,-4.235060259816236794e-05
-3.904509139829315245e-05,2.966453030239790678e-05,4.038547922391444445e-05,1.910756109282374382e-04,3.778279060497879982e-04,4.946864210069179535e-04,5.145501927472651005e-04,4.521776863839477301e-04,3.548120439518243074e-04,2.461482654325664043e-04,1.452526921639218926e-04,6.599535845452919602e-05,1.793524279491975904e-05,-2.785232481983257458e-06,-1.517512646387331188e-05,3.077801011386327446e-05,5.158417479833588004e-06,-1.055211487255292013e-05,1.771979805198498070e-05,-2.674846655281726271e-05
-4.257928230799734592e-05,3.777089295908808708e-05,2.858518928405828774e-05,1.722977031022310257e-04,3.440457512624561787e-04,4.519851354416459799e-04,4.713283269666135311e-04,4.089293652214109898e-04,3.172438591718673706e-04,2.142631565220654011e-04,1.191236733575351536e-04,4.748079300043173134e-05,3.688804326884564944e-06,-1.701183100522030145e-05,-2.653916817507706583e-05,3.932778781745582819e-05,-3.652061877801315859e-06,-1.201071336254244670e-05,2.672644950507674366e-05,-3.488475704216398299e-05
-4.071979128639213741e-05,4.024878580821678042e-05,1.958226494025439024e-05,1.489840360591188073e-04,2.990704088006168604e-04,3.953583654947578907e-04,4.136197094339877367e-04,3.570290282368659973e-04,2.755854511633515358e-04,1.825400977395474911e-04,9.799702820600941777e-05,3.515046773827634752e-05,-3.859078333334764466e-06,-2.240218964288942516e-05,-3.032797576452139765e-05,4.117322532692924142e-05,-8.735488336242269725e-06,-1.130527289205929264e-05,2.983393824251834303e-05,-3.743303386727347970e-05
-4.394914503791369498e-05,4.159574018558487296e-06,1.273728994419798255e-04,4.042627406306564808e-04,7.834224961698055267e-04,1.015678630210459232e-03,1.050294260494410992e-03,9.507980430498719215e-04,7.653725915588438511e-04,5.627103964798152447e-04,3.710280871018767357e-04,2.039754035649821162e-04,1.040389106492511928e-04,7.046157406875863671e-05,3.717209619935601950e-05,3.604746780183631927e-06,5.568243432207964361e-05,-1.079710182239068672e-05,-1.984876325877849013e-05,1.274483111046720296e-06
-4.927178451907821000e-05,4.119331424590200186e-05,3.874649701174348593e-05,2.123789163306355476e-04,4.238200199324637651e-04,5.555013194680213928e-04,5.788415437564253807e-04,5.047393497079610825e-04,3.934934793505817652e-04,2.685604558791965246e-04,1.529920118628069758e-04,6.434734677895903587e-05,1.035667082760483027e-05,-1.434158366464544088e-05,-2.640396814967971295e-05,4.307470589992590249e-05,-5.670464133800123818e-07,-1.422597688360838220e-05,2.808821591315791011e-05,-3.795547672780230641e-05
-3.147498136968351901e-05,1.276532111660344526e-05,7.598648517159745097e-05,2.592387900222092867e-04,5.015419446863234043e-04,6.552948616445064545e-04,6.798168760724365711e-04,6.145467632450163364e-04,4.935148754157125950e-04,3.589801490306854248e-04,2.342344523640349507e-04,1.257810217794030905e-04,5.958397014182992280e-05,3.815299351117573678e-05,1.600290670467074960e-05,1.039928702084580436e-05,2.894628232752438635e-05,-6.756236871297005564e-06,-5.424391929409466684e-06,-7.882190402597188950e-06
-2.482686431903857738e-05,-7.119938527466729283e-05,2.947105385828763247e-04,7.473310106433928013e-04,1.418644213117659092e-03,1.829191809520125389e-03,1.883529475890100002e-03,1.747761969454586506e-03,1.434458070434629917e-03,1.098901382647454739e-03,7.769071962684392929e-04,4.695187089964747429e-04,2.853202458936721087e-04,2.393184258835390210e-04,1.652867213124409318e-04,-7.946963887661695480e-05,1.647969038458541036e-04,-9.763075468072202057e-07,-1.175898069050163031e-04,8.226943464251235127e-05
-4.335111225373111665e-05,4.513484964263625443e-05,1.228050678037106991e-05,1.374480052618309855e-04,2.784699317999184132e-04,3.686308627948164940e-04,3.863357705995440483e-04,3.290621971245855093e-04,2.508993202354758978e-04,1.615279616089537740e-04,8.021594112506136298e-05,2.273212703585159034e-05,-1.338247784588020295e-05,-3.226007538614794612e-05,-3.798707984969951212e-05,4.678984987549483776e-05,-1.414998769178055227e-05,-1.257437907042913139e-05,3.553722490323707461e-05,-4.237143002683296800e-05
-5.940814662608318031e-05,4.304814137867651880e-05,6.119452882558107376e-05,2.880232641473412514e-04,5.729147815145552158e-04,7.476008031517267227e-04,7.774023106321692467e-04,6.828142795711755753e-04,5.359603674151003361e-04,3.722986148204654455e-04,2.196212881244719028e-04,9.960027091437950730e-05,2.728817889874335378e-05,-4.560071829473599792e-06,-2.174075962102506310e-05,4.574233025778084993e-05,8.667125257488805801e-06,-1.763781801855657250e-05,2.641972969286143780e-05,-3.918527727364562452e-05
-9.076591595658101141e-06,-3.444420508458279073e-05,1.714646787149831653e-04,4.354395205155014992e-04,8.187594939954578876e-04,1.065699965693056583e-03,1.101167988963425159e-03,1.030295039527118206e-03,8.495327201671898365e-04,6.514488486573100090e-04,4.668125475291162729e-04,2.836947096511721611e-04,1.709313801256939769e-04,1.482791121816262603e-04,1.004999357974156737e-04,-4.626518057193607092e-05,9.314459020970389247e-05,3.549134362401673570e-06,-6.904929614393040538e-05,4.510603321250528097e-05
-5.460848115035332739e-05,-2.599982144602108747e-05,2.487441524863243103e-04,7.117049535736441612e-04,1.369855017401278019e-03,1.770216622389853001e-03,1.827321713790297508e-03,1.671612495556473732e-03,1.357201137579977512e-03,1.016296562738716602e-03,6.915702251717448235e-04,3.975065483245998621e-04,2.217379806097596884e-04,1.688039192231371999e-04,1.062588489730842412e-04,-2.937609860964585096e-05,1.240661804331466556e-04,-1.245226667379029095e-05,-6.836168176960200071e-05,3.579272743081673980e-05
-3.986160663771443069e-05,4.621164043783210218e-05,2.414652158222452272e-07,1.017688409774564207e-04,2.090764464810490608e-04,2.793321327771991491e-04,2.943766885437071323e-04,2.457651135046035051e-04,1.836984447436407208e-04,1.113009711843915284e-04,4.652590359910391271e-05,4.084728061570785940e-06,-2.381457488809246570e-05,-3.973142884206026793e-05,-4.243479997967369854e-05,4.778222864842973650e-05,-2.003628469537943602e-05,-1.166928632301278412e-05,3.818329059868119657e-05,-4.363945481600239873e-05
-4.292088488000445068e-05,4.407814776641316712e-05,1.376799809804651886e-05,1.397313753841444850e-04,2.825199626386165619e-04,3.737157676368951797e-04,3.914175031241029501e-04,3.341064148116856813e-04,2.552626538090407848e-04,1.653220533626154065e-04,8.334552694577723742e-05,2.493973988748621196e-05,-1.160649026132887229e-05,-3.049734368687495589e-05,-3.658729474409483373e-05,4.568820077111013234e-05,-1.302115651924395934e-05,-1.237403557752259076e-05,3.439146894379518926e-05,-4.131609239266254008e-05
-5.077187961433082819e-05,3.763644417631439865e-05,5.228631926001980901e-05,2.472583146300166845e-04,4.908410483039915562e-04,6.415321840904653072e-04,6.673503085039556026e-04,5.865524290129542351e-04,4.605766444001346827e-04,3.197249607183039188e-04,1.888864935608580709e-04,8.583086309954524040e-05,2.343450069020036608e-05,-3.601656317187007517e-06,-1.888353290269151330e-05,3.951497637899592519e-05,7.070967967592878267e-06,-1.453360982850426808e-05,2.283852518303319812e-05,-3.421174551476724446e-05
4.014966907561756670e-05,-1.469943235861137509e-04,3.789323091041296721e-04,8.074732613749802113e-04,1.478995196521282196e-03,1.912190578877925873e-03,1.963167451322078705e-03,1.875712652690708637e-03,1.572329318150877953e-03,1.250001718290150166e-03,9.441825095564126968e-04,6.171062705107033253e-04,4.108960856683552265e-04,3.803101135417819023e-04,2.778315683826804161e-04,-1.744454639265313745e-04,2.322542131878435612e-04,2.524536103010177612e-05,-2.076183445751667023e-04,1.654313964536413550e-04
-5.135665560374036431e-05,3.775991717702709138e-05,5.306828825268894434e-05,2.500663686078041792e-04,4.964962136000394821e-04,6.485910853371024132e-04,6.745518185198307037e-04,5.926921148784458637e-04,4.652760108001530170e-04,3.230941365472972393e-04,1.907477417262271047e-04,8.665605855640023947e-05,2.375929034315049648e-05,-3.679524979816051200e-06,-1.902022086142096668e-05,3.979060420533642173e-05,7.343354354816256091e-06,-1.479565071349497885e-05,2.293244142492767423e-05,-3.429547359701246023e-05
-4.886174428975209594e-05,1.612442247278522700e-05,1.055587345035746694e-04,3.650436701718717813e-04,7.125823176465928555e-04,9.249538416042923927e-04,9.577018208801746368e-04,8.599546854384243488e-04,6.877895793877542019e-04,4.985732375644147396e-04,3.202408261131495237e-04,1.692164369160309434e-04,7.890282722655683756e-05,4.587950752465985715e-05,1.802962106012273580e-05,1.697727748251054436e-05,4.047856418765150011e-05,-1.301524935115594417e-05,-4.959527359460480511e-06,-1.156016605818876997e-05
-3.886293052346445620e-05,4.669244299293495715e-05,-3.556856427167076617e-06,9.091163519769906998e-05,1.879389892565086484e-04,2.522842842154204845e-04,2.665508072823286057e-04,2.205889177275821567e-04,1.633632928133010864e-04,9.608796244719997048e-05,3.630460923886857927e-05,-1.635081616768729873e-06,-2.711074375838506967e-05,-4.206457015243358910e-05,-4.388735032989643514e-05,4.820114918402396142e-05,-2.191517341998405755e-05,-1.140931635745801032e-05,3.911987005267292261e-05,-4.418844036990776658e-05
-4.710677239927463233e-05,4.038783299620263278e-05,3.484264016151428223e-05,1.981350505957379937e-04,3.955143329221755266e-04,5.189505754970014095e-04,5.409549921751022339e-04,4.708922351710498333e-04,3.664893156383186579e-04,2.491295454092323780e-04,1.407168456353247166e-04,5.805670298286713660e-05,7.615884896949864924e-06,-1.568209881952498108e-05,-2.684250830498058349e-05,4.213082502246834338e-05,-1.957419954123906791e-06,-1.347851866739802063e-05,2.795949876599479467e-05,-3.726947761606425047e-05
-7.686468597967177629e-05,4.152594556217081845e-05,1.139743617386557162e-04,4.520220390986651182e-04,8.936852682381868362e-04,1.161132473498582840e-03,1.204603700898587704e-03,1.069831196218729019e-03,8.481712429784238338e-04,6.026858463883399963e-04,3.721610701177269220e-04,1.838371972553431988e-04,7.130143058020621538e-05,2.552393925725482404e-05,-4.161350261711049825e-06,4.513528983807191253e-05,3.304674828541465104e-05,-2.312155447725672275e-05,1.684852941252756864e-05,-3.640145223471336067e-05
-3.706177813000977039e-05,-5.227659585216315463e-06,1.371553807985037565e-04,4.113139002583920956e-04,7.923134253360331059e-04,1.026956946589052677e-03,1.061188289895653725e-03,9.667210979387164116e-04,7.819359307177364826e-04,5.806100671179592609e-04,3.899747098330408335e-04,2.200072776759043336e-04,1.181482948595657945e-04,8.638024155516177416e-05,5.040284304413944483e-05,-7.312433353945380077e-06,6.433135422412306070e-05,-8.007182259461842477e-06,-3.063483745791018009e-05,1.129648535425076261e-05
-4.820934191229753196e-05,2.741369098657742143e-05,7.007153908489271998e-05,2.803897077683359385e-04,5.522457649931311607e-04,7.185784052126109600e-04,7.453393191099166870e-04,6.609218544326722622e-04,5.230363458395004272e-04,3.708622825797647238e-04,2.278338361065834761e-04,1.119791559176519513e-04,4.268230622983537614e-05,1.421102479071123526e-05,-4.852889105677604675e-06,2.936390956165269017e-05,1.941470873134676367e-05,-1.353044353891164064e-05,1.145423084381036460e-05,-2.387895619904156774e-05
-6.045303962309844792e-06,-1.991134558920748532e-05,1.158409650088287890e-04,2.961326681543141603e-04,5.569147178903222084e-04,7.254327065311372280e-04,7.504171226173639297e-04,7.021452765911817551e-04,5.788015550933778286e-04,4.433321009855717421e-04,3.173658042214810848e-04,1.923336822073906660e-04,1.149904492194764316e-04,9.947366197593510151e-05,6.654196477029472589e-05,-2.952348222606815398e-05,6.122176273493096232e-05,2.826743184414226562e-06,-4.523158713709563017e-05,2.828606193361338228e-05
-5.634042827296070755e-05,4.072718002134934068e-05,5.858288932358846068e-05,2.744263038039207458e-04,5.452581681311130524e-04,7.116702036000788212e-04,7.399260066449642181e-04,6.499739829450845718e-04,5.101764691062271595e-04,3.545486833900213242e-04,2.092965150950476527e-04,9.512750693829730153e-05,2.635571217979304492e-05,-3.893700977641856298e-06,-2.046646841336041689e-05,4.323729444877244532e-05,8.506947779096662998e-06,-1.654275729379151016e-05,2.478701571817509830e-05,-3.699964872794225812e-05
-4.893589721177704632e-05,4.253183578839525580e-05,3.363661744515411556e-05,1.992567122215405107e-04,3.986278607044368982e-04,5.229057278484106064e-04,5.451487959362566471e-04,4.732121306005865335e-04,3.673815226648002863e-04,2.486456069163978100e-04,1.387026422889903188e-04,5.568057895288802683e-05,5.119043180457083508e-06,-1.886084646685048938e-05,-2.957707692985422909e-05,4.457163595361635089e-05,-3.472693151707062498e-06,-1.424029687768779695e-05,3.017732160515151918e-05,-3.933761036023497581e-05
-5.560306090046651661e-05,3.588968320400454104e-05,6.890642544021829963e-05,2.961270220112055540e-04,5.861420650035142899e-04,7.635829970240592957e-04,7.929689600132405758e-04,7.001128979027271271e-04,5.520281847566366196e-04,3.878032148350030184e-04,2.340012870263308287e-04,1.110685916501097381e-04,3.730921889655292034e-05,6.003259841236285865e-06,-1.291568878514226526e-05,3.831758658634498715e-05,1.522494403616292402e-05,-1.616647568880580366e-05,1.901012547023128718e-05,-3.209048736607655883e-05
-5.644598059006966650e-05,7.675839697185438126e-06,1.534439797978848219e-04,4.945591208525002003e-04,9.615488816052675247e-04,1.245684223249554634e-03,1.288483501411974430e-03,1.164456713013350964e-03,9.363667340949177742e-04,6.867146585136651993e-04,4.505430115386843681e-04,2.458367671351879835e-04,1.233972870977595448e-04,8.132855873554944992e-05,4.196211011731065810e-05,7.749937140033580363e-06,6.594538717763498425e-05,-1.490665908931987360e-05,-2.096686330332886428e-05,-1.377890725962060969e-06
-1.691124634817242622e-05,-2.712289278861135244e-05,1.546695566503331065e-04,4.083423700649291277e-04,7.734419777989387512e-04,1.003762357868254185e-03,1.036129891872406006e-03,9.607236715964972973e-04,7.872138521634042263e-04,5.987131735309958458e-04,4.209012258797883987e-04,2.513061335776001215e-04,1.483050436945632100e-04,1.235170057043433189e-04,8.177398558473214507e-05,-3.429517528275027871e-05,8.224001794587820768e-05,3.038039864122765721e-08,-5.614716792479157448e-05,3.514316631481051445e-05
-5.052551568951457739e-05,5.097628309158608317e-05,1.688398515398148447e-05,1.654285879340022802e-04,3.354143991600722075e-04,4.428213578648865223e-04,4.636455560103058815e-04,3.960187023039907217e-04,3.028771025128662586e-04,1.967908174265176058e-04,9.982625488191843033e-05,3.034897781617473811e-05,-1.280928609048714861e-05,-3.522193219396285713e-05,-4.209746475680731237e-05,5.312208668328821659e-05,-1.462645923311356455e-05,-1.504310512245865539e-05,3.999265391030348837e-05,-4.789366357726976275e-05
-4.696229370892979205e-05,1.436903312423964962e-05,1.013838482322171330e-04,3.493300173431634903e-04,6.822292343713343143e-04,8.845736156217753887e-04,9.153588325716555119e-04,8.211234817281365395e-04,6.563139613717794418e-04,4.758060385938733816e-04,3.050339291803538799e-04,1.610638282727450132e-04,7.547257700935006142e-05,4.352042014943435788e-05,1.710021024337038398e-05,1.585337304277345538e-05,3.919201844837516546e-05,-1.260125645785592496e-05,-5.049601895734667778e-06,-1.037787842506077141e-05
-6.997429863986326382e-06,-4.805350909009575844e-05,1.883267686935141683e-04,4.633714270312339067e-04,8.711440605111420155e-04,1.128116971813142300e-03,1.162543427199125290e-03,1.087237382307648659e-03,8.967798203229904175e-04,6.914612022228538990e-04,4.967705463059246540e-04,3.047552308999001980e-04,1.881242060335353017e-04,1.634487416595220566e-04,1.133363402914255857e-04,-5.755007441621273756e-05,1.065546093741431832e-04,4.066319888806901872e-06,-8.108320616884157062e-05,5.714013241231441498e-05
-6.440057768486440182e-05,3.356804518261924386e-05,9.835039963945746422e-05,3.844183229375630617e-04,7.585755083709955215e-04,9.851189097389578819e-04,1.021425588987767696e-03,9.071232052519917488e-04,7.190784672275185585e-04,5.117637920193374157e-04,3.163884102832525969e-04,1.570501190144568682e-04,6.214134918991476297e-05,2.331785071874037385e-05,-2.309079263795865700e-06,3.670033038360998034e-05,2.939954902103636414e-05,-1.902784788399003446e-05,1.264720049221068621e-05,-2.913025309680961072e-05
-4.220731352688744664e-05,-7.897016985225491226e-06,1.574461639393121004e-04,4.697122785728424788e-04,9.056331473402678967e-04,1.172416028566658497e-03,1.210973248817026615e-03,1.102846697904169559e-03,8.920268155634403229e-04,6.628961418755352497e-04,4.452475986909121275e-04,2.514586667530238628e-04,1.356832362944260240e-04,9.914219845086336136e-05,5.855862400494515896e-05,-9.520760613668244332e-06,7.463018118869513273e-05,-9.595000847184564918e-06,-3.596888564061373472e-05,1.435735157429007813e-05
-4.049434937769547105e-05,3.335810106364078820e-05,3.470997035037726164e-05,1.815531286410987377e-04,3.604973899200558662e-04,4.728060448542237282e-04,4.923754604533314705e-04,4.303091845940798521e-04,3.359978145454078913e-04,2.303827641298994422e-04,1.326064957538619637e-04,5.718642569263465703e-05,1.126045299315592274e-05,-9.328333362645935267e-06,-2.038134152826387435e-05,3.463412940618582070e-05,1.012681650536251254e-06,-1.114557744585908949e-05,2.184621007472742349e-05,-3.046344136237166822e-05
-4.186943988315761089e-05,4.820470712729729712e-05,6.209771754583925940e-07,1.075671243597753346e-04,2.211615646956488490e-04,2.951853384729474783e-04,3.110150573775172234e-04,2.598488936200737953e-04,1.944190589711070061e-04,1.181382322101853788e-04,4.982490281690843403e-05,4.872907993558328599e-06,-2.456996298860758543e-05,-4.135530980420298874e-05,-4.416414958541281521e-05,4.991521200281567872e-05,-2.072573624900542200e-05,-1.236689968209248036e-05,3.987116724601946771e-05,-4.556871135719120502e-05
-4.926467227051034570e-05,4.349212758825160563e-05,3.229995854781009257e-05,1.972032041521742940e-04,3.949576639570295811e-04,5.183953908272087574e-04,5.406638374552130699e-04,4.688559274654835463e-04,3.636737819761037827e-04,2.454323112033307552e-04,1.361422910122200847e-04,5.384738688007928431e-05,3.626548732427181676e-06,-2.029065035458188504e-05,-3.073536572628654540e-05,4.551465826807543635e-05,-4.473507033253554255e-06,-1.436053116776747629e-05,3.118029053439386189e-05,-4.031078424304723740e-05
-8.983201041701249778e-06,-2.068017056444659829e-05,1.268861524295061827e-04,3.293763438705354929e-04,6.204420351423323154e-04,8.084782166406512260e-04,8.362834341824054718e-04,7.808150257915258408e-04,6.426594336517155170e-04,4.907599068246781826e-04,3.495836572255939245e-04,2.106911997543647885e-04,1.249632477993145585e-04,1.071590013452805579e-04,7.115244807209819555e-05,-3.039374678337480873e-05,6.669408321613445878e-05,2.311840944457799196e-06,-4.801959585165604949e-05,2.947854409285355359e-05
-3.899415969499386847e-05,3.821026257355697453e-05,1.809972491173539311e-05,1.398964959662407637e-04,2.806632837746292353e-04,3.705610870383679867e-04,3.873499226756393909e-04,3.331575717311352491e-04,2.562952286098152399e-04,1.692767109489068389e-04,8.955541852628812194e-05,3.120144538115710020e-05,-4.866290510108228773e-06,-2.269073411298450083e-05,-2.985114406328648329e-05,3.944852869608439505e-05,-8.543010153516661376e-06,-1.085411986423423514e-05,2.863013833120930940e-05,-3.553938222466968000e-05
-3.707360519911162555e-05,2.276421582791954279e-05,5.358979979064315557e-05,2.170468360418453813e-04,4.261137510184198618e-04,5.563280428759753704e-04,5.775115569122135639e-04,5.127835320308804512e-04,4.060383362229913473e-04,2.874626079574227333e-04,1.769344235071912408e-04,8.696768054505810142e-05,3.275907147326506674e-05,1.119609441957436502e-05,-4.421747689775656909e-06,2.351011607970576733e-05,1.407722811563871801e-05,-9.615858289180323482e-06,9.490495358477346599e-06,-1.972686186491046101e-05
-3.760264371521770954e-05,4.435463051777333021e-05,-1.064277057594154030e-06,9.340096585219725966e-05,1.919365895446389914e-04,2.571036457084119320e-04,2.711834094952791929e-04,2.258066961076110601e-04,1.682362344581633806e-04,1.009447805699892342e-04,4.090266884304583073e-05,1.991158114833524451e-06,-2.382429011049680412e-05,-3.859437492792494595e-05,-4.103443643543869257e-05,4.574266131385229528e-05,-1.978117325052153319e-05,-1.089619945560116321e-05,3.672316961456090212e-05,-4.186963997199200094e-05
-3.139536056551150978e-05,-2.781387047434691340e-05,1.881764183053746819e-04,5.165303009562194347e-04,9.870384819805622101e-04,1.276759547181427479e-03,1.317107467912137508e-03,1.211416791193187237e-03,9.872453520074486732e-04,7.449655095115303993e-04,5.142146837897598743e-04,3.011321532540023327e-04,1.734588877297937870e-04,1.378891902277246118e-04,8.937070379033684731e-05,-3.232213566661812365e-05,9.746615251060575247e-05,-4.984910447092261165e-06,-6.024743561283685267e-05,3.576782546588219702e-05
-5.236192737356759608e-05,1.883155346149578691e-05,1.063497402356006205e-04,3.747017472051084042e-04,7.331832894124090672e-04,9.513384429737925529e-04,9.851072682067751884e-04,8.827049168758094311e-04,7.048779516480863094e-04,5.094142979942262173e-04,3.250458685215562582e-04,1.700598950264975429e-04,7.757661660434678197e-05,4.288904165150597692e-05,1.508215427747927606e-05,2.034602948697283864e-05,3.957155786338262260e-05,-1.437979790352983400e-05,-2.246587655463372357e-06,-1.441818585590226576e-05
-4.462831202545203269e-05,3.711567114805802703e-05,3.648512574727647007e-05,1.958417269634082913e-04,3.899088478647172451e-04,5.112472572363913059e-04,5.326117970980703831e-04,4.649360780604183674e-04,3.627524420153349638e-04,2.480825060047209263e-04,1.420218904968351126e-04,6.044744077371433377e-05,1.073482235369738191e-05,-1.176670593849848956e-05,-2.326768480997998267e-05,3.865768667310476303e-05,1.929745252482462092e-07,-1.258624342881375924e-05,2.484825381543487310e-05,-3.407229451113380492e-05
-2.671021138667128980e-05,-3.729650052264332771e-05,2.050400798907503486e-04,5.454969359561800957e-04,1.038408023305237293e-03,1.342932111583650112e-03,1.384787145070731640e-03,1.278980751521885395e-03,1.045565702952444553e-03,7.937370100989937782e-04,5.538202822208404541e-04,3.287056460976600647e-04,1.934161118697375059e-04,1.579113159095868468e-04,1.049460042850114405e-04,-4.339315637480467558e-05,1.093874452635645866e-04,-2.868904402930638753e-06,-7.237916724989190698e-05,4.608293602359481156e-05
-4.220029222778975964e-05,2.697409945540130138e-05,5.577161573455668986e-05,2.338497870368883014e-04,4.606949805747717619e-04,6.010346696712076664e-04,6.240581278689205647e-04,5.522493156604468822e-04,4.361401661299169064e-04,3.072915133088827133e-04,1.869330881163477898e-04,9.010611393023282290e-05,3.181314605171792209e-05,7.779876796121243387e-06,-8.160512152244336903e-06,2.830125595210120082e-05,1.323324795521330088e-05,-1.146919385064393282e-05,1.303559474763460457e-05,-2.380465411988552660e-05
1.379916193400276825e-05,-9.723432594910264015e-05,3.001096192747354507e-04,6.850933423265814781e-04,1.272254856303334236e-03,1.648770179599523544e-03,1.697811414487659931e-03,1.607346115633845329e-03,1.338755479082465172e-03,1.048199716024100780e-03,7.748883799649775028e-04,4.914219607599079609e-04,3.152596182189881802e-04,2.865202259272336960e-04,2.044213761109858751e-04,-1.173859564005397260e-04,1.769678347045555711e-04,1.448581679142080247e-05,-1.480832579545676708e-04,1.120345696108415723e-04
-5.960162161500193179e-05,2.802378185151610523e-05,1.059718488249927759e-04,3.933894622605293989e-04,7.723080925643444061e-04,1.004108460620045662e-03,1.041271490976214409e-03,9.306122665293514729e-04,7.414599531330168247e-04,5.319777992554008961e-04,3.357138484716415405e-04,1.719361753202974796e-04,7.342164462897926569e-05,3.608755287132225931e-05,7.834247298887930810e-06,2.933355244749691337e-05,3.558758180588483810e-05,-1.674811937846243382e-05,5.097996108816005290e-06,-2.302192297065630555e-05
-4.873214857070706785e-05,-1.111776782636297867e-05,1.931522128870710731e-04,5.708797252736985683e-04,1.100040622986853123e-03,1.424811780452728271e-03,1.472395146265625954e-03,1.344074727967381477e-03,1.089102122932672501e-03,8.110437192954123020e-04,5.477993399836122990e-04,3.110860416200011969e-04,1.688138872850686312e-04,1.255395327461883426e-04,7.569378794869408011e-05,-1.445275211153784767e-05,9.249540744349360466e-05,-1.107041589420987293e-05,-4.640671249944716692e-05,1.962050191650632769e-05
-4.176105358055792749e-05,3.997257226728834212e-05,2.108668377331923693e-05,1.534788025310263038e-04,3.078890440519899130e-04,4.058928752783685923e-04,4.240660637151449919e-04,3.654482716228812933e-04,2.817158820107579231e-04,1.870359992608428001e-04,1.001354612526483834e-04,3.607673352234996855e-05,-3.396942702238447964e-06,-2.273943573527503759e-05,-3.062304676859639585e-05,4.140951932640746236e-05,-7.957354682730510831e-06,-1.178059574158396572e-05,2.972484981000889093e-05,-3.718944935826584697e-05
-5.335035893949680030e-05,4.830314355785958469e-05,3.144214497297070920e-05,2.055320801446214318e-04,4.128535802010446787e-04,5.423676338978111744e-04,5.660795723088085651e-04,4.897175240330398083e-04,3.790472110267728567e-04,2.542592410463839769e-04,1.391938276356086135e-04,5.311723725753836334e-05,4.808108542420086451e-07,-2.493698957550805062e-05,-3.532574919518083334e-05,5.056704685557633638e-05,-6.933607437531463802e-06,-1.577290822751820087e-05,3.546960942912846804e-05,-4.497279587667435408e-05
-4.786560748470947146e-05,3.934206688427366316e-05,3.912212559953331947e-05,2.093601797241717577e-04,4.172679327894002199e-04,5.465839640237390995e-04,5.692697013728320599e-04,4.966576816514134407e-04,3.873572859447449446e-04,2.649876987561583519e-04,1.514870236860588193e-04,6.435206159949302673e-05,1.141594748332863674e-05,-1.281624281546100974e-05,-2.484206925146281719e-05,4.123405960854142904e-05,3.869891713748074835e-07,-1.376286036247620359e-05,2.649989619385451078e-05,-3.614142042351886630e-05
-5.033024717704392970e-05,3.619878407334908843e-05,5.443983900477178395e-05,2.508000761736184359e-04,4.972590832039713860e-04,6.494713015854358673e-04,6.752773188054561615e-04,5.941746640019118786e-04,4.670142952818423510e-04,3.251925809308886528e-04,1.931555307237431407e-04,8.882000838639214635e-05,2.579199463070835918e-05,-1.387310135214647744e-06,-1.710586911940481514e-05,3.811081114690750837e-05,8.642587090434972197e-06,-1.437595165043603629e-05,2.130316352122463286e-05,-3.275224298704415560e-05
-4.332043681642971933e-05,4.029142655781470239e-05,2.439779746055137366e-05,1.647534081712365150e-04,3.301801334600895643e-04,4.345673951320350170e-04,4.537183558568358421e-04,3.919960872735828161e-04,3.029349027201533318e-04,2.024494024226441979e-04,1.099873552448116243e-04,4.126054773223586380e-05,-9.470524560128978919e-07,-2.137740921170916408e-05,-2.998843410750851035e-05,4.185977741144597530e-05,-6.616943210246972740e-06,-1.231591613759519532e-05,2.953697003249544650e-05,-3.742477929336018860e-05
-5.337248148862272501e-05,2.596172453195322305e-05,8.815808541839942336e-05,3.345362783875316381e-04,6.578947068192064762e-04,8.546023746021091938e-04,8.857556967996060848e-04,7.885608356446027756e-04,6.262976094149053097e-04,4.475211608223617077e-04,2.791315782815217972e-04,1.407581148669123650e-04,5.825363768963143229e-05,2.534198392822872847e-05,2.013066932704532519e-06,2.819578003254719079e-05,2.816513551806565374e-05,-1.513330607849638909e-05,7.408194505842402577e-06,-2.205951932410243899e-05
-4.645756780519150198e-05,1.641779272176790982e-05,9.387928002979606390e-05,3.307024308014661074e-04,6.467686616815626621e-04,8.389674476347863674e-04,8.684111526235938072e-04,7.774590631015598774e-04,6.203866214491426945e-04,4.481612995732575655e-04,2.853718469850718975e-04,1.490970898885279894e-04,6.809134356444701552e-05,3.726681097759865224e-05,1.265269838768290356e-05,1.808329034247435629e-05,3.488608490442857146e-05,-1.255909592146053910e-05,-1.900381562336406205e-06,-1.268145206267945468e-05
-4.267202893970534205e-05,2.174543078581336886e-05,7.534381438745185733e-05,2.819437650032341480e-04,5.518804537132382393e-04,7.191437180154025555e-04,7.460577180609107018e-04,6.669299327768385410e-04,5.312047433108091354e-04,3.806050517596304417e-04,2.400609082542359829e-04,1.227466273121535778e-04,5.198959843255579472e-05,2.553629383328370750e-05,4.459789579414064065e-06,2.199697155447211117e-05,2.445222708047367632e-05,-1.115759187086950988e-05,4.418633125169435516e-06,-1.773765870893839747e-05
-5.582585799857042730e-05,5.371612860471941531e-05,2.437854891468305141e-05,1.954962644958868623e-04,3.951887483708560467e-04,5.203377804718911648e-04,5.439975066110491753e-04,4.672354843933135271e-04,3.592718858271837234e-04,2.369270951021462679e-04,1.245669263880699873e-04,4.236558379488997161e-05,-8.162340236594900489e-06,-3.368564284755848348e-05,-4.244452793500386178e-05,5.618600334855727851e-05,-1.244560644408920780e-05,-1.676252941251732409e-05,4.127326974412426353e-05,-5.036497896071523428e-05
-3.616934918682090938e-05,4.157381772529333830e-05,2.353249101361143403e-06,9.774982754606753588e-05,1.993734040297567844e-04,2.664249914232641459e-04,2.804503019433468580e-04,2.355520555283874273e-04,1.769806549418717623e-04,1.089342767954804003e-04,4.797185465577058494e-05,7.210042440419783816e-06,-1.940716538229025900e-05,-3.401276990189217031e-05,-3.736253711394965649e-05,4.274389357306063175e-05,-1.704014903225470334e-05,-1.026609515974996611e-05,3.375903179403394461e-05,-3.909367296728305519e-05
-2.569039497757330537e-05,-3.287242179794702679e-06,9.981745097320526838e-05,2.982287260238081217e-04,5.718592437915503979e-04,7.431778358295559883e-04,7.681716233491897583e-04,7.009960827417671680e-04,5.674134590663015842e-04,4.216304514557123184e-04,2.842035610228776932e-04,1.609379978617653251e-04,8.675838762428611517e-05,6.448652129620313644e-05,3.716036735568195581e-05,-5.790695468022022396e-06,4.660216654883697629e-05,-4.474351953831501305e-06,-2.287992356286849827e-05,8.251273357018362731e-06
-4.088452988071367145e-05,4.711559085990302265e-05,7.268783406289003324e-07,1.054002641467377543e-04,2.165154437534511089e-04,2.890568575821816921e-04,3.045451303478330374e-04,2.545281022321432829e-04,1.904790406115353107e-04,1.158207451226189733e-04,4.896813697996549308e-05,4.952999461238505319e-06,-2.388569919276051223e-05,-4.027950126328505576e-05,-4.311303928261622787e-05,4.874787919106893241e-05,-2.020749161601997912e-05,-1.200961833092151210e-05,3.890033985953778028e-05,-4.451084168977104127e-05
-5.332761793397367001e-05,-1.921475086419377476e-05,2.245853102067485452e-04,6.524919299408793449e-04,1.257299096323549747e-03,1.625507487915456295e-03,1.678362837992608547e-03,1.532826572656631470e-03,1.242859172634780407e-03,9.281083475798368454e-04,6.285713752731680870e-04,3.589644911698997021e-04,1.978090294869616628e-04,1.483820960856974125e-04,9.167114330921322107e-05,-2.188979669881518930e-05,1.101105735870078206e-04,-1.242134840140352026e-05,-5.796222467324696481e-05,2.812251113937236369e-05
-5.832811439177021384e-06,-8.620464359410107136e-05,2.940551203209906816e-04,7.047714316286146641e-04,1.326058758422732353e-03,1.710881129838526249e-03,1.760710729286074638e-03,1.648930017836391926e-03,1.362304086796939373e-03,1.055761589668691158e-03,7.623067358508706093e-04,4.715765535365790129e-04,2.960358688142150640e-04,2.586986520327627659e-04,1.834409631555899978e-04,-9.856880933512002230e-05,1.711715449346229434e-04,6.086377197789261118e-06,-1.332453830400481820e-04,9.831599163589999080e-05
-3.898269642377272248e-05,2.796993976517114788e-05,4.453157453099265695e-05,2.003506815526634455e-04,3.954033891204744577e-04,5.170729709789156914e-04,5.374564207158982754e-04,4.736340779345482588e-04,3.725903807207942009e-04,2.600901352707296610e-04,1.554001355543732643e-04,7.239053229568526149e-05,2.219694215455092490e-05,9.504311719865654595e-07,-1.239266839547781274e-05,2.907306770794093609e-05,7.746432856947649270e-06,-1.047688147082226351e-05,1.560798409627750516e-05,-2.500729715393390507e-05
-3.808875044342130423e-05,4.642719795810990036e-05,-4.971802809450309724e-06,8.594692917540669441e-05,1.780281600076705217e-04,2.395703777438029647e-04,2.533957595005631447e-04,2.089116169372573495e-04,1.540617085993289948e-04,8.938484097598120570e-05,3.209361966582946479e-05,-3.762919959626742639e-06,-2.809012585203163326e-05,-4.249914854881353676e-05,-4.399464887683279812e-05,4.790833918377757072e-05,-2.241984475404024124e-05,-1.116795920097501948e-05,3.908555663656443357e-05,-4.397077645990066230e-05
-3.909644146915525198e-05,2.541994945204351097e-05,5.468084418680518866e-05,2.258106687804684043e-04,4.435977607499808073e-04,5.800419021397829056e-04,6.026925402693450451e-04,5.353719461709260941e-04,4.240110574755817652e-04,2.996057155542075634e-04,1.843097124947234988e-04,9.011361544253304601e-05,3.304763231426477432e-05,1.071552651410456747e-05,-5.549064098886447027e-06,2.581868648121599108e-05,1.350226648355601355e-05,-1.016463011183077469e-05,1.114773658628109843e-05,-2.207291800004895777e-05
-2.775241955532692373e-05,-4.776054265676066279e-05,2.392558235442265868e-04,6.274750921875238419e-04,1.193974167108535767e-03,1.542680198326706886e-03,1.590299885720014572e-03,1.471049385145306587e-03,1.204180298373103142e-03,9.166183299385011196e-04,6.422456935979425907e-04,3.832749498542398214e-04,2.276687882840633392e-04,1.875133020803332329e-04,1.263604353880509734e-04,-5.489503746503032744e-05,1.295079709962010384e-04,-2.711158231250010431e-06,-8.778111077845096588e-05,5.769620838691480458e-05
-5.291452544042840600e-05,3.310942338430322707e-05,6.884014874231070280e-05,2.895370125770568848e-04,5.722513305954635143e-04,7.453527650795876980e-04,7.738437852822244167e-04,6.842784350737929344e-04,5.402560927905142307e-04,3.805928572546690702e-04,2.310483687324449420e-04,1.109240911318920553e-04,3.885146725224331021e-05,8.672469448356423527e-06,-1.023225195240229368e-05,3.529766036081127822e-05,1.641074413782916963e-05,-1.519754277978790924e-05,1.655509549891576171e-05,-2.942161336250137538e-05
1.154801702796248719e-05,-8.178621646948158741e-05,2.749428967945277691e-04,6.350681069307029247e-04,1.177527825348079205e-03,1.530878362245857716e-03,1.578143681399524212e-03,1.494852593168616295e-03,1.244619605131447315e-03,9.723969269543886185e-04,7.186079164966940880e-04,4.546858544927090406e-04,2.886739675886929035e-04,2.623689069878309965e-04,1.854256988735869527e-04,-1.034303641063161194e-04,1.587697479408234358e-04,1.367020286124898121e-05,-1.322610041825100780e-04,9.772121848072856665e-05
-4.953431562171317637e-05,2.380738078500144184e-05,8.418168727075681090e-05,3.168198163621127605e-04,6.221794756129384041e-04,8.087027817964553833e-04,8.382664527744054794e-04,7.472727447748184204e-04,5.941404961049556732e-04,4.250724159646779299e-04,2.662236220203340054e-04,1.350639940937981009e-04,5.665692151524126530e-05,2.592951932456344366e-05,3.346477342347498052e-06,2.554067395976744592e-05,2.736445458140224218e-05,-1.370289282931480557e-05,5.889785370527533814e-06,-2.007686271099373698e-05
-4.668969995691441000e-05,2.774940185190644115e-05,6.549103272845968604e-05,2.665941137820482254e-04,5.252733244560658932e-04,6.840723799541592598e-04,7.098414353094995022e-04,6.289985612966120243e-04,4.974385956302285194e-04,3.518906305544078350e-04,2.154317044187337160e-04,1.051478902809321880e-04,3.901193485944531858e-05,1.181627885671332479e-05,-6.277533884713193402e-06,2.949876034108456224e-05,1.723788045637775213e-05,-1.300024814554490149e-05,1.236073239851975814e-05,-2.433246663713362068e-05
-8.655882083985488862e-06,-3.257741263951174915e-05,1.468182599637657404e-04,3.704004629980772734e-04,6.971543771214783192e-04,9.045135229825973511e-04,9.329697932116687298e-04,8.703812491148710251e-04,7.163845002651214600e-04,5.496033700183033943e-04,3.921959141734987497e-04,2.384818508289754391e-04,1.448909897590056062e-04,1.244852610398083925e-04,8.461176184937357903e-05,-4.047003676532767713e-05,8.091152267297729850e-05,2.715275286391261034e-06,-5.972577127977274358e-05,4.025844464194960892e-05
-4.951167284161783755e-05,4.313964382163248956e-05,3.416879553697071970e-05,2.023162669502198696e-04,4.047278780490159988e-04,5.311283166520297527e-04,5.538263940252363682e-04,4.810868122149258852e-04,3.737352089956402779e-04,2.530280326027423143e-04,1.414992148056626320e-04,5.702338603441603482e-05,5.476870683196466416e-06,-1.873912879091221839e-05,-2.971705362142529339e-05,4.510940925683826208e-05,-3.466253019723808393e-06,-1.437354876543395221e-05,3.052380270673893392e-05,-3.993142672698013484e-05
-4.326057023718021810e-05,-2.972828588099218905e-05,2.200062299380078912e-04,6.153746508061885834e-04,1.181594794616103172e-03,1.525357947684824467e-03,1.573008717969059944e-03,1.440926920622587204e-03,1.171165029518306255e-03,8.803262608125805855e-04,6.019672728143632412e-04,3.489502705633640289e-04,1.985342678381130099e-04,1.535376359242945910e-04,9.845165914157405496e-05,-3.225929322070442140e-05,1.124316040659323335e-04,-9.084876182896550745e-06,-6.560165638802573085e-05,3.779933831538073719e-05
-4.543491377262398601e-05,4.480035568121820688e-05,1.883264485513791442e-05,1.573896734043955803e-04,3.173316363245248795e-04,4.187462036497890949e-04,4.379755118861794472e-04,3.757678205147385597e-04,2.885345602408051491e-04,1.895349123515188694e-04,9.889268403640016913e-05,3.295005080872215331e-05,-7.812514013494364917e-06,-2.835879058693535626e-05,-3.574525180738419294e-05,4.650238770409487188e-05,-1.106238414649851620e-05,-1.312842778133926913e-05,3.429365460760891438e-05,-4.190623076283372939e-05
-2.037155536527279764e-05,-7.454634032910689712e-05,3.079534799326211214e-04,7.737043197266757488e-04,1.464522792957723141e-03,1.892158645205199718e-03,1.949965022504329681e-03,1.815894735045731068e-03,1.493907650001347065e-03,1.147043425589799881e-03,8.166056941263377666e-04,4.961630329489707947e-04,3.024613833986222744e-04,2.575772232376039028e-04,1.785608619684353471e-04,-8.676646393723785877e-05,1.726434275042265654e-04,1.436574621038744226e-06,-1.261921279365196824e-04,8.799967326922342181e-05
-5.378765490604564548e-05,5.369580685510300100e-05,1.894992237794212997e-05,1.781815662980079651e-04,3.613307198975235224e-04,4.766683850903064013e-04,4.989325534552335739e-04,4.266220494173467159e-04,3.266559797339141369e-04,2.129104395862668753e-04,1.088285789592191577e-04,3.385674062883481383e-05,-1.255257939192233607e-05,-3.655170803540386260e-05,-4.399604949867352843e-05,5.604209945886395872e-05,-1.487391182308783755e-05,-1.615398286958225071e-05,4.205504956189543009e-05,-5.047201557317748666e-05
-4.473801891435869038e-05,4.156187424086965621e-05,2.481961746525485069e-05,1.689921773504465818e-04,3.389524063095450401e-04,4.459385527297854424e-04,4.655573575291782618e-04,4.019253537990152836e-04,3.104184288531541824e-04,2.072851930279284716e-04,1.122605535783804953e-04,4.180015457677654922e-05,-1.416926579622668214e-06,-2.251493424410000443e-05,-3.118636959698051214e-05,4.328045179136097431e-05,-6.991152076807338744e-06,-1.284284462599316612e-05,3.062083487748168409e-05,-3.862512312480248511e-05
-1.959764085768256336e-05,-1.170273972093127668e-04,4.184234130661934614e-04,1.023540506139397621e-03,1.936260028742253780e-03,2.493995474651455879e-03,2.566553419455885887e-03,2.393326954916119576e-03,1.971815479919314384e-03,1.521603087894618511e-03,1.088756369426846504e-03,6.674579926766455173e-04,4.143493133597075939e-04,3.555871080607175827e-04,2.512709470465779305e-04,-1.305741752730682492e-04,2.411891473457217216e-04,3.090164909735904075e-06,-1.813447161111980677e-04,1.325449120486155152e-04
-4.748735591419972479e-05,3.476289202808402479e-05,4.977559729013592005e-05,2.327321417396888137e-04,4.614448407664895058e-04,6.028399802744388580e-04,6.268175202421844006e-04,5.507625755853950977e-04,4.323175526224076748e-04,3.004012396559119225e-04,1.774618867784738541e-04,8.085361332632601261e-05,2.251869591418653727e-05,-2.952289833046961576e-06,-1.742921085678972304e-05,3.660202492028474808e-05,7.146592452045297250e-06,-1.348458499705884606e-05,2.087371649395208806e-05,-3.146917515550740063e-05
-3.825502790277823806e-05,3.138110332656651735e-05,3.418649430386722088e-05,1.752465759636834264e-04,3.473997930996119976e-04,4.558624932542443275e-04,4.747212224174290895e-04,4.156097129452973604e-04,3.249755827710032463e-04,2.233596460428088903e-04,1.294418034376576543e-04,5.655813947669230402e-05,1.213677205669227988e-05,-7.425841431540902704e-06,-1.844249527493957430e-05,3.238518547732383013e-05,1.637503487472713459e-06,-1.033083481161156669e-05,2.009849958994891495e-05,-2.854148260666988790e-05
4.108613211428746581e-05,-1.993738260352984071e-04,5.204426706768572330e-04,1.134761725552380085e-03,2.100070239976048470e-03,2.708082320168614388e-03,2.781958086416125298e-03,2.642843173816800117e-03,2.209418220445513725e-03,1.746432506479322910e-03,1.304625067859888077e-03,8.418888319283723831e-04,5.552548682317137718e-04,5.096761160530149937e-04,3.718188090715557337e-04,-2.293667494086548686e-04,3.192915464751422405e-04,2.797813976940233260e-05,-2.764171513263136148e-04,2.197406283812597394e-04
-3.959007517551071942e-05,4.472164437174797058e-05,3.200562787242233753e-06,1.077118358807638288e-04,2.201600145781412721e-04,2.933812793344259262e-04,3.086525539401918650e-04,2.592624805402010679e-04,1.949589495779946446e-04,1.204174186568707228e-04,5.339139897841960192e-05,8.504919605911709368e-06,-2.062131716229487211e-05,-3.681494490592740476e-05,-4.023690053145401180e-05,4.624032953870482743e-05,-1.806249747460242361e-05,-1.149831587099470198e-05,3.646973709692247212e-05,-4.213672582409344614e-05
-5.225875065661966801e-05,3.151720375171862543e-05,7.034150621620938182e-05,2.906921727117151022e-04,5.739156040363013744e-04,7.469603442586958408e-04,7.750933291390538216e-04,6.856521358713507652e-04,5.415022606030106544e-04,3.823097795248031616e-04,2.326939429622143507e-04,1.124484260799363256e-04,4.053769953316077590e-05,1.034236902341945097e-05,-8.761358913034200668e-06,3.382893919479101896e-05,1.774251722963526845e-05,-1.499666450399672613e-05,1.505537420598557219e-05,-2.780913928290829062e-05
-4.197933958494104445e-05,3.722455858223838732e-06,1.189835165860131383e-04,3.785356238950043917e-04,7.339927251450717449e-04,9.508065995760262012e-04,9.827320463955402374e-04,8.883467526175081730e-04,7.143520633690059185e-04,5.247697117738425732e-04,3.448695060797035694e-04,1.890607527457177639e-04,9.633736772229894996e-05,6.438166019506752491e-05,3.352434214320965111e-05,3.942644980270415545e-06,5.191964010009542108e-05,-1.039245580614078790e-05,-1.802776023396290839e-05,9.838391861194395460e-07
-6.862728332635015249e-05,-8.584988790971692652e-06,2.332047442905604839e-04,7.071543950587511063e-04,1.370430691167712212e-03,1.770996605046093464e-03,1.829380868002772331e-03,1.661775750108063221e-03,1.342011499218642712e-03,9.944675257429480553e-04,6.634538294747471809e-04,3.712818142957985401e-04,1.973907346837222576e-04,1.401503832312300801e-04,8.209688530769199133e-05,-8.845133379509206861e-06,1.090653677238151431e-04,-1.815219002310186625e-05,-4.850166442338377237e-05,1.728516326693352312e-05
-4.239418194629251957e-05,2.559542917879298329e-05,6.774356734240427613e-05,2.653936971910297871e-04,5.200621089898049831e-04,6.796170491725206375e-04,7.061040960252285004e-04,6.303398986347019672e-04,5.012974143028259277e-04,3.570576373022049665e-04,2.234822459286078811e-04,1.123421243391931057e-04,4.472271029953844845e-05,1.959435758180916309e-05,-1.744393074432082358e-07,2.518394467188045382e-05,1.947835517057683319e-05,-1.098032316804165021e-05,8.292826350952964276e-06,-2.131103792635258287e-05
-4.905509558739140630e-05,3.493239273666404188e-05,5.425285417004488409e-05,2.473086351528763771e-04,4.898782353848218918e-04,6.398485274985432625e-04,6.651796284131705761e-04,5.856886855326592922e-04,4.605969588737934828e-04,3.211350122001022100e-04,1.912900770548731089e-04,8.846188575262203813e-05,2.634817792568355799e-05,-2.691361657980451128e-07,-1.596804213477298617e-05,3.674464096548035741e-05,9.113373380387201905e-06,-1.390574561810353771e-05,2.020545980485621840e-05,-3.153596844640560448e-05
-4.733260357170365751e-05,-9.579880497767589986e-07,1.468873379053547978e-04,4.554145561996847391e-04,8.824531105346977711e-04,1.141540124081075191e-03,1.179254264570772648e-03,1.068273093551397324e-03,8.606958435848355293e-04,6.350676412694156170e-04,4.203603602945804596e-04,2.329545677639544010e-04,1.215870870510116220e-04,8.383871318073943257e-05,4.649095717468298972e-05,-7.095676437529618852e-07,6.657378980889916420e-05,-1.191492629004642367e-05,-2.672031405381858349e-05,6.454102276620687917e-06
-6.063243927201256156e-05,5.484993744175881147e-05,3.510820170049555600e-05,2.321524807484820485e-04,4.675014934036880732e-04,6.138305761851370335e-04,6.408502813428640366e-04,5.544327432289719582e-04,4.292739904485642910e-04,2.878121740650385618e-04,1.575118076289072633e-04,5.986706673866137862e-05,1.405389298270165455e-07,-2.870440766855608672e-05,-4.005047230748459697e-05,5.753717414336279035e-05,-8.112449904729146510e-06,-1.832537236623466015e-05,4.056577745359390974e-05,-5.121777576277963817e-05
-4.118848664802499115e-05,4.081468068761751056e-05,1.743197935866191983e-05,1.437959872419014573e-04,2.892531047109514475e-04,3.819995035883039236e-04,3.995198349002748728e-04,3.429411153774708509e-04,2.633740368764847517e-04,1.730959629639983177e-04,9.049806249095126987e-05,3.041901436517946422e-05,-6.804333679610863328e-06,-2.543745358707383275e-05,-3.245603147661313415e-05,4.222232382744550705e-05,-9.965358913177624345e-06,-1.164489276561653242e-05,3.100831236224621534e-05,-3.808604742516763508e-05
-5.167722702026367188e-05,3.329025275888852775e-05,6.531694816658273339e-05,2.787201374303549528e-04,5.510281189344823360e-04,7.181995897553861141e-04,7.458676118403673172e-04,6.591258570551872253e-04,5.200869636610150337e-04,3.656908520497381687e-04,2.213339757872745395e-04,1.056129258358851075e-04,3.604676021495833993e-05,6.865453087812056765e-06,-1.129440897784661502e-05,3.533365816110745072e-05,1.477024579799035564e-05,-1.476337911299197003e-05,1.717030863801483065e-05,-2.968538501590956002e-05
-4.701916259364224970e-05,2.817207314365077764e-05,6.576015584869310260e-05,2.683835336938500404e-04,5.288488464429974556e-04,6.889645010232925415e-04,7.150436867959797382e-04,6.337756058201193810e-04,5.013337358832359314e-04,3.545543004292994738e-04,2.171703672502189875e-04,1.059916103258728981e-04,3.922518590115942061e-05,1.190933926409343258e-05,-6.358381142490543425e-06,2.984810816997196525e-05,1.719675856293179095e-05,-1.305706155108055100e-05,1.258650627278257161e-05,-2.474073698977008462e-05
-4.246525350026786327e-05,3.784611908486112952e-05,2.825115188898053020e-05,1.713811070658266544e-04,3.422600275371223688e-04,4.497604095377027988e-04,4.690753121394664049e-04,4.069549031555652618e-04,3.156973980367183685e-04,2.130959182977676392e-04,1.183999047498218715e-04,4.708722917712293565e-05,3.449237510722014122e-06,-1.714282734610605985e-05,-2.662821498233824968e-05,3.935770655516535044e-05,-3.828261924354592338e-06,-1.196276207338087261e-05,2.681274963833857328e-05,-3.496901263133622706e-05
-2.924325417552608997e-05,-1.868097933765966445e-05,1.539954973850399256e-04,4.316550912335515022e-04,8.258053567260503769e-04,1.069141202606260777e-03,1.103327376767992973e-03,1.012354390695691109e-03,8.233959088101983070e-04,6.188412662595510483e-04,4.243296571075916290e-04,2.463624696247279644e-04,1.398214080836623907e-04,1.092730672098696232e-04,6.910299271112307906e-05,-2.218793815700337291e-05,7.788884249748662114e-05,-4.853593964071478695e-06,-4.588127922033891082e-05,2.537224827392492443e-05
-2.965074963867664337e-05,-2.133054113073740155e-05,1.600262912688776851e-04,4.455084854271262884e-04,8.523976430296897888e-04,1.102483132854104042e-03,1.137196901254355907e-03,1.043388503603637218e-03,8.487281156703829765e-04,6.385775050148367882e-04,4.381476901471614838e-04,2.548880875110626221e-04,1.455212186556309462e-04,1.139095184043981135e-04,7.259997073560953140e-05,-2.441641117911785841e-05,8.169360080501064658e-05,-5.021522156312130392e-06,-4.870684642810374498e-05,2.786282493616454303e-05
-4.241896385792642832e-05,3.009781357832252979e-05,4.802921830560080707e-05,2.164620818803086877e-04,4.277773841749876738e-04,5.589103675447404385e-04,5.808723508380353451e-04,5.115916137583553791e-04,4.023266956210136414e-04,2.807910204865038395e-04,1.675027742749080062e-04,7.784754416206851602e-05,2.370334186707623303e-05,5.614589895230892580e-07,-1.352447270619450137e-05,3.153615034534595907e-05,8.403182619076687843e-06,-1.166819311038125306e-05,1.700641041679773480e-05,-2.701387165870983154e-05
-5.788942507933825254e-05,-2.406499334028922021e-06,1.823376660468056798e-04,5.629905499517917633e-04,1.091814483515918255e-03,1.411695615388453007e-03,1.458408311009407043e-03,1.321938354521989822e-03,1.065669930540025234e-03,7.870700210332870483e-04,5.218262085691094398e-04,2.896508376579731703e-04,1.516452175565063953e-04,1.051148792612366378e-04,5.930390398134477437e-05,-2.097229980790871195e-06,8.326519309775903821e-05,-1.513629740657052025e-05,-3.405543247936293483e-05,9.207856237480882555e-06
-5.137906191521324217e-05,2.429030610073823482e-05,8.980921847978606820e-05,3.350239421706646681e-04,6.574856233783066273e-04,8.548144833184778690e-04,8.861963870003819466e-04,7.911032298579812050e-04,6.296942010521888733e-04,4.512385639827698469e-04,2.838199434336274862e-04,1.448211842216551304e-04,6.149460386950522661e-05,2.941886123153381050e-05,5.303227680997224525e-06,2.575452708697412163e-05,2.978775955853052437e-05,-1.417668318026699126e-05,5.034411969973007217e-06,-2.021165892074350268e-05
-4.228515899740159512e-05,4.583274130709469318e-05,7.988603101694025099e-06,1.254036469617858529e-04,2.550885255914181471e-04,3.387562464922666550e-04,3.556726151145994663e-04,3.013177483808249235e-04,2.285210357513278723e-04,1.446582173230126500e-04,6.886562186991795897e-05,1.633739702810999006e-05,-1.711618460831232369e-05,-3.497120633255690336e-05,-3.971132537117227912e-05,4.738918141811154783e-05,-1.637070818105712533e-05,-1.227240409207297489e-05,3.669767465908080339e-05,-4.312310556997545063e-05
-3.858382842736318707e-05,4.322765744291245937e-05,4.354980774223804474e-06,1.079231733456254005e-04,2.200046728830784559e-04,2.930321206804364920e-04,3.081044997088611126e-04,2.595151308923959732e-04,1.956470950972288847e-04,1.217475364683195949e-04,5.523176150745712221e-05,1.024924677039962262e-05,-1.881369826151058078e-05,-3.473150354693643749e-05,-3.846451363642700016e-05,4.462992001208476722e-05,-1.689479177002795041e-05,-1.109251570596825331e-05,3.498350997688248754e-05,-4.066638575750403106e-05
-5.492850323207676411e-05,-3.699165290527162142e-06,1.852337154559791088e-04,5.656995926983654499e-04,1.094548380933701992e-03,1.417115214280784130e-03,1.464817789383232594e-03,1.331469742581248283e-03,1.075510052032768726e-03,7.961646188050508499e-04,5.314954905770719051e-04,2.972280199173837900e-04,1.568844163557514548e-04,1.117202045861631632e-04,6.434733950300142169e-05,-5.316908300301292911e-06,8.547334437025710940e-05,-1.365330717817414552e-05,-3.735658174264244735e-05,1.142796463682316244e-05
-4.492220614338293672e-05,4.711803558166138828e-05,1.179367336590075865e-05,1.404278591508045793e-04,2.850030723493546247e-04,3.774565702769905329e-04,3.957675944548100233e-04,3.368193283677101135e-04,2.566399925854057074e-04,1.647340395720675588e-04,8.127891487674787641e-05,2.236815453215967864e-05,-1.471124687668634579e-05,-3.413232116145081818e-05,-3.981153349741362035e-05,4.882038774667307734e-05,-1.521517515357118100e-05,-1.311188771069282666e-05,3.729193485924042761e-05,-4.430278931977227330e-05
-4.556485509965568781e-05,2.477800535416463390e-06,1.323653268627822399e-04,4.178522503934800625e-04,8.106041932478547096e-04,1.049264683388173580e-03,1.084352144971489906e-03,9.807661408558487892e-04,7.891677087172865868e-04,5.804895190522074699e-04,3.822652797680348158e-04,2.102102153003215790e-04,1.078784916899167001e-04,7.270256901392713189e-05,3.878361167153343558e-05,2.830899120453977957e-06,5.849960507475771010e-05,-1.152487220679176971e-05,-2.125166793121024966e-05,2.583026798674836755e-06
-6.661515362793579698e-05,4.048027767566964030e-05,8.895539940567687154e-05,3.702632966451346874e-04,7.331499364227056503e-04,9.543086052872240543e-04,9.909806540235877037e-04,8.777657640166580677e-04,6.942484178580343723e-04,4.900307394564151764e-04,2.991860383190214634e-04,1.446727837901562452e-04,5.188978684600442648e-05,1.362313378194812685e-05,-1.031621104630175978e-05,4.330589581513777375e-05,2.228662197012454271e-05,-1.973426151380408555e-05,1.968344986380543560e-05,-3.609519990277476609e-05
-3.847284096991643310e-05,4.647225432563573122e-05,-4.072466708748834208e-06,8.882399561116471887e-05,1.837406452978029847e-04,2.468705351930111647e-04,2.609312941785901785e-04,2.156386326532810926e-04,1.594463683431968093e-04,9.332032641395926476e-05,3.462245877017267048e-05,-2.432419250908424146e-06,-2.741043135756626725e-05,-4.212127532809972763e-05,-4.381926191854290664e-05,4.796837311005219817e-05,-2.204612610512413085e-05,-1.128685835283249617e-05,3.900493538822047412e-05,-4.398988676257431507e-05
-4.482279837247915566e-05,5.139366476214490831e-05,7.456481512235768605e-07,1.152792756329290569e-04,2.373419411014765501e-04,3.166113456245511770e-04,3.335803921800106764e-04,2.788423444144427776e-04,2.087805332848802209e-04,1.270539214601740241e-04,5.386871998780407012e-05,5.508393769559916109e-06,-2.608626527944579720e-05,-4.406763400766067207e-05,-4.699441342381760478e-05,5.327575127012096345e-05,-2.203236181230749935e-05,-1.338245147053385153e-05,4.259064371581189334e-05,-4.865502705797553062e-05
-3.925986311514861882e-05,4.490009450819343328e-05,1.937223260028986260e-06,1.041202485794201493e-04,2.131732326233759522e-04,2.844466944225132465e-04,2.994731185026466846e-04,2.509587211534380913e-04,1.882648939499631524e-04,1.153833072748966515e-04,5.001269528293050826e-05,6.612421657337108627e-06,-2.171153028029948473e-05,-3.759907122002914548e-05,-4.072784213349223137e-05,4.639778489945456386e-05,-1.870706910267472267e-05,-1.140226959250867367e-05,3.679054862004704773e-05,-4.233331128489226103e-05
-5.481023617903701961e-05,2.969275556097272784e-05,8.313812577398493886e-05,3.271103196311742067e-04,6.446655024774372578e-04,8.383283275179564953e-04,8.695566211827099323e-04,7.725463947281241417e-04,6.125056534074246883e-04,4.354787233751267195e-04,2.693127607926726341e-04,1.336369023192673922e-04,5.246865475783124566e-05,1.968588549061678350e-05,-2.610058572827256285e-06,3.190569987054914236e-05,2.432263318041805178e-05,-1.565698585181962699e-05,1.132026136474451050e-05,-2.579687679826747626e-05
-6.219663919182494283e-05,2.680352554307319224e-05,1.119886583182960749e-04,4.113933246117085218e-04,8.082585991360247135e-04,1.049021142534911633e-03,1.086915726773440838e-03,9.705326519906520844e-04,7.728498312644660473e-04,5.551042850129306316e-04,3.498904407024383545e-04,1.793340779840946198e-04,7.763246685499325395e-05,3.813226066995412111e-05,9.002058504847809672e-06,2.922193925769533962e-05,3.858745549223385751e-05,-1.785431231837719679e-05,4.080988219357095659e-06,-2.207963552791625261e-05
-5.729170152335427701e-05,2.439126546960324049e-05,1.085311378119513392e-04,3.931343671865761280e-04,7.706821779720485210e-04,1.001192140392959118e-03,1.037747133523225784e-03,9.288570727221667767e-04,7.410240359604358673e-04,5.334883462637662888e-04,3.386575554031878710e-04,1.753125980030745268e-04,7.724455645075067878e-05,4.045713285449892282e-05,1.174231420009164140e-05,2.560241046012379229e-05,3.827877662843093276e-05,-1.596121546754147857e-05,1.637862169445725158e-06,-1.945410076586995274e-05
-4.425952283781953156e-05,-2.360364487685728818e-05,2.132035006070509553e-04,6.052940734662115574e-04,1.162445754744112492e-03,1.503429375588893890e-03,1.551924506202340126e-03,1.421657740138471127e-03,1.155233941972255707e-03,8.663501357659697533e-04,5.915214424021542072e-04,3.413798694964498281e-04,1.916053879540413618e-04,1.475474127801135182e-04,9.318040974903851748e-05,-2.737251270445995033e-05,1.069666468538343906e-04,-9.212574695993680507e-06,-6.053334436728619039e-05,3.238085628254339099e-05
-5.398597932071425021e-05,1.738896571623627096e-05,1.171877811430022120e-04,4.044441157020628452e-04,7.899565389379858971e-04,1.025040983222424984e-03,1.061346731148660183e-03,9.532447438687086105e-04,7.626086007803678513e-04,5.530662019737064838e-04,3.555258153937757015e-04,1.880228519439697266e-04,8.781993528828024864e-05,5.124550807522609830e-05,2.059506550722289830e-05,1.840260483731981367e-05,4.520846778177656233e-05,-1.465337663830723614e-05,-5.814719770569354296e-06,-1.238987442775396630e-05
-5.622773824143223464e-05,-2.202112773375120014e-05,2.376496267970651388e-04,6.883184541948139668e-04,1.327044214121997356e-03,1.714282087050378323e-03,1.769477035850286484e-03,1.615490182302892208e-03,1.309741055592894554e-03,9.784384164959192276e-04,6.624496309086680412e-04,3.784930740948766470e-04,2.092359500238671899e-04,1.567611179780215025e-04,9.733547631185501814e-05,-2.408354339422658086e-05,1.171314070234075189e-04,-1.340061226073885337e-05,-6.197442417033016682e-05,3.093989653280004859e-05
2.354753814870491624e-05,-1.053730011335574090e-04,2.984317252412438393e-04,6.567012169398367405e-04,1.210539136081933975e-03,1.567797735333442688e-03,1.612228224985301495e-03,1.533664297312498093e-03,1.281667849980294704e-03,1.011336338706314564e-03,7.559083751402795315e-04,4.874523438047617674e-04,3.184533852618187666e-04,2.925448061432689428e-04,2.111945359501987696e-04,-1.272592780878767371e-04,1.788300578482449055e-04,1.746895031828898937e-05,-1.551628665765747428e-04,1.204760337714105844e-04
-8.670719398651272058e-05,6.854135426692664623e-05,7.115633343346416950e-05,3.781846316996961832e-04,7.589044398628175259e-04,9.910679655149579048e-04,1.032211352139711380e-03,9.011728106997907162e-04,7.038349867798388004e-04,4.825415089726448059e-04,2.768307458609342575e-04,1.178541715489700437e-04,2.181467243644874543e-05,-2.244388269900809973e-05,-4.221175186103209853e-05,7.313836249522864819e-05,2.086327413053368218e-06,-2.727707578742410988e-05,4.717958654509857297e-05,-6.355413643177598715e-05
-6.099605161580257118e-05,-3.282859688624739647e-05,2.879329840652644634e-04,8.181815501302480698e-04,1.574446214362978935e-03,2.033959608525037766e-03,2.099322155117988586e-03,1.921938965097069740e-03,1.561456243507564068e-03,1.170812523923814297e-03,7.984600961208343506e-04,4.602540866471827030e-04,2.580731234047561884e-04,1.977052597794681787e-04,1.256962277693673968e-04,-3.673647370305843651e-05,1.448812254238873720e-04,-1.402834459440782666e-05,-8.133307710522785783e-05,4.399453973746858537e-05
-4.737959898193366826e-05,3.872935849358327687e-05,3.914994522347114980e-05,2.080492267850786448e-04,4.144845006521791220e-04,5.428229342214763165e-04,5.652522086165845394e-04,4.931909497827291489e-04,3.846682957373559475e-04,2.633205149322748184e-04,1.506469852756708860e-04,6.415505777113139629e-05,1.166481979453237727e-05,-1.239576795342145488e-05,-2.438333467580378056e-05,4.063544110977090895e-05,6.562817702615575399e-07,-1.360748865408822894e-05,2.599645267764572054e-05,-3.554274371708743274e-05
-5.137971675139851868e-05,4.018412073492072523e-05,4.698579505202360451e-05,2.362781960982829332e-04,4.702976439148187637e-04,6.152178393676877022e-04,6.403667503036558628e-04,5.607074708677828312e-04,4.387935041449964046e-04,3.023804165422916412e-04,1.757249992806464434e-04,7.723602902842685580e-05,1.753273500071372837e-05,-9.117256922763772309e-06,-2.306828173459507525e-05,4.222521602059714496e-05,3.570086164472741075e-06,-1.487398640165338293e-05,2.595885598566383123e-05,-3.677753193187527359e-05
-4.654928125091828406e-05,-3.049512815778143704e-05,2.374640607740730047e-04,6.659759092144668102e-04,1.278593786992132664e-03,1.651989412494003773e-03,1.704485737718641758e-03,1.562584191560745239e-03,1.270672655664384365e-03,9.549531387165188789e-04,6.537688896059989929e-04,3.789684269577264786e-04,2.148424391634762287e-04,1.666726893745362759e-04,1.068037672666832805e-04,-3.424645183258689940e-05,1.209077454404905438e-04,-9.730399142426904291e-06,-7.039542833808809519e-05,3.978750100941397250e-05
-7.359751907642930746e-05,-6.114615825936198235e-05,4.012175195384770632e-04,1.108202501200139523e-03,2.130051376298069954e-03,2.746567130088806152e-03,2.832281636074185371e-03,2.598568797111511230e-03,2.115230076014995575e-03,1.594099914655089378e-03,1.094713225029408932e-03,6.377075915224850178e-04,3.657663182821124792e-04,2.857197250705212355e-04,1.873413712019100785e-04,-6.576747546205297112e-05,2.083937142742797732e-04,-1.700255415926221758e-05,-1.249490887857973576e-04,7.546363485744222999e-05
-6.150729313958436251e-05,5.471045369631610811e-05,3.797959288931451738e-05,2.409304579487070441e-04,4.847916716244071722e-04,6.360597908496856689e-04,6.638439372181892395e-04,5.753371515311300755e-04,4.462139622773975134e-04,3.003345627803355455e-04,1.658711116760969162e-04,6.452798697864636779e-05,2.602859467515372671e-06,-2.698046955629251897e-05,-3.897852002410218120e-05,5.742551365983672440e-05,-6.760037649655714631e-06,-1.861930650193244219e-05,3.999252294306643307e-05,-5.102639624965377152e-05
-4.698170596384443343e-05,5.517376121133565903e-05,-2.975020379381021485e-06,1.121964232879690826e-04,2.326615795027464628e-04,3.111187543254345655e-04,3.284246195107698441e-04,2.724635123740881681e-04,2.025021385634317994e-04,1.203691208502277732e-04,4.715298564406111836e-05,1.548425387909446727e-08,-3.119253597105853260e-05,-4.958068529958836734e-05,-5.159438660484738648e-05,5.728801261284388602e-05,-2.534664417908061296e-05,-1.425553637091070414e-05,4.641915074898861349e-05,-5.237253571976907551e-05
-4.666963650379329920e-05,2.249834506073966622e-05,8.049413736443966627e-05,3.017664421349763870e-04,5.920256953686475754e-04,7.698925328440964222e-04,7.981113158166408539e-04,7.119785877875983715e-04,5.663473857566714287e-04,4.054345190525054932e-04,2.544433518778532743e-04,1.294561225222423673e-04,5.461764521896839142e-05,2.559894710429944098e-05,3.782450676226289943e-06,2.387180211371742189e-05,2.629643495311029255e-05,-1.270635766559280455e-05,5.145964678376913071e-06,-1.881819116533733904e-05
-4.967602581018581986e-05,1.436721413483610377e-05,1.101960515370592475e-04,3.765884030144661665e-04,7.350789965130388737e-04,9.530712850391864777e-04,9.862348670139908791e-04,8.856176282279193401e-04,7.084429380483925343e-04,5.143783637322485447e-04,3.308184386696666479e-04,1.754332915879786015e-04,8.293152495753020048e-05,4.882110806647688150e-05,2.017621955019421875e-05,1.573065128468442708e-05,4.323132452555000782e-05,-1.337186859018402174e-05,-6.731652320013381541e-06,-9.957035217666998506e-06
-3.974008723162114620e-05,2.210865932283923030e-05,6.202296208357438445e-05,2.424336998956277966e-04,4.757489659823477268e-04,6.199313211254775524e-04,6.430597277358174324e-04,5.719736800529062748e-04,4.536989144980907440e-04,3.227718698326498270e-04,2.002413821173831820e-04,9.992987907025963068e-05,3.972415652242489159e-05,1.591800537426024675e-05,-1.545449549666955136e-06,2.312749893462751061e-05,1.813581729948054999e-05,-1.048924059432465583e-05,7.734829523542430252e-06,-1.891847750812303275e-05
-6.479219791799550876e-06,-7.973093306645750999e-05,2.918149984907358885e-04,7.067368132993578911e-04,1.329168328084051609e-03,1.719047199003398418e-03,1.771293464116752148e-03,1.660334062762558460e-03,1.372206490486860275e-03,1.061563380062580109e-03,7.667668978683650494e-04,4.730005748569965363e-04,2.943969739135354757e-04,2.578387502580881119e-04,1.815129362512379885e-04,-9.461683657718822360e-05,1.674871891736984253e-04,6.273370217968476936e-06,-1.297952258028090000e-04,9.359009709442034364e-05
-6.382653373293578625e-05,2.589544965303502977e-05,1.203565043397247791e-04,4.350785166025161743e-04,8.539302507415413857e-04,1.108089229092001915e-03,1.148014329373836517e-03,1.026736339554190636e-03,8.186924969777464867e-04,5.895412759855389595e-04,3.735937643796205521e-04,1.930823782458901405e-04,8.530409832019358873e-05,4.414319846546277404e-05,1.294295907428022474e-05,2.805136864481028169e-05,4.282597001292742789e-05,-1.826058178266976029e-05,1.640386471990495920e-06,-2.079074147331994027e-05
8.700612852408085018e-06,-8.490258915117010474e-05,2.599643776193261147e-04,5.970659549348056316e-04,1.112756435759365559e-03,1.438604551367461681e-03,1.480494742281734943e-03,1.398216816596686840e-03,1.162376836873590946e-03,9.089132654480636120e-04,6.683549727313220501e-04,4.217646492179483175e-04,2.705767983570694923e-04,2.438973315292969346e-04,1.743921602610498667e-04,-9.987452358473092318e-05,1.542320824228227139e-04,1.112577319872798398e-05,-1.275587128475308418e-04,9.672206942923367023e-05
-4.134466871619224548e-05,4.784810153068974614e-05,1.431369867077592062e-07,1.052181542036123574e-04,2.164361503673717380e-04,2.890481846407055855e-04,3.046371275559067726e-04,2.542779548093676567e-04,1.900629285955801606e-04,1.151193573605269194e-04,4.806675497093237936e-05,4.110410827706800774e-06,-2.475888504704926163e-05,-4.126757630729116499e-05,-4.396053191157989204e-05,4.952072413288988173e-05,-2.078456782328430563e-05,-1.219640307681402192e-05,3.962060145568102598e-05,-4.523190000327304006e-05
-3.138493048027157784e-05,-2.274339749419596046e-05,1.727019262034446001e-04,4.803441988769918680e-04,9.188521071337163448e-04,1.189039321616292000e-03,1.226887572556734085e-03,1.126677147112786770e-03,9.170451085083186626e-04,6.902591558173298836e-04,4.744323669001460075e-04,2.763118245638906956e-04,1.576804497744888067e-04,1.239643024746328592e-04,7.924046076368540525e-05,-2.666854379640426487e-05,8.818737114779651165e-05,-5.267893811833346263e-06,-5.287887324811890721e-05,3.013617242686450481e-05
-3.967188604292459786e-05,2.672529035407933407e-06,1.187627567560411990e-04,3.739056119229644537e-04,7.235767552629113197e-04,9.382390999235212803e-04,9.700306109152734280e-04,8.787914994172751904e-04,7.077558548189699650e-04,5.210180534049868584e-04,3.443263994995504618e-04,1.899807975860312581e-04,9.771055192686617374e-05,6.697318167425692081e-05,3.574902802938595414e-05,1.984496748264064081e-06,5.241130565991625190e-05,-9.409297490492463112e-06,-1.965537740034051239e-05,2.408321279290248640e-06
-3.207884219591505826e-05,-6.915713311173021793e-05,3.164389345329254866e-04,8.175602997653186321e-04,1.554982271045446396e-03,2.007128670811653137e-03,2.068373374640941620e-03,1.916449051350355148e-03,1.571024535223841667e-03,1.199404592625796795e-03,8.441465906798839569e-04,5.066530429758131504e-04,3.038274880964308977e-04,2.524691226426512003e-04,1.725862966850399971e-04,-7.847673259675502777e-05,1.740019506542012095e-04,-2.905224164351238869e-06,-1.207730383612215519e-04,8.181363227777183056e-05
-4.193996210233308375e-05,1.060006979969330132e-05,1.014388471958227456e-04,3.389233024790883064e-04,6.589630502276122570e-04,8.553648949600756168e-04,8.851101156324148178e-04,7.972420426085591316e-04,6.391154602169990540e-04,4.658268589992076159e-04,3.022813471034169197e-04,1.623307325644418597e-04,7.867290696594864130e-05,4.907486800220794976e-05,2.211830542364623398e-05,1.083752249542158097e-05,4.104510298930108547e-05,-1.056921882991446182e-05,-9.322816367784980685e-06,-6.193422450451180339e-06
-4.237947359797544777e-05,5.015654460294172168e-05,-2.812080765579594299e-06,1.011863496387377381e-04,2.093758521368727088e-04,2.803199167829006910e-04,2.959732082672417164e-04,2.454823988955467939e-04,1.823486381908878684e-04,1.081804366549476981e-04,4.215465014567598701e-05,-1.974146357497374993e-07,-2.837360261764843017e-05,-4.491057188715785742e-05,-4.689279012382030487e-05,5.192980461288243532e-05,-2.311158641532529145e-05,-1.262714886252069846e-05,4.204003562335856259e-05,-4.752752647618763149e-05
-7.033243309706449509e-05,2.829332515830174088e-05,1.314702676609158516e-04,4.760131414514034986e-04,9.352815104648470879e-04,1.212989911437034607e-03,1.256583025678992271e-03,1.123327296227216721e-03,8.954643271863460541e-04,6.446681218221783638e-04,4.080313083250075579e-04,2.105036401189863682e-04,9.275750926462933421e-05,4.742152304970659316e-05,1.372740462102228776e-05,3.103368726442568004e-05,4.672780050896108150e-05,-2.053737262031063437e-05,2.219794623670168221e-06,-2.286769449710845947e-05
-4.951832670485600829e-05,3.652597297332249582e-05,5.064813740318641067e-05,2.395673654973506927e-04,4.754472756758332253e-04,6.210881983861327171e-04,6.458336720243096352e-04,5.669998936355113983e-04,4.447452956810593605e-04,3.086187643930315971e-04,1.816971343941986561e-04,8.222242468036711216e-05,2.218706868006847799e-05,-4.240756879880791530e-06,-1.890813109639566392e-05,3.855691102216951549e-05,6.773564564355183393e-06,-1.421178876626072451e-05,2.231869439128786325e-05,-3.314548666821792722e-05
-4.337456994107924402e-05,2.275191945955157280e-05,7.232015195768326521e-05,2.758208138402551413e-04,5.407515564002096653e-04,7.044279482215642929e-04,7.306883926503360271e-04,6.516553112305700779e-04,5.180817679502069950e-04,3.700550587382167578e-04,2.316777390660718083e-04,1.171848780359141529e-04,4.834858191316016018e-05,2.187617610616143793e-05,1.710665969767433126e-06,2.359410427743569016e-05,2.257104097225237638e-05,-1.152924141933908686e-05,6.281935384322423488e-06,-1.909372622321825475e-05
-5.169490395928733051e-05,4.663967047235928476e-05,3.091434700763784349e-05,2.000141539610922337e-04,4.015716549474745989e-04,5.273924325592815876e-04,5.503410357050597668e-04,4.761160525958985090e-04,3.685261763166636229e-04,2.473726926837116480e-04,1.355253189103677869e-04,5.190171214053407311e-05,8.081599389697657898e-07,-2.392273927398491651e-05,-3.407783879083581269e-05,4.884532609139569104e-05,-6.464908437919802964e-06,-1.524086383142275736e-05,3.413974627619609237e-05,-4.337216159910894930e-05
-3.856267721857875586e-05,3.120479959761723876e-05,3.462449240032583475e-05,1.763442851370200515e-04,3.495374694466590881e-04,4.582325054798275232e-04,4.769708320964127779e-04,4.172116459812968969e-04,3.259987570345401764e-04,2.241372858406975865e-04,1.296283735428005457e-04,5.658605368807911873e-05,1.219335263158427551e-05,-7.634936082467902452e-06,-1.858409632404800504e-05,3.240936712245456874e-05,1.894879346764355432e-06,-1.048910962708760053e-05,2.002409200940746814e-05,-2.837144347722642124e-05
-2.160515032301191241e-05,1.782791514415293932e-06,7.931045547593384981e-05,2.431392058497294784e-04,4.655147786252200603e-04,6.076009012758731842e-04,6.293246988207101822e-04,5.748561816290020943e-04,4.653246141970157623e-04,3.444579488132148981e-04,2.319490304216742516e-04,1.305259211221709847e-04,6.859772111056372523e-05,5.082132338429801166e-05,2.787496487144380808e-05,-1.740498760227637831e-06,3.525793727021664381e-05,-3.198000740667339414e-06,-1.604022327228449285e-05,3.193157681380398571e-06
-7.505583926104009151e-05,2.250095349154435098e-05,1.639842375880107284e-04,5.633857217617332935e-04,1.102857873775064945e-03,1.429193885996937752e-03,1.479677972383797169e-03,1.329191261902451515e-03,1.063779345713555813e-03,7.722694426774978638e-04,4.968438879586756229e-04,2.629497321322560310e-04,1.233045040862634778e-04,7.208579336293041706e-05,3.043543438252527267e-05,2.445899372105486691e-05,6.409809429896995425e-05,-2.159707582904957235e-05,-8.940184670791495591e-06,-1.577384864503983408e-05
-6.982019840506836772e-05,2.883210254367440939e-05,1.345017954008653760e-04,4.843535134568810463e-04,9.500508895143866539e-04,1.233821618370711803e-03,1.278922543860971928e-03,1.145701389759778976e-03,9.147047530859708786e-04,6.594097940251231194e-04,4.196737427264451981e-04,2.178942377213388681e-04,9.664374374551698565e-05,5.156368570169433951e-05,1.644024814595468342e-05,3.023091085196938366e-05,4.817978333448991179e-05,-1.994550075323786587e-05,8.582790655964345206e-07,-2.268872049171477556e-05
-5.026910730521194637e-05,3.573664798750542104e-05,5.551383947022259235e-05,2.531824575271457434e-04,5.017801886424422264e-04,6.552602280862629414e-04,6.812285282649099827e-04,5.998276174068450928e-04,4.717451520264148712e-04,3.289026790298521519e-04,1.959165092557668686e-04,9.057908027898520231e-05,2.694728573260363191e-05,-3.280210592038201867e-07,-1.629371581657323986e-05,3.763136191992089152e-05,9.333258276456035674e-06,-1.433832858310779557e-05,2.074312942568212748e-05,-3.230199581594206393e-05
-5.642852192977443337e-05,2.129371205228380859e-05,1.093990649678744376e-04,3.907867940142750740e-04,7.662203279323875904e-04,9.936674032360315323e-04,1.028921804390847683e-03,9.203233639709651470e-04,7.339370786212384701e-04,5.292301648296415806e-04,3.358366666361689568e-04,1.742809545248746872e-04,7.818018639227375388e-05,4.128009459236636758e-05,1.297501694352831692e-05,2.348858652112539858e-05,3.976147854700684547e-05,-1.592945045558735728e-05,-1.308531096810838790e-07,-1.690049612079747021e-05
-4.039255873067304492e-05,4.767738937516696751e-05,-1.955858351720962673e-06,9.820520062930881977e-05,2.026305883191525936e-04,2.712771529331803322e-04,2.862867841031402349e-04,2.378691569902002811e-04,1.769505033735185862e-04,1.055436878232285380e-04,4.190095933154225349e-05,8.817679031380976085e-07,-2.635642522363923490e-05,-4.218626781948842108e-05,-4.437197640072554350e-05,4.929836723022162914e-05,-2.164776924473699182e-05,-1.190733837574953213e-05,3.976287553086876869e-05,-4.510878716246224940e-05
-5.643384065479040146e-05,1.578918090672232211e-05,1.268218620680272579e-04,4.317303828429430723e-04,8.431883179582655430e-04,1.092971069738268852e-03,1.131130033172667027e-03,1.016423571854829788e-03,8.135891985148191452e-04,5.912493797950446606e-04,3.809954505413770676e-04,2.024617424467578530e-04,9.605801460565999150e-05,5.711643098038621247e-05,2.443165612930897623e-05,1.721268927212804556e-05,5.016587965656071901e-05,-1.550878005218692124e-05,-8.423776307608932257e-06,-1.067123594111762941e-05
-8.085591616691090167e-06,-3.899031798937357962e-05,1.646226155571639538e-04,4.108594439458101988e-04,7.728121709078550339e-04,1.002001576125621796e-03,1.033112639561295509e-03,9.649343555793166161e-04,7.949811988510191441e-04,6.112615228630602360e-04,4.375597054604440928e-04,2.671084948815405369e-04,1.634034852031618357e-04,1.411720586474984884e-04,9.682074596639722586e-05,-4.759206785820424557e-05,9.184668306261301041e-05,3.279742259110207669e-06,-6.873375241411849856e-05,4.728890417027287185e-05
4.628388342098332942e-05,-1.668310433160513639e-04,4.088982532266527414e-04,8.591665537096560001e-04,1.573476823978126049e-03,2.029924187809228897e-03,2.082001650705933571e-03,1.990364165976643562e-03,1.669926219619810581e-03,1.331289066001772881e-03,1.007468439638614655e-03,6.617693579755723476e-04,4.442357458174228668e-04,4.119737714063376188e-04,3.031439555343240499e-04,-1.941423397511243820e-04,2.542437287047505379e-04,2.747083453868981451e-05,-2.284496586071327329e-04,1.845340011641383171e-04
-3.523924533510580659e-05,-3.010091131727676839e-05,2.245176874566823244e-04,6.169074913486838341e-04,1.177748083136975765e-03,1.527187298052012920e-03,1.577881048433482647e-03,1.455763587728142738e-03,1.188860042020678520e-03,8.975861710496246815e-04,6.229638238437473774e-04,3.657324123196303844e-04,2.096493699355050921e-04,1.689643249846994877e-04,1.098664433811791241e-04,-3.880316580762155354e-05,1.155775898951105773e-04,-5.022061486670281738e-06,-7.225597073556855321e-05,4.148032166995108128e-05
-1.197546134790172800e-05,-7.168800220824778080e-05,2.728137187659740448e-04,6.713672191835939884e-04,1.266636652871966362e-03,1.636380213312804699e-03,1.685599330812692642e-03,1.574126887135207653e-03,1.297621289268136024e-03,1.000381656922399998e-03,7.170411408878862858e-04,4.392710106913000345e-04,2.712738350965082645e-04,2.341277140658348799e-04,1.637122768443077803e-04,-8.334968879353255033e-05,1.552969624754041433e-04,3.699569788295775652e-06,-1.170976684079505503e-04,8.361339132534340024e-05
-5.100937050883658230e-05,4.054352029925212264e-05,4.445313970791175961e-05,2.290914708282798529e-04,4.563735856208950281e-04,5.970794591121375561e-04,6.215454777702689171e-04,5.431781755760312080e-04,4.243223229423165321e-04,2.915310324169695377e-04,1.680731802480295300e-04,7.273186201928183436e-05,1.500462894910015166e-05,-1.122378307627514005e-05,-2.448057239234913141e-05,4.269532655598595738e-05,2.246564918095828034e-06,-1.482629068050300702e-05,2.678184318938292563e-05,-3.716446735779754817e-05
-4.601193359121680260e-05,-1.191334604300209321e-06,1.485225075157359242e-04,4.579746746458113194e-04,8.860847447067499161e-04,1.147500122897326946e-03,1.185942674055695534e-03,1.076313550584018230e-03,8.682691841386258602e-04,6.415044190362095833e-04,4.264612507540732622e-04,2.373457245994359255e-04,1.243615261046215892e-04,8.726296073291450739e-05,4.897273538517765701e-05,-2.059503685813979246e-06,6.759553798474371433e-05,-1.120315664593363181e-05,-2.820528061420191079e-05,7.299363005586201325e-06
-3.672942330013029277e-05,3.519232996040955186e-05,2.056570701824966818e-05,1.406650553690269589e-04,2.809704456012696028e-04,3.709470911417156458e-04,3.875379916280508041e-04,3.352848289068788290e-04,2.592732780613005161e-04,1.731216179905459285e-04,9.434800449525937438e-05,3.551490590325556695e-05,-8.177289601007942110e-07,-1.794547279132530093e-05,-2.586200753285083920e-05,3.605934762163087726e-05,-6.120161742728669196e-06,-9.943585610017180443e-06,2.544832204876001924e-05,-3.253466638852842152e-05
7.286082836799323559e-05,-1.597013615537434816e-04,3.305899736005812883e-04,6.220981595106422901e-04,1.096932450309395790e-03,1.413169084116816521e-03,1.444613677449524403e-03,1.408642041496932507e-03,1.203376334160566330e-03,9.846246102824807167e-04,7.894851150922477245e-04,5.372673622332513332e-04,3.857076517306268215e-04,3.664012765511870384e-04,2.728964900597929955e-04,-1.907532423501834273e-04,2.087078319163993001e-04,3.069462763960473239e-05,-2.138431154889985919e-04,1.783111802069470286e-04
-4.197745511191897094e-05,4.684222585638053715e-05,4.263996743247844279e-06,1.159564417321234941e-04,2.370419533690437675e-04,3.154398582410067320e-04,3.316966176498681307e-04,2.790391445159912109e-04,2.101886639138683677e-04,1.305183104705065489e-04,5.873818372492678463e-05,1.033464923239080235e-05,-2.090857014991343021e-05,-3.820980055024847388e-05,-4.191676271148025990e-05,4.852226629736833274e-05,-1.849766886152792722e-05,-1.231438000104390085e-05,3.817460310528986156e-05,-4.417101445142179728e-05
-7.127314165700227022e-05,5.382901144912466407e-05,6.631519499933347106e-05,3.290509921498596668e-04,6.572136771865189075e-04,8.578720735386013985e-04,8.927158196456730366e-04,7.819990278221666813e-04,6.124705541878938675e-04,4.229801415931433439e-04,2.464991412125527859e-04,1.087943237507715821e-04,2.573386882431805134e-05,-1.160450483439490199e-05,-3.010634463862515986e-05,5.733751822845079005e-05,6.295771072473144159e-06,-2.179579860239755362e-05,3.504500637063756585e-05,-4.946977423969656229e-05
-8.021776739042252302e-05,-3.582678800739813596e-06,2.549569471739232540e-04,7.863220525905489922e-04,1.526805106550455093e-03,1.973772421479225159e-03,2.039838815107941628e-03,1.850510365329682827e-03,1.492934301495552063e-03,1.103275571949779987e-03,7.328325882554054260e-04,4.071982984896749258e-04,2.130448119714856148e-04,1.483787928009405732e-04,8.499802061123773456e-05,-3.691501660796348006e-06,1.167998198070563376e-04,-2.191465137002523988e-05,-4.809029996977187693e-05,1.335033539362484589e-05
