1.698196996358092292e-07,3.887940692948177457e-06,1.591463660588487983e-04,5.444668931886553764e-04,9.327950538136065006e-04,1.127710915170609951e-03,1.067483681254088879e-03,8.526456076651811600e-04,5.663454649038612843e-04,3.038208233192563057e-04,1.270718057639896870e-04,2.769749517028685659e-05,-9.436291293241083622e-06,-5.897698429180309176e-06,-2.087382199533749372e-06,2.561563860581372865e-06,-1.273249836231116205e-06,1.741904384289227892e-06,2.085330834233900532e-06,1.232396698469528928e-06
-1.977422471099998802e-06,3.238535782656981610e-06,1.744252367643639445e-04,6.487378850579261780e-04,1.176540623418986797e-03,1.544578117318451405e-03,1.577807823196053505e-03,1.407098141498863697e-03,1.082073198631405830e-03,7.181598339229822159e-04,3.928895457647740841e-04,1.564693957334384322e-04,4.170244210399687290e-05,1.725927540974225849e-05,1.083962251868797466e-05,4.601744876708835363e-06,6.720201326970709488e-06,2.988338110299082473e-06,-1.537247726446366869e-06,7.239299861794279423e-07
1.471812993258936331e-06,7.561647180409636348e-06,2.768027188722044230e-04,8.925727452151477337e-04,1.479959930293262005e-03,1.691714860498905182e-03,1.508465385995805264e-03,1.091741491109132767e-03,6.096031283959746361e-04,2.303743967786431313e-04,3.471875606919638813e-05,-3.256673880969174206e-05,-4.593812263919971883e-05,5.440459517558338121e-06,1.021928619593381882e-05,9.628609404899179935e-06,-1.805367787710565608e-06,-7.010392266693088459e-08,1.086100382963195443e-06,-5.807158913739840500e-07
-6.415671123249921948e-07,3.102303253399441019e-06,7.064287638058885932e-05,2.070169866783544421e-04,2.923556894529610872e-04,2.988218038808554411e-04,2.273685531690716743e-04,1.339329901384189725e-04,6.774487701477482915e-05,3.516467404551804066e-05,2.459254028508439660e-05,1.615615292394068092e-05,2.009400668612215668e-05,9.504680747340898961e-06,6.129693701950600371e-06,-5.802332907478557900e-07,2.189472752434085123e-06,3.478342591733962763e-08,1.895963777087672497e-07,-8.677212690599844791e-07
-1.177979811473051086e-06,4.461324351723305881e-06,5.949486512690782547e-05,2.223159099230542779e-04,3.941702598240226507e-04,5.250929971225559711e-04,5.904709105379879475e-04,6.108924280852079391e-04,5.680969916284084320e-04,5.063897697255015373e-04,4.422292404342442751e-04,3.212546871509402990e-04,2.211852115578949451e-04,1.330544764641672373e-04,6.885959737701341510e-05,2.532886355766095221e-05,1.542692371003795415e-05,1.521419932259959751e-07,5.149534899828722700e-06,1.204440309265919495e-06
1.778516711681277229e-08,3.620754569055861793e-06,1.802351471269503236e-04,6.279943627305328846e-04,1.090992125682532787e-03,1.335150562226772308e-03,1.279402291402220726e-03,1.036752597428858280e-03,6.987706292420625687e-04,3.780080005526542664e-04,1.550571469124406576e-04,2.992513873323332518e-05,-1.704023088677786291e-05,-9.383874385093804449e-06,-3.768143642446375452e-06,4.299398369767004624e-06,-1.374406906506919768e-06,2.839485205186065286e-06,2.949396048279595561e-06,9.465439916311879642e-07
-6.952594731046701781e-07,4.181809345027431846e-06,6.221661169547587633e-05,2.422388497507199645e-04,4.405040235724300146e-04,5.941444542258977890e-04,6.641643121838569641e-04,6.654929602518677711e-04,5.946410237811505795e-04,4.985759733244776726e-04,3.932876570615917444e-04,2.641028258949518204e-04,1.581229153089225292e-04,8.679362508701160550e-05,3.660904985736124218e-05,8.188305400835815817e-06,7.412139893858693540e-06,1.080968786482117139e-06,3.271580226282821968e-06,-5.274034720059717074e-07
-1.445493921892193612e-06,4.294986865716055036e-06,5.299668919178657234e-05,1.841941266320645809e-04,2.970431814901530743e-04,3.611496067605912685e-04,3.523257910273969173e-04,3.019093128386884928e-04,2.294772857567295432e-04,1.678435510257259011e-04,1.195035001728683710e-04,6.717798532918095589e-05,3.779356120503507555e-05,6.684313120786100626e-06,2.884463128793868236e-06,-1.618408191461639944e-06,2.342066636629169807e-06,-3.898965587723068893e-06,5.113115548738278449e-06,2.938634906968218274e-06
1.742366890766788856e-07,4.646351953851990402e-06,1.469987619202584028e-04,4.773569235112518072e-04,7.851115660741925240e-04,9.037876152433454990e-04,8.119579870253801346e-04,6.025837501510977745e-04,3.598009643610566854e-04,1.679900160524994135e-04,6.196917092893272638e-05,1.130858072428964078e-05,-5.291030902299098670e-06,2.240835328848334029e-06,3.891821961587993428e-06,1.335692104476038367e-06,-1.102212081605102867e-06,-7.715204333180736285e-07,1.062553565134294331e-06,8.675090725773770828e-07
-1.349011540696665179e-06,2.470911795171559788e-06,2.024928398896008730e-04,7.251483038999140263e-04,1.297457027249038219e-03,1.654242863878607750e-03,1.645584241487085819e-03,1.406997325830161572e-03,1.018180279061198235e-03,6.107421941123902798e-04,2.857529907487332821e-04,8.110361522994935513e-05,-9.676048648543655872e-06,-4.702284059021621943e-06,-3.118192921647278126e-07,7.250646376633085310e-06,1.491154648647352587e-07,6.157076768431579694e-06,1.854515517152321991e-06,1.203340644906347734e-07
-8.291298172480310313e-07,3.369152864252100699e-06,2.145195758203044534e-04,7.625317666679620743e-04,1.354795182123780251e-03,1.702878507785499096e-03,1.671940786764025688e-03,1.401569927111268044e-03,9.864728199318051338e-04,5.668839439749717712e-04,2.477915841154754162e-04,5.856117059011012316e-05,-2.020977080974262208e-05,-7.526165973104070872e-06,-2.445758354951976798e-06,8.064604116952978075e-06,-5.654745223182544578e-07,5.827068889630027115e-06,2.168923629142227583e-06,9.578130999443601468e-08
-4.549134189346659696e-07,5.110236088512465358e-06,1.931243314174935222e-04,5.684763309545814991e-04,8.731601992622017860e-04,9.180289343930780888e-04,7.370426319539546967e-04,4.372326366137713194e-04,1.784908381523564458e-04,1.022632568492554128e-05,-4.525151598500087857e-05,-3.600470881792716682e-05,-1.377845728711690754e-05,2.313967161171603948e-05,1.846409941208548844e-05,6.861997462692670524e-06,5.087024419481167570e-07,1.094397134693281259e-06,1.254862581845372915e-06,-3.082903049289598130e-06
-8.071477282101113815e-07,3.469216380835860036e-06,8.246802462963387370e-05,2.454708737786859274e-04,3.610546409618109465e-04,3.820706333499401808e-04,3.061309689655900002e-04,1.958791690412908792e-04,1.070150101440958679e-04,5.334284287528134882e-05,2.993607995449565351e-05,1.627716665097977966e-05,1.786516986612696201e-05,9.130423677561338991e-06,6.283434686338296160e-06,-7.703077358200971503e-07,1.996000719373114407e-06,7.107887256552203326e-08,-2.366582378954262822e-07,3.041608920284488704e-08
-8.423532449342019390e-07,3.593042492866516113e-06,7.444866787409409881e-05,2.183652541134506464e-04,3.095474385190755129e-04,3.180311177857220173e-04,2.440316893626004457e-04,1.465134409954771399e-04,7.553754403488710523e-05,3.973711136495694518e-05,2.764541932265274227e-05,1.779457670636475086e-05,2.176841917389538139e-05,9.920669981511309743e-06,6.638907052547438070e-06,-6.277167017287865747e-07,2.506760438336641528e-06,-1.653415893088094890e-07,3.129934782464260934e-07,-4.987653028365457430e-07
1.019741944219276775e-06,6.013980510033434257e-06,2.178792346967384219e-04,7.190349861048161983e-04,1.209852634929120541e-03,1.421400927938520908e-03,1.304595149122178555e-03,9.934717090800404549e-04,6.100997561588883400e-04,2.853619807865470648e-04,9.215081081492826343e-05,1.569142341395490803e-06,-2.521176065783947706e-05,-6.035755291122768540e-07,3.555738430804922245e-06,5.516026249097194523e-06,-6.257834570533304941e-07,1.733814769977470860e-06,1.152797949544037692e-06,7.358815423685882706e-07
-8.081953524197160732e-07,3.189393055436084978e-06,7.550555164925754070e-05,2.619498118292540312e-04,4.359681915957480669e-04,5.293447175063192844e-04,5.053121712990105152e-04,4.181311232969164848e-04,2.995028044097125530e-04,1.911715808091685176e-04,1.130799500970169902e-04,5.089840487926267087e-05,2.378534009039867669e-05,-1.582202912686625496e-06,5.385965806681269896e-08,-2.589891664683818817e-06,1.072861778084188700e-06,-2.070246864604996517e-06,2.968661419799900614e-06,2.839323315129149705e-06
-8.590085940340941306e-07,2.928541334767942317e-06,9.084932389669120312e-05,2.663069462869316339e-04,3.902231110259890556e-04,4.062711668666452169e-04,3.174066951032727957e-04,1.909409475047141314e-04,9.374423098051920533e-05,3.644299431471154094e-05,1.479997808928601444e-05,7.640292096766643226e-06,1.378648266836535186e-05,1.120930573961231858e-05,7.614911737618967891e-06,-9.643332532505155541e-08,1.929384325194405392e-06,7.364628231698588934e-07,-2.335578557222106610e-07,-8.987139494820439722e-07
1.620041530259186402e-06,3.612987484302720986e-06,1.301529118791222572e-04,5.225670756772160530e-04,9.660434443503618240e-04,1.317453221417963505e-03,1.447762362658977509e-03,1.414224272593855858e-03,1.220704754814505577e-03,9.704982512630522251e-04,7.005148218013346195e-04,4.304964095354080200e-04,2.291544515173882246e-04,1.117175052058883011e-04,4.420353070599958301e-05,4.915679255645954981e-06,6.292796115303644910e-06,-1.832336124607536476e-06,2.660351356098544784e-06,-1.395528670400381088e-06
-2.005411715799709782e-06,3.411746320125530474e-06,1.235179079230874777e-04,4.425689112395048141e-04,7.841270416975021362e-04,1.010723644867539406e-03,1.015830435790121555e-03,8.930144249461591244e-04,6.770147010684013367e-04,4.458973417058587074e-04,2.473889908287674189e-04,9.931712702382355928e-05,3.200377250323072076e-05,9.180747838399838656e-06,7.196640126494457945e-06,1.466710159547801595e-06,5.573242106038378552e-06,1.441741233065840788e-06,1.746936277413624339e-06,2.678654482224374078e-06
2.675612904567969963e-07,3.843703780148644000e-06,1.284809986827895045e-04,3.899127186741679907e-04,6.062953616492450237e-04,6.591335986740887165e-04,5.511170020326972008e-04,3.643861855380237103e-04,1.904990785988047719e-04,7.010049012023955584e-05,1.653985600569285452e-05,-2.734790314207202755e-07,2.233126906503457576e-06,1.085355688701383770e-05,8.882652764441445470e-06,1.713256892799108755e-06,1.897542233564308845e-06,3.255085800901724724e-07,-1.391066462019807659e-07,-1.413681438577896188e-08
4.876613388660189230e-07,4.585995611705584452e-06,1.537579228170216084e-04,5.138686974532902241e-04,8.670659153722226620e-04,1.032429980114102364e-03,9.616602910682559013e-04,7.522024097852408886e-04,4.871336568612605333e-04,2.544359012972563505e-04,1.055167231243103743e-04,2.350476825085934252e-05,-5.577271167567232624e-06,-2.589307314337929711e-06,-1.308865478222287493e-07,1.805241822694370057e-06,-7.871929028624435887e-07,1.144363181992957834e-06,1.258866859643603675e-06,1.569083451613551006e-06
2.547409678754775086e-07,4.282087502360809594e-06,1.309355138801038265e-04,4.133003531023859978e-04,6.646199617534875870e-04,7.498599006794393063e-04,6.572420825250446796e-04,4.710063512902706861e-04,2.724701189436018467e-04,1.230154739459976554e-04,4.513803287409245968e-05,9.766402399691287428e-06,1.025985625346947927e-06,5.729270469601033255e-06,5.769144081568811089e-06,6.623928925364452880e-07,6.036558488631271757e-07,-5.013090458305669017e-07,7.635453016519022640e-07,7.494364808735554107e-07
8.488010507790022530e-07,1.762332317412074190e-06,4.648151661967858672e-05,1.282362209167331457e-04,1.540500088594853878e-04,1.352788531221449375e-04,8.046651782933622599e-05,2.467083868396002799e-05,4.726638053398346528e-06,1.148637875303393230e-05,2.433682129776570946e-05,2.324744127690792084e-05,2.561591281846631318e-05,7.196344540716381744e-06,4.461136086320038885e-06,-8.775174364927806892e-07,2.813136916302028112e-06,-1.358381155114329886e-06,2.118393467753776349e-06,-2.586073151178425178e-06
-8.907516644285351504e-07,3.476785195744014345e-06,5.687259181286208332e-05,2.008640294661745429e-04,3.304701240267604589e-04,4.064587701577693224e-04,3.974503488279879093e-04,3.399111737962812185e-04,2.564559981692582369e-04,1.808220986276865005e-04,1.208455360028892756e-04,6.367700552800670266e-05,3.203151936759240925e-05,3.580698830774053931e-06,1.445532916477532126e-06,-1.967078560483059846e-06,1.580737148287880700e-06,-3.497048737699515186e-06,4.069131591677432880e-06,2.685749450392904691e-06
-7.298520188214752125e-08,3.213692480130703188e-06,8.272330160252749920e-05,2.621091553010046482e-04,4.119305813219398260e-04,4.665731685236096382e-04,4.100895603187382221e-04,3.020931326318532228e-04,1.915523753268644214e-04,1.081011869246140122e-04,5.986114774714224041e-05,2.667470653250347823e-05,1.610354229342192411e-05,3.489349410301656462e-06,2.745085794231272303e-06,-2.015181962633505464e-06,5.083675205241888762e-07,-1.978244910105786403e-07,2.059723271941038547e-07,1.369806341244839132e-06
-1.846169084274151828e-06,4.974772764398949221e-06,6.268864672165364027e-05,2.033460768871009350e-04,3.089477540925145149e-04,3.516574215609580278e-04,3.149591211695224047e-04,2.460883406456559896e-04,1.713421806925907731e-04,1.190495313494466245e-04,8.692134724697098136e-05,4.919377533951774240e-05,3.632470179582014680e-05,6.879994543851353228e-06,4.638896825781557709e-06,-1.352941694676701445e-06,2.485589448042446747e-06,-2.884456534957280383e-06,3.431400273257168010e-06,3.068631258429377340e-06
-1.021665411826688796e-06,2.497598643458331935e-06,1.145336136687546968e-04,4.324470937717705965e-04,7.795523852109909058e-04,1.027141697704792023e-03,1.053959829732775688e-03,9.473448735661804676e-04,7.374563720077276230e-04,5.027562729083001614e-04,2.859592495951801538e-04,1.217098688357509673e-04,3.557199306669645011e-05,1.046653596858959645e-05,5.248723482509376481e-06,5.475853868119884282e-07,3.370761305632186122e-06,4.630720127352105919e-07,-9.999014309869380668e-07,5.067374218015174847e-07
-7.848558425394003280e-08,4.491879735724069178e-06,1.238757686223834753e-04,3.897553833667188883e-04,6.236875196918845177e-04,7.035288144834339619e-04,6.159676122479140759e-04,4.429951368365436792e-04,2.599012805148959160e-04,1.221126294694840908e-04,4.950927905156277120e-05,1.379061723127961159e-05,5.432271791505627334e-06,5.782700554846087471e-06,5.636226887872908264e-06,8.645532290074697812e-08,1.018127363749954384e-06,-3.895110012308578007e-07,8.268540341305197217e-07,1.233809484801895451e-06
-1.430156657988845836e-06,6.700947778881527483e-06,7.380972238024696708e-05,2.576195693109184504e-04,4.450544365681707859e-04,5.757856997661292553e-04,6.034917896613478661e-04,5.650771781802177429e-04,4.663582367356866598e-04,3.691938181873410940e-04,2.715414157137274742e-04,1.659919798839837313e-04,9.898301505018025637e-05,4.715668910648673773e-05,2.300090454809833318e-05,3.171362095599761233e-06,1.103935665014432743e-05,-3.306254711787914857e-06,7.391976851067738608e-06,3.585031890906975605e-06
3.007149871336878277e-06,-2.208583964602439664e-06,1.519227807875722647e-04,6.292226025834679604e-04,1.170292263850569725e-03,1.612443826161324978e-03,1.772381598129868507e-03,1.722316257655620575e-03,1.478518592193722725e-03,1.147841801866889000e-03,7.951232255436480045e-04,4.657871904782950878e-04,2.179506700485944748e-04,9.152363054454326630e-05,3.131594712613150477e-05,-1.421339447915670462e-06,-5.171606971998699009e-06,-2.223153387603815645e-06,6.691458054319809889e-08,-4.776840341946808621e-06
-8.298108582494023722e-07,3.012532033608295023e-06,9.249065624317154288e-05,2.719022158998996019e-04,4.002780769951641560e-04,4.183260316494852304e-04,3.289288724772632122e-04,1.998074149014428258e-04,9.898826101562008262e-05,3.857562478515319526e-05,1.523955961602041498e-05,7.524613920395495370e-06,1.326597794104600325e-05,1.117907777370419353e-05,7.656782145204488188e-06,-1.232718283006306592e-08,1.892146201498690061e-06,6.744632514710247051e-07,-3.158667993830022169e-07,-7.750918484816793352e-07
5.964856200080248527e-07,5.369890914153074846e-06,1.818295131670311093e-04,5.767772672697901726e-04,9.387676254846155643e-04,1.059845671989023685e-03,9.314359631389379501e-04,6.631922442466020584e-04,3.690166922751814127e-04,1.457687030779197812e-04,3.424562237341888249e-05,-6.655032848357222974e-06,-1.477112982684047893e-05,6.910148385941283777e-06,8.254848580691032112e-06,3.811256647168193012e-06,-1.641213742686886690e-07,-8.475213348901888821e-07,9.960468787539866753e-07,3.145982532259949949e-07
-1.434990963389282115e-06,1.259434156963834539e-05,1.101690650102682412e-04,4.126649582758545876e-04,7.463751826435327530e-04,9.922883473336696625e-04,1.091750455088913441e-03,1.082969130948185921e-03,9.490222437307238579e-04,7.985907723195850849e-04,6.321505061350762844e-04,4.258902918081730604e-04,2.747609396465122700e-04,1.549757143948227167e-04,7.121691305655986071e-05,1.669462471909355372e-05,2.345217217225581408e-05,-6.954152240723487921e-07,7.545904736616648734e-06,3.945293883589329198e-06
-1.675564931247208733e-06,9.406358003616333008e-07,2.174241817556321621e-04,8.204811601899564266e-04,1.491016941145062447e-03,1.967321848496794701e-03,2.023902023211121559e-03,1.811187597922980785e-03,1.399518107064068317e-03,9.263099636882543564e-04,5.042095435783267021e-04,1.991250464925542474e-04,3.850550638162530959e-05,5.839272034791065380e-06,4.258493390807416290e-06,3.921110874216537923e-06,-9.582589655110496096e-07,3.889428171532927081e-06,-1.545812779113475699e-06,-1.644197709538275376e-06
-3.613616001985064941e-07,2.774166887320461683e-06,6.584295624634250998e-05,1.872745924629271030e-04,2.504361327737569809e-04,2.400569937890395522e-04,1.645159500185400248e-04,7.666579040233045816e-05,2.553950071160215884e-05,1.029457143886247650e-05,1.387038446409860626e-05,1.291976968786912039e-05,2.162191594834439456e-05,1.073713156074518338e-05,6.528410722239641473e-06,-1.971776981690709363e-07,2.451017508064978756e-06,3.463603661657543853e-07,9.618963758839527145e-07,-1.882541596387454774e-06
-8.337376016243069898e-07,3.202360858267638832e-06,8.807963604340329766e-05,2.608607173897325993e-04,3.847669868264347315e-04,4.053223819937556982e-04,3.222812374588102102e-04,2.014145429711788893e-04,1.053001178661361337e-04,4.672613067668862641e-05,2.224881609436124563e-05,1.142492419603513554e-05,1.481681738368934020e-05,1.000910560833290219e-05,6.850106274214340374e-06,-4.314935893034999026e-07,1.850578996709373314e-06,3.395921908122545574e-07,-4.815241254618740641e-07,-3.290397216915152967e-07
-1.699041973779458203e-07,5.084084477857686579e-06,1.284368336200714111e-04,4.161109100095927715e-04,6.814760272391140461e-04,7.888663676567375660e-04,7.123503019101917744e-04,5.373594467528164387e-04,3.334373759571462870e-04,1.700690481811761856e-04,7.610147440573200583e-05,2.379813668085262179e-05,6.326834864012198523e-06,2.491619625288876705e-06,3.306733560748398304e-06,-5.415076032022625441e-08,1.407047136581240920e-07,-1.049480943038361147e-06,1.343267967968131416e-06,2.136175226041814312e-06
-1.953838761892257025e-07,5.291575689625460654e-06,1.581371470820158720e-04,6.609850097447633743e-04,1.219739438965916634e-03,1.685038791038095951e-03,1.934868399985134602e-03,2.032897900789976120e-03,1.907654106616973877e-03,1.671170233748853207e-03,1.426206436008214951e-03,1.021899166516959667e-03,6.864285678602755070e-04,4.087078850716352463e-04,2.087728789774700999e-04,7.700450078118592501e-05,3.267782813054509461e-05,4.347793947090394795e-06,7.101661594788311049e-06,1.307932620875362772e-06
-6.643870165135012940e-08,4.857186013396130875e-06,1.299834984820336103e-04,4.201812844257801771e-04,6.866225739941000938e-04,7.905145175755023956e-04,7.096730987541377544e-04,5.295840092003345490e-04,3.223633393645286560e-04,1.591904874658212066e-04,6.789778126403689384e-05,1.964444527402520180e-05,3.598832790885353461e-06,2.703664449654752389e-06,3.634445874922676012e-06,1.706970778059258009e-07,-2.744627067841065582e-07,-1.134480498876655474e-06,1.234175442732521333e-06,1.679025444900617003e-06
-1.277511159969435539e-06,2.424682406854117289e-06,1.234882220160216093e-04,4.408263775985687971e-04,7.755840197205543518e-04,9.836300741881132126e-04,9.749337332323193550e-04,8.373783202841877937e-04,6.167233805172145367e-04,3.882422752212733030e-04,2.032833144767209888e-04,7.455929153366014361e-05,1.642660754441749305e-05,1.021347088681068271e-06,2.049262548098340631e-06,1.142885253102576826e-06,2.125392938978620805e-06,1.548411432850116398e-06,1.711033405626949389e-06,1.574165139572869521e-06
1.914672793645877391e-07,1.788304871297441423e-06,5.500550832948647439e-05,1.526152773294597864e-04,1.894841843750327826e-04,1.683369773672893643e-04,1.000306801870465279e-04,2.933741598099004477e-05,-1.483035816818301100e-06,5.928775976826727856e-07,1.411783523508347571e-05,1.628419522603508085e-05,2.381752528890501708e-05,8.955329576565418392e-06,5.899565621803048998e-06,-5.549905495172424708e-07,2.521707529012928717e-06,-3.112617719125410076e-07,1.548372779325291049e-06,-2.603244411147898063e-06
-3.000609183345659403e-07,4.306145456212107092e-06,1.138621446443721652e-04,3.572231798898428679e-04,5.678443703800439835e-04,6.393542280420660973e-04,5.580820143222808838e-04,4.016949096694588661e-04,2.387011627433821559e-04,1.167247974080964923e-04,5.177015555091202259e-05,1.731173870211932808e-05,9.309732377005275339e-06,5.821200829814188182e-06,5.313303972798166797e-06,-4.700320062056562165e-07,1.091502440431213472e-06,-2.020600504692993127e-07,6.910836418683174998e-07,1.373326199427538086e-06
1.460529119867715053e-06,6.800112714699935168e-06,2.618504222482442856e-04,8.603227906860411167e-04,1.445064786821603775e-03,1.685786759480834007e-03,1.535416813567280769e-03,1.152786542661488056e-03,6.874537211842834949e-04,3.006674232892692089e-04,7.924622332211583853e-05,-1.486992732679937035e-05,-4.008901669294573367e-05,4.492705443226441275e-07,5.854955816175788641e-06,8.047818482737056911e-06,-1.312732933911320288e-06,2.032960992437438108e-06,1.021511593535251450e-06,-2.540730577038630145e-07
7.258927894326916430e-07,3.884021680278237909e-06,1.003158977255225182e-04,3.971387923229485750e-04,7.213605567812919617e-04,9.621233912184834480e-04,1.013158122077584267e-03,9.351310436613857746e-04,7.571048336103558540e-04,5.565101746469736099e-04,3.534558636602014303e-04,1.841849443735554814e-04,7.856179581722244620e-05,3.378968540346249938e-05,1.257366966456174850e-05,1.814573579395073466e-06,5.918433998886030167e-06,-3.623697011789772660e-06,-9.322696428171184380e-07,-9.391598041474935599e-07
-2.105691550013943925e-07,3.129365722998045385e-06,1.144458656199276447e-04,3.916653513442724943e-04,6.639786297455430031e-04,8.008945733308792114e-04,7.570451125502586365e-04,6.072765099816024303e-04,4.102319071535021067e-04,2.316852624062448740e-04,1.099586079362779856e-04,3.480099258013069630e-05,4.460062882571946830e-06,-3.677688937386847101e-06,-1.290759655603324063e-06,-1.109174547764268937e-07,-7.503712140533025376e-07,4.694040001140820095e-08,2.034380486293230206e-06,1.577515035933174659e-06
-2.281504976053838618e-06,6.025595212122425437e-06,6.630279676755890250e-05,2.457551599945873022e-04,4.308186180423945189e-04,5.689592217095196247e-04,6.380383274517953396e-04,6.719984812662005424e-04,6.330502219498157501e-04,5.788729176856577396e-04,5.263831699267029762e-04,3.916335990652441978e-04,2.850487071555107832e-04,1.757624995661899447e-04,9.537766163703054190e-05,3.806253516813740134e-05,2.217497785750310868e-05,-1.508548450601665536e-07,6.993142960709519684e-06,3.072228764722240157e-06
4.043762942274042871e-07,5.077163677924545482e-06,1.687662006588652730e-04,5.368847050704061985e-04,8.739203331060707569e-04,9.891471127048134804e-04,8.717015734873712063e-04,6.252035964280366898e-04,3.535258874762803316e-04,1.465342793380841613e-04,4.131352761760354042e-05,-4.255541625752812251e-07,-1.006682487059151754e-05,6.465339083661092445e-06,7.460929737135302275e-06,2.924196678577573039e-06,-1.318999949262433802e-07,-8.283594183922105003e-07,9.416868351763696410e-07,4.959214265909395181e-07
4.820118988391186576e-07,3.911650310328695923e-06,1.319426228292286396e-04,4.040548228658735752e-04,6.344949943013489246e-04,6.961804465390741825e-04,5.892785266041755676e-04,3.973126295022666454e-04,2.124385500792413950e-04,8.152655209414660931e-05,2.093288821924943477e-05,1.859548035554325907e-07,4.970463578501949087e-07,9.749796845426317304e-06,8.312676072819158435e-06,1.653077674745873082e-06,1.534243324385897722e-06,2.000899996801308589e-07,1.312075852410998777e-07,8.504879644988250220e-08
2.193245762782680686e-07,4.993522452423349023e-06,1.626873563509434462e-04,5.291361012496054173e-04,8.743010694161057472e-04,1.009967643767595291e-03,9.107480873353779316e-04,6.786477752029895782e-04,4.064407839905470610e-04,1.882039068732410669e-04,6.620086787734180689e-05,8.802720913081429899e-06,-8.954076292866375297e-06,2.266545379825402051e-06,4.328917839302448556e-06,2.109813067363575101e-06,-8.432443223682639655e-07,-3.474817731330404058e-07,1.153142193288658746e-06,9.053515555024205241e-07
-1.293289528803143185e-06,3.055457000300521031e-06,1.813525013858452439e-04,6.482356693595647812e-04,1.156694837845861912e-03,1.473454292863607407e-03,1.464130356907844543e-03,1.253493828698992729e-03,9.107967489399015903e-04,5.532285431399941444e-04,2.659954770933836699e-04,8.145576430251821876e-05,4.775007482749060728e-07,-1.823727018290810520e-07,1.847083808570459951e-06,5.956926997896516696e-06,2.227272716481820680e-06,4.809347046830225736e-06,1.150063326349481940e-06,7.049387136248697061e-07
-3.275806932379055070e-07,7.037872819637414068e-06,8.760148193687200546e-05,3.434675163589417934e-04,6.295489147305488586e-04,8.487833547405898571e-04,9.439970017410814762e-04,9.404405718669295311e-04,8.307466050609946251e-04,6.915085832588374615e-04,5.364671815186738968e-04,3.562182246241718531e-04,2.152343950001522899e-04,1.184780776384286582e-04,5.046674414188601077e-05,1.085573148884577677e-05,1.225466530740959570e-05,1.077147089745267294e-06,3.471405761956702918e-06,3.215039043880096870e-07
-3.446004086526954779e-07,3.724136604432715103e-06,1.378173328703269362e-04,4.032374417874962091e-04,6.088282680138945580e-04,6.358613609336316586e-04,5.037100054323673248e-04,2.966618631035089493e-04,1.259278069483116269e-04,1.936880471475888044e-05,-1.636977503949310631e-05,-1.392600188410142437e-05,3.577263214538106695e-07,1.717470877338200808e-05,1.275203248951584101e-05,3.326949354232056066e-06,1.650064064051548485e-06,1.298640540881024208e-06,3.031379662843391998e-07,-1.855643972703546751e-06
-1.044343434841721319e-06,1.258042289009608794e-06,1.080550355254672468e-04,3.938783775083720684e-04,6.987508386373519897e-04,8.951646159403026104e-04,8.960220147855579853e-04,7.786427740938961506e-04,5.816100165247917175e-04,3.732485056389123201e-04,1.987106807064265013e-04,7.513417949667200446e-05,1.543152757221832871e-05,2.030962633625676972e-07,1.008301751426188275e-06,8.157358024618588388e-07,7.290512940016924404e-07,1.476332727179396898e-06,1.118707814384833910e-06,5.668347284881747328e-07
-6.318109058156551328e-08,3.101957645412767306e-06,8.338517363881692290e-05,3.426084294915199280e-04,6.311741308309137821e-04,8.671595714986324310e-04,9.877787670120596886e-04,1.015834510326385498e-03,9.342545527033507824e-04,7.984146941453218460e-04,6.524536875076591969e-04,4.520822840277105570e-04,2.836751518771052361e-04,1.623548450879752636e-04,7.552006718469783664e-05,2.407124884484801441e-05,1.058716316038044170e-05,2.469456376275047660e-06,2.470302888468722813e-06,-1.456508243791176938e-06
1.135319848799554165e-06,5.139195309311617166e-06,2.084920124616473913e-04,6.889370270073413849e-04,1.158396713435649872e-03,1.356711261905729771e-03,1.241806545294821262e-03,9.397606481797993183e-04,5.704037030227482319e-04,2.609081566333770752e-04,7.909596024546772242e-05,-2.942020500995568000e-06,-2.823787144734524190e-05,-1.201423629026976414e-06,3.036610678464057855e-06,5.344972123566549271e-06,-1.813566882447048556e-06,1.514499331278784666e-06,9.220846095558954403e-07,-1.297654392828917480e-07
4.038666361338982824e-07,3.031592768820701167e-06,1.171982949017547071e-04,4.659956612158566713e-04,8.492370834574103355e-04,1.133323065005242825e-03,1.183088170364499092e-03,1.078506233170628548e-03,8.592049707658588886e-04,6.062099710106849670e-04,3.601978532969951630e-04,1.680316781857982278e-04,5.511167910299263895e-05,1.928632809722330421e-05,5.735903869208414108e-06,2.761236999049287988e-07,3.049199904125998728e-06,-2.358262236157315783e-06,-2.972731181216659024e-06,-1.766451759976916946e-06
-9.237777476300834678e-07,3.536079248078749515e-06,6.501798634417355061e-05,2.218679292127490044e-04,3.578637260943651199e-04,4.241057904437184334e-04,3.960655594710260630e-04,3.208392881788313389e-04,2.260056353406980634e-04,1.474977179896086454e-04,9.490043157711625099e-05,4.777574940817430615e-05,2.614957520563621074e-05,1.294350369107633014e-07,7.099681056388362776e-07,-2.564161604823311791e-06,6.687693598905752879e-08,-2.621562089188955724e-06,2.330197503397357650e-06,2.804164751069038175e-06
-9.546877208777004853e-07,2.937776343969744630e-06,7.733462553005665541e-05,2.193502441514283419e-04,3.001997538376599550e-04,2.905822766479104757e-04,2.026071742875501513e-04,9.489178773947060108e-05,2.870846765290480107e-05,3.431653567531611770e-06,4.125756731809815392e-06,6.306960585789056495e-06,1.869234620244242251e-05,1.289224383071996272e-05,8.134377821988891810e-06,4.782525024893402588e-07,1.957597987711778842e-06,1.001885834739368875e-06,9.691932518762769178e-07,-2.421088993287412450e-06
3.622077144882496214e-07,3.918931270163739100e-06,1.282771845581009984e-04,3.921181778423488140e-04,6.140751647762954235e-04,6.730115273967385292e-04,5.686699296347796917e-04,3.831012290902435780e-04,2.055414079222828150e-04,8.015939238248392940e-05,2.217868131992872804e-05,1.637847844904172234e-06,2.061821078314096667e-06,9.660296200308948755e-06,8.168291060428600758e-06,1.421027604919800069e-06,1.613664153410354629e-06,2.413938489098654827e-07,1.251692509640633943e-07,2.125424884980020579e-07
-2.382110778853530064e-06,8.791758773440960795e-06,8.190718654077500105e-05,2.993271045852452517e-04,5.294387228786945343e-04,6.972720148041844368e-04,7.695399108342826366e-04,7.828265079297125340e-04,7.086534751579165459e-04,6.242685485631227493e-04,5.365076358430087566e-04,3.837016411125659943e-04,2.673123672138899565e-04,1.595639332663267851e-04,8.222673204727470875e-05,2.745721758401487023e-05,2.272725578222889453e-05,-2.335095103944695438e-07,8.221019925258588046e-06,5.001209956390084699e-06
-4.455295368188672001e-07,3.320282985441735946e-06,6.076130739529617131e-05,1.897716720122843981e-04,2.812588354572653770e-04,3.100237227044999599e-04,2.643363550305366516e-04,1.913675077958032489e-04,1.256956602446734905e-04,8.317173342220485210e-05,5.877163494005799294e-05,3.326122168800793588e-05,2.500512164260726422e-05,4.785543751495424658e-06,3.006854740306152962e-06,-1.999826054088771343e-06,1.041353243635967374e-06,-9.828162319536204450e-07,7.125546517272596247e-07,1.022328092403768096e-06
-9.656974953031749465e-07,3.240555088268592954e-06,5.293842332321219146e-05,1.846050436142832041e-04,3.154185251332819462e-04,4.082622763235121965e-04,4.261241410858929157e-04,3.959489404223859310e-04,3.252115275245159864e-04,2.527278265915811062e-04,1.808596862247213721e-04,1.065976175596006215e-04,5.593983223661780357e-05,2.216081338701769710e-05,9.840234270086511970e-06,-1.122377781825889542e-07,4.392595201352378353e-06,-2.036146270256722346e-06,6.041020697011845186e-06,1.677171553637890611e-06
6.116299005043401849e-07,1.851587057899450883e-06,4.827572047361172736e-05,1.348349469481036067e-04,1.657449029153212905e-04,1.492959418101236224e-04,9.315868373960256577e-05,3.463462053332477808e-05,1.089231136575108394e-05,1.441919812350533903e-05,2.541559479141142219e-05,2.307645263499580324e-05,2.555840183049440384e-05,7.482592081942129880e-06,4.543841441773111001e-06,-8.432108415945549496e-07,2.843245056283194572e-06,-1.204797740683716256e-06,1.868925210146699101e-06,-2.126143499481258914e-06
1.670824985922081396e-06,2.641249238877207972e-06,1.151131145888939500e-04,4.656977835111320019e-04,8.553256047889590263e-04,1.157686929218471050e-03,1.245091320015490055e-03,1.179762766696512699e-03,9.831123752519488335e-04,7.478456827811896801e-04,4.989232984371483326e-04,2.805890981107950211e-04,1.298714050790295005e-04,5.787747068097814918e-05,2.141197001037653536e-05,1.351592572973459028e-06,3.634941776908817701e-06,-3.741469299711752683e-06,-1.123691276916360948e-06,-2.197334879383561201e-06
-9.597798680260893889e-07,2.557713742135092616e-06,1.362917973892763257e-04,4.842097987420856953e-04,8.492318447679281235e-04,1.064773532561957836e-03,1.044507604092359543e-03,8.807804551906883717e-04,6.312999757938086987e-04,3.803266445174813271e-04,1.867012470029294491e-04,6.064552508178167045e-05,5.788853286503581330e-06,-3.041797754121944308e-06,-4.393517372136557242e-07,1.896314756777428556e-06,5.687237489837571047e-07,1.874591475825582165e-06,2.208845671702874824e-06,1.221807224283111282e-06
-1.210326558975793887e-07,4.065167559019755572e-06,9.121498442254960537e-05,2.952481154352426529e-04,4.752291715703904629e-04,5.498722894117236137e-04,4.962050006724894047e-04,3.783980791922658682e-04,2.453129563946276903e-04,1.391896803397685289e-04,7.538317004218697548e-05,3.175105666741728783e-05,1.599249662831425667e-05,1.637582272451254539e-06,1.683764708104718011e-06,-1.928603523992933333e-06,2.137244194955201237e-07,-9.301927548222010955e-07,7.431137305502488744e-07,2.268365960844676010e-06
1.585018480909639038e-06,2.597019602035288699e-06,1.182466730824671686e-04,4.754458204843103886e-04,8.775803726166486740e-04,1.194117125123739243e-03,1.301908283494412899e-03,1.258088741451501846e-03,1.072158338502049446e-03,8.394320611841976643e-04,5.895128124393522739e-04,3.516696160659193993e-04,1.779150770744308829e-04,8.429239096585661173e-05,3.232369999750517309e-05,2.623099135234951973e-06,4.682449798565357924e-06,-2.702514848351711407e-06,1.350150569123798050e-06,-1.930854978127172217e-06
-7.518204938605776988e-07,2.676437588888802566e-06,7.428033859468996525e-05,2.633662661537528038e-04,4.456594760995358229e-04,5.533839575946331024e-04,5.394816398620605469e-04,4.586502327583730221e-04,3.386869211681187153e-04,2.232662955066189170e-04,1.323933247476816177e-04,5.967327888356521726e-05,2.468610910000279546e-05,-1.599554195763630560e-07,6.619347914238460362e-07,-2.276057102790218778e-06,1.087177452063770033e-06,-1.774097086126857903e-06,2.534183067837147973e-06,2.238551360278506763e-06
-8.638041322228673380e-07,9.928087820298969746e-06,1.506818662164732814e-04,6.062241736799478531e-04,1.115924213081598282e-03,1.521926606073975563e-03,1.714243553578853607e-03,1.745665795169770718e-03,1.578963827341794968e-03,1.339445239864289761e-03,1.082050381228327751e-03,7.415914442390203476e-04,4.718358686659485102e-04,2.670361718628555536e-04,1.251325738849118352e-04,3.526610817061737180e-05,2.399393815721850842e-05,3.144407855870667845e-06,7.401431503240019083e-06,3.097484750469448045e-06
-9.016644639814330731e-07,5.064532615506323054e-06,1.770606031641364098e-04,6.081147002987563610e-04,1.048007165081799030e-03,1.278380863368511200e-03,1.220100908540189266e-03,9.891208028420805931e-04,6.704505067318677902e-04,3.692690806929022074e-04,1.611273037269711494e-04,3.884063698933459818e-05,-3.703387619680142961e-06,-5.251792572380509228e-06,-8.666584676575439516e-07,3.089795200139633380e-06,1.418850160916917957e-06,1.994231752178166062e-06,3.701168452607817017e-06,2.860847871488658711e-06
-1.266388153453590348e-06,3.204326503691845573e-06,1.717241393635049462e-04,6.523119518533349037e-04,1.184649183414876461e-03,1.565422164276242256e-03,1.611081534065306187e-03,1.448601018637418747e-03,1.127529772929847240e-03,7.625233265571296215e-04,4.282330628484487534e-04,1.794607087504118681e-04,5.022481127525679767e-05,1.681859430391341448e-05,8.689678907103370875e-06,2.511410684746806510e-06,4.367189376353053376e-06,1.360968667540873867e-06,-3.000602646352490410e-06,-2.249304458246115246e-07
-3.638256487192847999e-07,3.344746346556348726e-06,7.870967965573072433e-05,2.436997601762413979e-04,3.718110383488237858e-04,4.108165448997169733e-04,3.498228616081178188e-04,2.477958623785525560e-04,1.526333653600886464e-04,8.675904973642900586e-05,5.105091258883476257e-05,2.518051405786536634e-05,1.909386992338113487e-05,5.704073828383116052e-06,4.185987563687376678e-06,-1.791181261978636030e-06,1.277546971323317848e-06,1.691111606305639725e-08,6.779007577506490634e-08,9.798055771170766093e-07
4.771135877490451094e-07,4.410020665090996772e-06,1.562431862112134695e-04,4.720174183603376150e-04,7.379035232588648796e-04,7.993633043952286243e-04,6.661894149146974087e-04,4.336213169153779745e-04,2.157169365091249347e-04,6.534807471325621009e-05,2.151061835320433602e-06,-1.106791205529589206e-05,-4.318869741837261245e-06,1.429176154488231987e-05,1.176055957330390811e-05,3.485972911221324466e-06,1.966750687643070705e-06,4.244847957579622744e-07,1.043181825366445992e-07,-4.636238486455113161e-07
2.450304847911866091e-08,4.145281309320125729e-06,1.181232291855849326e-04,3.727900912053883076e-04,5.964478477835655212e-04,6.734154885634779930e-04,5.901419790461659431e-04,4.253402294125407934e-04,2.509809564799070358e-04,1.198314130306243896e-04,4.994001938030123711e-05,1.487739154981682077e-05,5.752021024818532169e-06,5.179989784664940089e-06,4.967196673533180729e-06,-1.953499548790205154e-07,6.302710175987158436e-07,-3.598401008275686763e-07,7.009175533312372863e-07,1.000355609903635923e-06
-8.130506756742761354e-08,4.758535396831575781e-06,1.257336116395890713e-04,4.104006220586597919e-04,6.756232469342648983e-04,7.871760753914713860e-04,7.160918903537094593e-04,5.456889048218727112e-04,3.439432766754180193e-04,1.791482500266283751e-04,8.123691077344119549e-05,2.553789636294823140e-05,5.930381576035870239e-06,1.473797738071880303e-06,2.314901621502940543e-06,-9.174436854664236307e-08,-1.937065832180451252e-07,-7.625009175171726383e-07,1.223653043780359440e-06,2.016797225223854184e-06
-3.537518011853535427e-07,3.288615971541730687e-06,9.110372775467112660e-05,2.802900562528520823e-04,4.319387953728437424e-04,4.758358118124306202e-04,4.034717276226729155e-04,2.800408692564815283e-04,1.648144243517890573e-04,8.374269964406266809e-05,4.190618346910923719e-05,1.793434785213321447e-05,1.373330997012089938e-05,6.644372660957742482e-06,5.041988970333477482e-06,-1.062785941030597314e-06,1.213547534462122712e-06,3.070444449804199394e-07,-6.560858878401631955e-08,7.460209303644660395e-07
-1.896674035606338293e-07,3.513617230055388063e-06,1.412762212567031384e-04,4.844959184993058443e-04,8.286118390969932079e-04,1.002510194666683674e-03,9.500647429376840591e-04,7.616297225467860699e-04,5.102397990413010120e-04,2.794319298118352890e-04,1.224823645316064358e-04,3.132190249743871391e-05,-3.840725639747688547e-06,-5.137037533131660894e-06,-1.919599071698030457e-06,1.541246092529036105e-06,-1.171408598565903958e-06,1.146219233305600937e-06,2.238672323073842563e-06,1.355163476546294987e-06
-9.062811727744701784e-07,1.629644771128369030e-06,1.072128725354559720e-04,3.862439480144530535e-04,6.788003956899046898e-04,8.595957770012319088e-04,8.516755769960582256e-04,7.301016594283282757e-04,5.367727135308086872e-04,3.379790578037500381e-04,1.773608673829585314e-04,6.558454333571717143e-05,1.313403845415450633e-05,-1.456139443689608015e-06,4.758511451541380666e-08,3.454409522873902461e-07,4.234801167513069231e-07,1.039588596540852450e-06,1.587593828844546806e-06,9.297493193116679322e-07
-1.578048454575764481e-06,4.015710146632045507e-06,9.002070873975753784e-05,3.205181856174021959e-04,5.548493354581296444e-04,7.076189504005014896e-04,7.072318112477660179e-04,6.204132805578410625e-04,4.719566204585134983e-04,3.213564050383865833e-04,1.921649236464872956e-04,8.710775728104636073e-05,3.674218896776437759e-05,8.971825081971473992e-06,6.255935659282840788e-06,7.803361512515039067e-09,4.838803761231247336e-06,-1.447599629500473384e-06,3.143959020235342905e-06,3.224316969863139093e-06
-3.218466204657488561e-08,4.791100764123257250e-06,1.711458171484991908e-04,5.047919112257659435e-04,7.757217390462756157e-04,8.195544942282140255e-04,6.611411226913332939e-04,3.997860185336321592e-04,1.722517190501093864e-04,2.406420207989867777e-05,-2.800741276587359607e-05,-2.488090467522852123e-05,-8.291503945656586438e-06,1.980457454919815063e-05,1.533960676169954240e-05,4.965991593053331599e-06,1.260474732589500491e-06,8.064007488428615034e-07,4.826028430215956178e-07,-2.014727215282618999e-06
7.889108246672549285e-07,2.988087089761393145e-06,3.915392517228610814e-05,1.091239246306940913e-04,1.314755209023132920e-04,1.215825686813332140e-04,8.527668978786095977e-05,4.584990892908535898e-05,3.132077108602970839e-05,3.750956966541707516e-05,4.427887688507325947e-05,3.558381285984069109e-05,3.004659083671867847e-05,6.619560281251324341e-06,2.940045078503317200e-06,-2.164651732528000139e-06,3.345970071677584201e-06,-2.100100346069666557e-06,3.308709892735350877e-06,-2.438383717162651010e-06
-1.139524897553201299e-06,4.409285793371964246e-06,5.867777144885621965e-05,2.200916642323136330e-04,3.941669128835201263e-04,5.260816542431712151e-04,5.835905903950333595e-04,5.810099537484347820e-04,5.161208682693541050e-04,4.332006792537868023e-04,3.432703670114278793e-04,2.302830980625003576e-04,1.387137599522247910e-04,7.435872248606756330e-05,3.171094431309029460e-05,6.255437256186269224e-06,7.369163995463168249e-06,5.918815872973937076e-07,4.626571353583130985e-06,3.577265204057766823e-07
-5.842579753334575798e-07,2.953520379378460348e-06,7.085063407430425286e-05,2.011368924286216497e-04,2.724753576330840588e-04,2.630181843414902687e-04,1.824462815420702100e-04,8.639277803013101220e-05,2.835000123013742268e-05,8.461532161163631827e-06,1.031114970828639343e-05,1.031901592796202749e-05,2.047657835646532476e-05,1.166627134807640687e-05,7.074855602695606649e-06,8.797161399343167432e-08,2.346092287552892230e-06,6.375120733537187334e-07,8.269262821158918086e-07,-1.994017793549573980e-06
-1.250973468813754153e-06,1.396110519635840319e-06,1.939384092111140490e-04,7.366340723820030689e-04,1.338635338470339775e-03,1.768674119375646114e-03,1.821640995331108570e-03,1.633933046832680702e-03,1.266504405066370964e-03,8.448467124253511429e-04,4.646635788958519697e-04,1.874361478257924318e-04,3.972863487433642149e-05,7.264287887664977461e-06,4.151984740019543096e-06,2.971722551592392847e-06,-3.885921842083916999e-07,2.744849098235135898e-06,-2.027643404289847240e-06,-1.552007006466737948e-06
7.987075036908208858e-07,2.755214836724917404e-06,1.317930291406810284e-04,5.491810152307152748e-04,1.019403920508921146e-03,1.408432261087000370e-03,1.595476642251014709e-03,1.609621569514274597e-03,1.445582602173089981e-03,1.188209629617631435e-03,9.077527211047708988e-04,5.924627184867858887e-04,3.337013768032193184e-04,1.669707708060741425e-04,6.678963109152391553e-05,1.125332346418872476e-05,9.927698556566610932e-07,4.971047019353136420e-06,2.758435584837570786e-06,-2.867096327463514172e-06
-7.995475925781647675e-07,3.271855348430108279e-06,5.587875784840434790e-05,1.993202167795971036e-04,3.342811542097479105e-04,4.210945335216820240e-04,4.222652351018041372e-04,3.712237812578678131e-04,2.885765279643237591e-04,2.092044451273977757e-04,1.394269638694822788e-04,7.392618863377720118e-05,3.477412610664032400e-05,7.152463695092592388e-06,2.744558059930568561e-06,-1.595175831425876822e-06,2.595278374428744428e-06,-3.333813765493687242e-06,4.567740688798949122e-06,1.826938046178838704e-06
8.195369787244999316e-07,1.494731691309425514e-06,5.023675112170167267e-05,1.364674972137436271e-04,1.617674424778670073e-04,1.373424747725948691e-04,7.395541615551337600e-05,1.120731030823662877e-05,-1.028495171340182424e-05,-1.460497173866315279e-06,1.497172615927411243e-05,1.827506821427959949e-05,2.443844641675241292e-05,7.520990493503632024e-06,5.553918526857160032e-06,-3.413856290990224807e-07,2.270193135700537823e-06,-9.481658480581245385e-07,2.218228928541066125e-06,-3.210313252566265874e-06
-1.341377242169983219e-06,4.796015673491638154e-06,6.329079769784584641e-05,2.199317968916147947e-04,3.740914689842611551e-04,4.801837785635143518e-04,4.932039882987737656e-04,4.485358076635748148e-04,3.589855914469808340e-04,2.707752864807844162e-04,1.867997780209407210e-04,1.040511560859158635e-04,5.464724381454288960e-05,2.030132236541248858e-05,1.015435918816365302e-05,6.403392376341798808e-07,6.410114565369440243e-06,-2.912267291321768425e-06,6.445247436204226688e-06,2.802605877150199376e-06
2.155308266083011404e-06,1.516647898824885488e-06,1.395100407535210252e-04,5.677230074070394039e-04,1.048765727318823338e-03,1.430429751053452492e-03,1.555939670652151108e-03,1.495445147156715393e-03,1.267113257199525833e-03,9.785782312974333763e-04,6.717839860357344151e-04,3.900561714544892311e-04,1.875882444437593222e-04,8.350854477612301707e-05,3.116181687801145017e-05,1.317189571636845358e-06,1.986235247386503033e-06,-3.447486051300074905e-06,-1.527361348507838557e-07,-2.810447540468885563e-06
3.502547087919083424e-07,4.357490524853346869e-06,1.380347821395844221e-04,4.588955198414623737e-04,7.689247140660881996e-04,9.104211931116878986e-04,8.430047892034053802e-04,6.551452679559588432e-04,4.218945687171071768e-04,2.211639948654919863e-04,9.462311572860926390e-05,2.405051054665818810e-05,-1.548819682284374721e-06,-1.576106114953290671e-06,2.898177910992671968e-07,9.741215762915089726e-07,-8.526326382707338780e-07,4.522776464455091627e-07,1.163305455520458054e-06,1.552187541165039875e-06
-1.661849069023446646e-06,1.628871177672408521e-05,1.587485166965052485e-04,6.165662780404090881e-04,1.127901487052440643e-03,1.515995129011571407e-03,1.686034142039716244e-03,1.702246489003300667e-03,1.519723911769688129e-03,1.296912669204175472e-03,1.053445274010300636e-03,7.264814339578151703e-04,4.796174471266567707e-04,2.793305029626935720e-04,1.345253403997048736e-04,3.851769361062906682e-05,3.639212445705197752e-05,1.037364427247666754e-06,9.561905244481749833e-06,7.065606496325926855e-06
-8.528540433871967252e-07,2.709726004468393512e-06,1.171850090031512082e-04,4.127363499719649553e-04,7.148606819100677967e-04,8.877813816070556641e-04,8.635229896754026413e-04,7.221373962238430977e-04,5.145444883964955807e-04,3.104876959696412086e-04,1.567417784826830029e-04,5.419689478003419936e-05,1.031124520523007959e-05,-3.197486648787162267e-06,-6.344720304696238600e-07,1.865931835709488951e-07,6.534081080644682515e-07,5.953791060164803639e-07,2.527821379771921784e-06,1.792281636880943552e-06
-5.022962454859225545e-07,2.885967433030600660e-06,1.026417448883876204e-04,3.555815783329308033e-04,6.039369618520140648e-04,7.347575738094747066e-04,7.009555702097713947e-04,5.718154716305434704e-04,3.964859643019735813e-04,2.335009776288643479e-04,1.184734355774708092e-04,4.214737055008299649e-05,1.061350212694378570e-05,-3.905351604771567509e-06,-1.306558942815172486e-06,-1.027653411256324034e-06,-1.905508817401369015e-08,-5.060292664893495385e-07,2.597180355223827064e-06,2.016040070884628221e-06
-1.455988183352019405e-07,2.929492211478645913e-06,6.332641351036727428e-05,2.580976870376616716e-04,4.732920788228511810e-04,6.465083570219576359e-04,7.394755957648158073e-04,7.720352732576429844e-04,7.232265779748558998e-04,6.372994976118206978e-04,5.447333678603172302e-04,3.923246113117784262e-04,2.621977764647454023e-04,1.598762610228732228e-04,8.000399975571781397e-05,3.059100345126353204e-05,1.439850530005060136e-05,1.382346567879721988e-06,1.802463884814642370e-06,-1.417712041984486859e-06
1.673176370786677580e-07,4.154821453994372860e-06,1.297410490224137902e-04,3.998808388132601976e-04,6.305445567704737186e-04,6.969498936086893082e-04,5.953804356977343559e-04,4.095955519005656242e-04,2.263569622300565243e-04,9.434315870748832822e-05,3.096842920058406889e-05,5.509637048817239702e-06,3.415119408600730821e-06,9.132289051194675267e-06,7.819002348696812987e-06,1.134689114223874640e-06,1.532055648567620665e-06,5.107276024318707641e-08,2.785032506835705135e-07,5.736330876970896497e-07
1.262765863430104218e-06,6.920384976183413528e-07,1.495608885306864977e-04,6.133563583716750145e-04,1.125570852309465408e-03,1.517051598057150841e-03,1.602360745891928673e-03,1.474408782087266445e-03,1.189011847600340843e-03,8.437370415776968002e-04,5.056844092905521393e-04,2.395224437350407243e-04,7.161667599575594068e-05,1.579310264787636697e-05,1.265212176804197952e-06,-1.876289616120629944e-06,-4.040784006065223366e-06,-3.299811851320555434e-06,-4.604935838870005682e-06,-4.321192591305589303e-06
-4.384435783322260249e-07,3.390593292351695709e-06,1.036574976751580834e-04,3.112144477199763060e-04,4.724552272818982601e-04,5.070656770840287209e-04,4.156931827310472727e-04,2.695777511689811945e-04,1.428064570063725114e-04,5.904358840780332685e-05,2.211840364907402545e-05,7.952819942147471011e-06,1.030334624374518171e-05,1.035619152389699593e-05,7.702815310040023178e-06,4.935830588692624588e-07,2.036362275248393416e-06,5.228928898759477306e-07,-5.282907409309700597e-07,1.013874921795832051e-07
2.566380544521962292e-06,2.973823029606137425e-06,1.783139887265861034e-04,7.217250531539320946e-04,1.333710970357060432e-03,1.820154720917344093e-03,1.984887290745973587e-03,1.915970235131680965e-03,1.630683313123881817e-03,1.268060528673231602e-03,8.823788375593721867e-04,5.197017453610897064e-04,2.597630955278873444e-04,1.180873878183774650e-04,4.629786417353898287e-05,3.303792937003890984e-06,4.524655651039211079e-06,-4.450764663488371298e-06,7.811484010744607076e-07,-2.369353296671761200e-06
-2.829219738487154245e-07,4.385165539133595303e-06,1.617382658878341317e-04,4.751335654873400927e-04,7.247129105962812901e-04,7.607743609696626663e-04,6.081549217924475670e-04,3.613452136050909758e-04,1.517723285360261798e-04,1.765344859450124204e-05,-2.761469295364804566e-05,-2.297760147484950721e-05,-5.845005944138392806e-06,1.943024290085304528e-05,1.496163622505264357e-05,4.709405402536503971e-06,1.181643938252818771e-06,1.115559257414133754e-06,6.310280582511040848e-07,-2.260865812786505558e-06
-2.088524269083791296e-07,3.432068979236646555e-06,1.045094832079485059e-04,3.178923507221043110e-04,4.895912134088575840e-04,5.332140717655420303e-04,4.460355557966977358e-04,2.991456713061779737e-04,1.648616744205355644e-04,7.244470180012285709e-05,2.875840800697915256e-05,9.725338713906239718e-06,9.180903361993841827e-06,8.707732376933563501e-06,6.720620149280875921e-06,1.479355518085867516e-07,1.549019543745089322e-06,3.953015834667894524e-07,-1.941566125651661423e-07,3.123033138763275929e-07
4.634397100744536147e-06,-5.361368494050111622e-06,2.149413339793682098e-04,8.980686543509364128e-04,1.673995167948305607e-03,2.315970137715339661e-03,2.550804056227207184e-03,2.481173491105437279e-03,2.132672350853681564e-03,1.648632809519767761e-03,1.134973485022783279e-03,6.589454133063554764e-04,3.014581452589482069e-04,1.196797020384110510e-04,3.992890924564562738e-05,-3.957604803872527555e-06,-1.226109725394053385e-05,-2.956585831270786002e-06,-1.248001126441522501e-06,-7.090640792739577591e-06
2.351652739207565901e-08,4.244298452249495313e-06,1.114135229727253318e-04,3.651453298516571522e-04,6.004910101182758808e-04,7.013321155682206154e-04,6.398752448149025440e-04,4.904116503894329071e-04,3.131642588414251804e-04,1.680423883954063058e-04,8.011354657355695963e-05,2.776665314740967005e-05,7.957047273521311581e-06,6.463027943937049713e-07,1.370890686303027906e-06,-6.717621658935968298e-07,-4.739761720884416718e-07,-8.859002491590217687e-07,1.092836214411363471e-06,1.891207944026973564e-06
-1.252380229743721429e-06,3.827499313047155738e-06,4.862736386712640524e-05,1.703988091321662068e-04,2.754498273134231567e-04,3.372549253981560469e-04,3.324217686895281076e-04,2.878998930100351572e-04,2.221820905106142163e-04,1.655052910791710019e-04,1.187570305773988366e-04,6.776824011467397213e-05,3.666664633783511817e-05,6.815816504968097433e-06,2.402330665063345805e-06,-1.871994868452020455e-06,2.064962473014020361e-06,-3.891479536832775921e-06,5.198581675358582288e-06,2.223305045845336281e-06
7.794003522576531395e-07,2.366793751207296737e-06,2.150657528545707464e-04,9.113854612223803997e-04,1.692785997875034809e-03,2.361291088163852692e-03,2.706943079829216003e-03,2.787854988127946854e-03,2.560754073783755302e-03,2.149078529328107834e-03,1.715369755402207375e-03,1.160540501587092876e-03,6.986278458498418331e-04,3.715991915669292212e-04,1.665458403294906020e-04,4.452701978152617812e-05,7.791121788613963872e-06,9.092282198253087699e-06,6.654946446360554546e-06,-2.645173935889033601e-06
-4.155554051976650953e-07,2.919495045716757886e-06,6.413846858777105808e-05,1.847637176979333162e-04,2.502906136214733124e-04,2.451059117447584867e-04,1.744799083098769188e-04,9.025141480378806591e-05,3.835695315501652658e-05,2.018717532337177545e-05,1.995796446863096207e-05,1.568106563354376704e-05,2.195896922785323113e-05,9.899942597257904708e-06,6.011649929860141128e-06,-3.333988161102752201e-07,2.368886725889751688e-06,1.015781379010149976e-07,6.623158697038888931e-07,-1.468979007768211886e-06
4.295877147342253011e-07,4.183605142316082492e-06,1.429156545782461762e-04,4.735501133836805820e-04,7.914048037491738796e-04,9.307361324317753315e-04,8.559772395528852940e-04,6.573111750185489655e-04,4.145319689996540546e-04,2.099067496601492167e-04,8.479948155581951141e-05,1.862896169768646359e-05,-5.284217877488117665e-06,-1.040696020027098712e-06,9.518926731288956944e-07,1.377748844788584393e-06,-1.340847347819362767e-06,2.958328479962801794e-07,1.019633941723441239e-06,1.018721036416536663e-06
-2.346033056710439268e-07,1.901119958347408101e-06,9.684175165602937341e-05,3.763149143196642399e-04,6.809582118876278400e-04,9.029983193613588810e-04,9.357016533613204956e-04,8.474955684505403042e-04,6.691027665510773659e-04,4.663171421270817518e-04,2.732663415372371674e-04,1.235475210705772042e-04,3.794275471591390669e-05,1.158289160230197012e-05,3.611742158682318404e-06,-2.150773923403903609e-07,2.127672132701263763e-06,-1.019310047922772355e-06,-1.063983290805481374e-06,-7.025974468888307456e-07
-2.154972435164381750e-06,1.610969434295839164e-06,2.643373154569417238e-04,9.421436698175966740e-04,1.688448013737797737e-03,2.157647628337144852e-03,2.151211258023977280e-03,1.840071519836783409e-03,1.329043065197765827e-03,7.866062805987894535e-04,3.580850316211581230e-04,9.159855835605412722e-05,-2.752777800196781754e-05,-1.454216817364795133e-05,-3.631330173448077403e-06,9.965048775484319776e-06,-3.542318381732911803e-06,9.596494237484876066e-06,4.640913175535388291e-06,-9.219110808089681086e-09
-2.074553094644215889e-06,5.694442734238691628e-06,9.510062955087050796e-05,3.308588056825101376e-04,5.638651200570166111e-04,7.073138258419930935e-04,6.970618851482868195e-04,6.033675163052976131e-04,4.521951486822217703e-04,3.071924729738384485e-04,1.885620004031807184e-04,8.842186798574402928e-05,4.501302100834436715e-05,1.247984891961095855e-05,9.227826012647710741e-06,6.038782203177106567e-07,7.038047442620154470e-06,-2.310609716005274095e-06,4.421309313329402357e-06,4.803376668860437348e-06
-5.685066639671276789e-08,4.631351657735649496e-06,1.178700113086961210e-04,3.859084972646087408e-04,6.355112418532371521e-04,7.435239967890083790e-04,6.794495857320725918e-04,5.223194602876901627e-04,3.348877362441271544e-04,1.799925958039239049e-04,8.577912376495078206e-05,2.937823228421621025e-05,8.910331416700500995e-06,1.089069087356620003e-06,1.766098193911602721e-06,-5.496943344951432664e-07,-2.556135925146918453e-08,-7.740657110844040290e-07,1.201163513542269357e-06,2.223555384261999279e-06
-1.078841933122021146e-06,9.732982562127290294e-07,1.330554659944027662e-04,5.001348326914012432e-04,9.078311850316822529e-04,1.192437019199132919e-03,1.219896948896348476e-03,1.086672069504857063e-03,8.328034891746938229e-04,5.488444003276526928e-04,2.951218339148908854e-04,1.138496518251486123e-04,2.041685002041049302e-05,4.394626103021437302e-06,2.639178319441271015e-06,2.645625272634788416e-06,8.342305477526679169e-07,2.847110636139404960e-06,-8.713914780855702702e-07,-8.002838853826688137e-07
8.364307859665132128e-07,5.398306257120566443e-06,1.951331796590238810e-04,5.859594675712287426e-04,9.199627093039453030e-04,9.933277033269405365e-04,8.252481347881257534e-04,5.288912798278033733e-04,2.497261157259345055e-04,5.753250661655329168e-05,-1.932303894136566669e-05,-2.737625072768423706e-05,-1.442608026991365477e-05,1.804659950721543282e-05,1.530424924567341805e-05,5.747079285356448963e-06,2.042391088252770714e-06,5.478368052536097821e-07,6.993230385887727607e-07,-9.702456509330659173e-07
-4.842810312766232528e-07,3.292719839009805582e-06,7.410012040054425597e-05,2.270599652547389269e-04,3.398140252102166414e-04,3.700689994730055332e-04,3.090462414547801018e-04,2.136223774868994951e-04,1.296174305025488138e-04,7.491209544241428375e-05,4.644555519917048514e-05,2.454042441968340427e-05,2.019583371293265373e-05,6.325347840174799785e-06,4.416054707689909264e-06,-1.725316906231455505e-06,1.373143959426670335e-06,-1.496448049920218182e-07,9.266620537573544425e-08,5.829513725075230468e-07
1.169141512491478352e-07,4.283711859898176044e-06,1.303293829550966620e-04,4.347583744674921036e-04,7.288313936442136765e-04,8.657671278342604637e-04,8.044263231568038464e-04,6.295606726780533791e-04,4.106584528926759958e-04,2.205798518843948841e-04,9.860334102995693684e-05,2.799206959025468677e-05,1.856049379966862034e-06,-1.669201537879416719e-06,6.678055086695167120e-08,5.189315857023757417e-07,-6.182489187267492525e-07,2.517314783290203195e-07,1.406470914844248910e-06,1.789661837392486632e-06
-5.760498424933757633e-07,3.218885922251502052e-06,1.068492420017719269e-04,3.686739655677229166e-04,6.254275795072317123e-04,7.601245306432247162e-04,7.241815328598022461e-04,5.901049589738249779e-04,4.085951950401067734e-04,2.400575176579877734e-04,1.216898526763543487e-04,4.317531056585721672e-05,1.147994134953478351e-05,-3.546179868862964213e-06,-9.436815844310331158e-07,-9.805149829844594933e-07,3.668415899937826907e-07,-5.161537615094857756e-07,2.724627165662241168e-06,2.287932602484943345e-06
-2.264667386953078676e-07,3.263522103225113824e-06,8.626585622550919652e-05,2.698508615139871836e-04,4.208556201774626970e-04,4.716967814601957798e-04,4.090009897481650114e-04,2.950933121610432863e-04,1.824704377213492990e-04,9.961789328372105956e-05,5.369495193008333445e-05,2.355877586524002254e-05,1.556763345433864743e-05,4.752404038299573585e-06,3.730034904947387986e-06,-1.827915752983244602e-06,8.721363542463222984e-07,9.081637131203024182e-08,1.362996471243604901e-07,1.216066948472871445e-06
1.143575673268060200e-06,2.879242174458340742e-06,9.325625433120876551e-05,3.725330461747944355e-04,6.852209917269647121e-04,9.266907582059502602e-04,1.003078068606555462e-03,9.614147711545228958e-04,8.115779492072761059e-04,6.320907268673181534e-04,4.392198461573570967e-04,2.595886180642992258e-04,1.305055484408512712e-04,6.371683411998674273e-05,2.435563328617718071e-05,2.493790361768333241e-06,5.492058789968723431e-06,-2.469595983711769804e-06,8.110573617159388959e-07,-1.563615910527005326e-06
1.312959170718386304e-06,1.513169763711630367e-06,9.039886208483949304e-05,3.645708784461021423e-04,6.734225898981094360e-04,9.161613415926694870e-04,9.987341472879052162e-04,9.648824925534427166e-04,8.222473552450537682e-04,6.438679411076009274e-04,4.513323074206709862e-04,2.692151174414902925e-04,1.335964625468477607e-04,6.368764297803863883e-05,2.326908361283130944e-05,1.510857714492885862e-06,3.042882781301159412e-06,-1.778368073246383574e-06,1.145651594924856909e-06,-2.198577931267209351e-06
-5.477060085468110628e-07,2.847411224138340913e-06,7.761036249576136470e-05,2.682570775505155325e-04,4.470172571018338203e-04,5.411664023995399475e-04,5.142740556038916111e-04,4.220829869154840708e-04,2.992455265484750271e-04,1.876122260000556707e-04,1.080671499948948622e-04,4.721394725493155420e-05,2.060316546703688800e-05,-1.956908135980484076e-06,-2.912886145622906042e-07,-2.626456989673897624e-06,5.817705641675274819e-07,-1.769471850820991676e-06,2.485640152372070588e-06,2.461232270434265956e-06
-1.576638624101178721e-06,1.417819930793484673e-06,1.932708692038431764e-04,6.974118296056985855e-04,1.253441791050136089e-03,1.610946143046021461e-03,1.614599837921559811e-03,1.394752413034439087e-03,1.023142947815358639e-03,6.254244945012032986e-04,3.008356434293091297e-04,9.079925075639039278e-05,-6.208757895365124568e-06,-4.904678007733309641e-06,-2.781061994028277695e-07,6.637858859903644770e-06,-6.672859171885647811e-07,6.287583346420433372e-06,1.905218596220947802e-06,-1.933736939463415183e-07
-9.890178489513345994e-07,2.917886376962997019e-06,1.223324361490085721e-04,4.309029318392276764e-04,7.476966129615902901e-04,9.312307229265570641e-04,9.080173913389444351e-04,7.624707068316638470e-04,5.461254040710628033e-04,3.316431248094886541e-04,1.684907620074227452e-04,5.884508573217317462e-05,1.192061517940601334e-05,-2.357005769226816483e-06,1.627685319860461277e-09,4.155361352786712814e-07,1.117629608415882103e-06,7.596527780151518527e-07,2.518436076570651494e-06,1.947913460753625259e-06
-9.748846423462964594e-07,3.360694563525612466e-06,8.369240094907581806e-05,2.443929261062294245e-04,3.521522739902138710e-04,3.631506115198135376e-04,2.799014037009328604e-04,1.662931026658043265e-04,8.176310075214132667e-05,3.574265429051592946e-05,1.964080365723930299e-05,1.199252437800168991e-05,1.798229459382127970e-05,1.106866693589836359e-05,7.460175766027532518e-06,-2.590290080206614221e-07,2.301089125467115082e-06,4.070757597673946293e-07,1.390028927517050761e-07,-7.847081633371999487e-07
-2.601485391551250359e-07,2.778856924123829231e-06,5.608430365100502968e-05,1.640622504055500031e-04,2.201048628194257617e-04,2.178822032874450088e-04,1.585793361300602555e-04,8.880178211256861687e-05,4.605446156347170472e-05,3.200331775587983429e-05,3.119842949672602117e-05,2.248286364192608744e-05,2.438306546537205577e-05,8.090580195130314678e-06,4.853925474890274927e-06,-7.898601097622304223e-07,2.584764615676249377e-06,-6.961290637264028192e-07,7.411384217448357958e-07,-7.629000151609943714e-07
-2.425803813821403310e-06,2.217984047092613764e-06,1.923578238347545266e-04,6.958656013011932373e-04,1.258054748177528381e-03,1.637851586565375328e-03,1.658467575907707214e-03,1.458627870306372643e-03,1.096504973247647285e-03,6.965518696233630180e-04,3.549087850842624903e-04,1.210098052979446948e-04,1.280260585190262645e-05,4.763857759826350957e-06,5.984215022181160748e-06,6.779655450372956693e-06,3.816610842477530241e-06,6.388633210008265451e-06,1.112147856474621221e-06,8.519631933268101420e-07
-8.808193570075673051e-07,3.307414090158999898e-06,1.002797944238409400e-04,2.944177831523120403e-04,4.355908313300460577e-04,4.558328946586698294e-04,3.594793961383402348e-04,2.183471806347370148e-04,1.062407172867096961e-04,3.819618723355233669e-05,1.239405355590861291e-05,5.270654128253227100e-06,1.241319932887563482e-05,1.221185084432363510e-05,8.602288289694115520e-06,4.379191125281067798e-07,2.146653741874615662e-06,7.563787676190258935e-07,-2.172668445155068184e-07,-7.048580528135062195e-07
-9.637676612328505144e-07,1.370878180750878528e-06,1.178468446596525609e-04,4.434571019373834133e-04,8.030509343370795250e-04,1.055044471286237240e-03,1.079371548257768154e-03,9.634062880650162697e-04,7.408002857118844986e-04,4.929790156893432140e-04,2.693040587473660707e-04,1.069354475475847721e-04,2.292008139193058014e-05,5.641223651764448732e-06,3.072767867706716061e-06,1.717662030387145933e-06,1.570807057760248426e-06,2.045355131485848688e-06,-7.822752081665385049e-07,-4.090343566076626303e-07
7.677737130507011898e-07,6.062927695893449709e-06,2.012089389609172940e-04,6.637682090513408184e-04,1.115418621338903904e-03,1.313281012699007988e-03,1.207967638038098812e-03,9.250892326235771179e-04,5.754462326876819134e-04,2.774740278255194426e-04,9.774755017133429646e-05,9.244160537491552532e-06,-1.756736673996783793e-05,-8.137029681165586226e-07,2.853879323083674535e-06,4.223412361170630902e-06,-2.066192621441587107e-07,1.414994812876102515e-06,1.382268351335369516e-06,1.389226781611796468e-06
3.419281426886300324e-07,1.621319029254664201e-06,5.300759949022904038e-05,1.463101507397368550e-04,1.788080262485891581e-04,1.565185084473341703e-04,9.019010030897334218e-05,2.268608659505844116e-05,-4.593904577632201836e-06,-2.298914658638295805e-08,1.462322234146995470e-05,1.711252843961119652e-05,2.405191844445653260e-05,8.437536962446756661e-06,5.796685400127898902e-06,-5.249888204161834437e-07,2.436653630866203457e-06,-5.810021548313670792e-07,1.663636339799268171e-06,-2.766730858638766222e-06
-1.631761620046745520e-06,2.714320999075425789e-06,9.705602860776707530e-05,2.771322615444660187e-04,3.896185080520808697e-04,3.835861280094832182e-04,2.757890906650573015e-04,1.340483722742646933e-04,4.096968768863007426e-05,-3.826412921625887975e-06,-8.490083928336389363e-06,-2.473549784554052167e-06,1.430518932465929538e-05,1.641630660742521286e-05,1.141360826295567676e-05,1.291814214710029773e-06,1.379733134854177479e-06,1.469452058699971531e-06,1.167074174190929625e-06,-3.336236432005534880e-06
-2.312436180318400147e-07,2.801055870804702863e-06,6.087418296374380589e-05,1.753053074935451150e-04,2.339988277526572347e-04,2.269283722853288054e-04,1.589158346178010106e-04,8.024447015486657619e-05,3.387805554666556418e-05,2.011999094975180924e-05,2.223245064669754356e-05,1.771284041751641780e-05,2.325579589523840696e-05,9.427597433386836201e-06,5.719804903492331505e-06,-5.550128889808547683e-07,2.514242396500776522e-06,-1.311616841803697753e-07,8.198447858376312070e-07,-1.424689571649651043e-06
-3.973912043875316158e-07,3.768240958379465155e-06,1.400772889610379934e-04,4.803584306500852108e-04,8.209086954593658447e-04,9.947040816769003868e-04,9.439928689971566200e-04,7.596728974021971226e-04,5.123410956002771854e-04,2.840436936821788549e-04,1.278082490898668766e-04,3.491444658720865846e-05,-5.073334818916919176e-07,-4.828035343962255865e-06,-1.539882418910565320e-06,1.194217134070640896e-06,-4.921485583508911077e-07,8.936363542488834355e-07,2.614902086861548014e-06,1.795205434973468073e-06
7.428782282659085467e-07,4.908277787762926891e-06,1.931993901962414384e-04,6.560099427588284016e-04,1.124124159105122089e-03,1.355038257315754890e-03,1.277862582355737686e-03,1.013473956845700741e-03,6.638205377385020256e-04,3.451898519415408373e-04,1.348874502582475543e-04,2.171122287109028548e-05,-1.762746433087158948e-05,-5.859320481249596924e-06,-1.464584101995569654e-06,4.449802872841246426e-06,-8.371225135306303855e-07,2.753727812887518667e-06,1.663158741393999662e-06,1.304946295022091363e-06
-1.042653593685827218e-06,4.552653535938588902e-06,1.690185017650946975e-04,5.851727910339832306e-04,1.013549044728279114e-03,1.244460348971188068e-03,1.195625634863972664e-03,9.780643740668892860e-04,6.713872426189482212e-04,3.770983603317290545e-04,1.684396702330559492e-04,4.332854223321191967e-05,-1.934206466103205457e-06,-4.857281510339817032e-06,-6.166230264170735609e-07,3.107475095021072775e-06,1.645331167310359888e-06,2.034591261690366082e-06,3.794863914663437754e-06,2.642549588927067816e-06
7.726168860244797543e-07,2.577229679445736110e-06,1.549585140310227871e-04,6.240052171051502228e-04,1.141463872045278549e-03,1.532539725303649902e-03,1.609960570931434631e-03,1.476247329264879227e-03,1.185659901238977909e-03,8.393407333642244339e-04,5.018642405048012733e-04,2.361902734264731407e-04,7.616141374455764890e-05,2.228444100182969123e-05,5.757275175710674375e-06,-9.017915090225869790e-07,6.324795549517148174e-07,-3.231482651244732551e-06,-4.677802735386649147e-06,-2.986241952385171317e-06
-1.035893888001737650e-06,3.204320364602608606e-06,1.528037100797519088e-04,5.388619611039757729e-04,9.443571907468140125e-04,1.180034596472978592e-03,1.153384335339069366e-03,9.669757564552128315e-04,6.866466719657182693e-04,4.064923850819468498e-04,1.939073263201862574e-04,5.894987043575383723e-05,2.496524984962888993e-06,-3.364240910741500556e-06,-3.957779028951335931e-07,2.790131247820681892e-06,9.950812227543792687e-07,2.410126398899592459e-06,2.342326297366525978e-06,1.538516357868502382e-06
-1.978608679564786144e-06,-2.201865925144375069e-07,2.175042900489643216e-04,8.104735752567648888e-04,1.471718540415167809e-03,1.933780033141374588e-03,1.980831613764166832e-03,1.760744140483438969e-03,1.345629920251667500e-03,8.720685727894306183e-04,4.590461903717368841e-04,1.688614865997806191e-04,1.921705552376806736e-05,-2.186550773330964148e-06,1.063470108420006000e-06,5.090537797514116392e-06,-2.981520083267241716e-06,5.857391897734487429e-06,3.244271340463455999e-07,-1.645157340135483537e-06
-3.614889863001735648e-07,5.635308298224117607e-06,1.303424360230565071e-04,5.388640565797686577e-04,9.924551704898476601e-04,1.364801661111414433e-03,1.561785931698977947e-03,1.635805005207657814e-03,1.530095119960606098e-03,1.341817551292479038e-03,1.145293586887419224e-03,8.212507236748933792e-04,5.534042720682919025e-04,3.317706286907196045e-04,1.691220095381140709e-04,6.232137093320488930e-05,2.896598562074359506e-05,3.099220293734106235e-06,5.960587714071152732e-06,1.228876840286829975e-06
3.254119974371860735e-06,9.120433787757065147e-06,3.331647312734276056e-04,1.019655843265354633e-03,1.636361237615346909e-03,1.795203774236142635e-03,1.521823462098836899e-03,1.004885416477918625e-03,4.811662365682423115e-04,1.052445295499637723e-04,-5.193508695811033249e-05,-6.979661702644079924e-05,-5.208332004258409142e-05,2.209953527199104428e-05,2.272272286063525826e-05,1.360123951599234715e-05,3.382801594398188172e-07,1.562087845741189085e-07,2.141153572665643878e-06,-2.324289198440965265e-06
-2.004180714720860124e-06,-4.874593173553876113e-07,2.558780543040484190e-04,9.625016828067600727e-04,1.749557792209088802e-03,2.307378686964511871e-03,2.373694442212581635e-03,2.120141172781586647e-03,1.633144100196659565e-03,1.069849706254899502e-03,5.735476734116673470e-04,2.193781983805820346e-04,3.178172846673987806e-05,-1.933139856191701256e-06,8.742309773879242130e-07,4.842861471843207255e-06,-4.945535692968405783e-06,5.695690106222173199e-06,-7.264354167091369163e-07,-2.552566002123057842e-06
1.736584920308814617e-07,3.958895831601694226e-06,1.199103353428654373e-04,3.752265474759042263e-04,5.969048943370580673e-04,6.683459505438804626e-04,5.800019134767353535e-04,4.105334519408643246e-04,2.364500542171299458e-04,1.078251298167742789e-04,4.165567588643170893e-05,1.098303619073703885e-05,4.305781203584047034e-06,6.241099072212819010e-06,5.691274509445065632e-06,2.192467292161381920e-07,7.565651003460516222e-07,-2.025354319812322501e-07,5.159940315024869051e-07,6.656030677731905598e-07
5.907003597371840442e-08,4.822680239158216864e-06,1.356036227662116289e-04,4.317022685427218676e-04,6.988330860622227192e-04,7.951388251967728138e-04,7.036969764158129692e-04,5.131323123350739479e-04,3.029796644113957882e-04,1.417580497218295932e-04,5.534676165552809834e-05,1.343662006547674537e-05,2.010274556596414186e-06,4.773931777890538797e-06,5.409971436165506020e-06,4.735411778256093385e-07,5.767723791905154940e-07,-7.663315386707836296e-07,1.139462028731941245e-06,1.261446982425695751e-06
9.672922942627337761e-07,1.961622501767124049e-06,1.689751516096293926e-04,6.825178279541432858e-04,1.248334650881588459e-03,1.677446183748543262e-03,1.763114240020513535e-03,1.616102410480380058e-03,1.295835478231310844e-03,9.128354722633957863e-04,5.415857885964214802e-04,2.513630315661430359e-04,7.508942508138716221e-05,1.739969047775957733e-05,3.184955630786134861e-06,-1.588591999279742595e-06,-2.284578613398480229e-06,-3.114649643976008520e-06,-4.923903816234087572e-06,-3.847770130960270762e-06
-2.864045654860092327e-06,-3.423393764023785479e-06,3.553265414666384459e-04,1.330170198343694210e-03,2.418685704469680786e-03,3.186657326295971870e-03,3.277102485299110413e-03,2.915198914706707001e-03,2.229488920420408249e-03,1.434331294149160385e-03,7.479331106878817081e-04,2.692599082365632057e-04,1.383490052830893546e-05,-1.930914731929078698e-05,-6.322962690319400281e-06,7.268087756528984755e-06,-1.423114372300915420e-05,9.991259503294713795e-06,2.697827085285098292e-06,-4.348362381279002875e-06
1.053602545653120615e-06,5.555036295845638961e-06,1.969273871509358287e-04,5.953519721515476704e-04,9.405465680174529552e-04,1.023104763589799404e-03,8.582139853388071060e-04,5.602789460681378841e-04,2.728078106883913279e-04,7.126102718757465482e-05,-1.272510144190164283e-05,-2.590077201602980494e-05,-1.543278449389617890e-05,1.648422949074301869e-05,1.461706779082305729e-05,5.627418431686237454e-06,2.193492719015921466e-06,3.114309095053613419e-07,8.645519073979812674e-07,-5.913112772759632207e-07
-2.635011924212449230e-06,2.441161541355540976e-06,1.148291776189580560e-04,3.255022456869482994e-04,4.558276850730180740e-04,4.431185952853411436e-04,3.128443495370447636e-04,1.389314857078716159e-04,2.766466968751046807e-05,-2.692770794965326786e-05,-2.753507396846543998e-05,-1.276065358979394659e-05,1.122237335948739201e-05,2.115233110089320689e-05,1.555688140797428787e-05,3.439024567342130467e-06,-1.115064236500984407e-07,2.349544956814497709e-06,1.214975554830743931e-06,-4.269693818059749901e-06
-1.066496906787506305e-06,2.146684664694475941e-06,1.007146420306526124e-04,3.592710418161004782e-04,6.263874820433557034e-04,7.916266331449151039e-04,7.826534565538167953e-04,6.721899262629449368e-04,4.975797492079436779e-04,3.185713139828294516e-04,1.733677199808880687e-04,6.806505552958697081e-05,1.937460183398798108e-05,2.175252546976480517e-07,1.265481955670111347e-06,-5.308714321472507436e-07,1.572071482769388240e-06,4.109577673716557911e-07,1.746736643326585181e-06,1.673988549555360805e-06
-1.068684582605783362e-06,1.917664349093683995e-06,1.278371928492560983e-04,4.596676735673099756e-04,8.130397181957960129e-04,1.032282249070703983e-03,1.024505007080733776e-03,8.782988297753036022e-04,6.432876689359545708e-04,3.996991435997188091e-04,2.032104093814268708e-04,7.060961070237681270e-05,9.754232451086863875e-06,-1.076683815881551709e-06,5.205139359532040544e-07,1.855381583482085261e-06,8.180632562471146230e-07,2.122435489582130685e-06,1.493415197728609201e-06,8.139090823533479124e-07
-8.815078444968094118e-07,3.213212494301842526e-06,6.431042129406705499e-05,2.327687980141490698e-04,4.019226180389523506e-04,5.194929544813930988e-04,5.307634128257632256e-04,4.759885778184980154e-04,3.750421747099608183e-04,2.700655604712665081e-04,1.724067406030371785e-04,8.661257743369787931e-05,3.643229865701869130e-05,9.756782674230635166e-06,4.118168817512923852e-06,-7.340426577684411313e-07,3.513981255309772678e-06,-2.519119561839033850e-06,4.259824891050811857e-06,1.488117277403944172e-06
1.077901970347738825e-06,7.041544904495822266e-06,1.585715654073283076e-04,6.342144333757460117e-04,1.170577714219689369e-03,1.594758825376629829e-03,1.763780252076685429e-03,1.739697065204381943e-03,1.517727854661643505e-03,1.227170228958129883e-03,9.125484502874314785e-04,5.788069101981818676e-04,3.282050020061433315e-04,1.670428464422002435e-04,7.038692274363711476e-05,1.170454197563230991e-05,1.217511817230843008e-05,-7.516231335102929734e-07,4.567622909235069528e-06,9.622837637834891211e-08
6.663137952500619576e-08,4.545294814306544140e-06,1.945743279065936804e-04,6.719333468936383724e-04,1.163375913165509701e-03,1.419293228536844254e-03,1.355010899715125561e-03,1.093554310500621796e-03,7.329489453695714474e-04,3.930371312890201807e-04,1.596185320522636175e-04,2.945510641438886523e-05,-1.717597115202806890e-05,-8.456147043034434319e-06,-2.782478077278938144e-06,4.777664344146614894e-06,-4.318828814575681463e-07,3.025013711521751247e-06,2.994951955770375207e-06,1.520550313216517679e-06
3.347982158175000222e-07,1.027220150717766955e-06,1.040372299030423164e-04,4.410810652188956738e-04,8.159124408848583698e-04,1.134140416979789734e-03,1.308064558543264866e-03,1.367210643365979195e-03,1.280437922105193138e-03,1.105774659663438797e-03,9.221353102475404739e-04,6.489930092357099056e-04,4.152618930675089359e-04,2.393363392911851406e-04,1.163430424639955163e-04,4.102077582501806319e-05,1.229115332535002381e-05,3.949884558096528053e-06,2.742916649367543869e-06,-2.655247726579545997e-06
-7.942804813865222968e-07,2.950396947198896669e-06,7.423725764965638518e-05,2.104428276652470231e-04,2.859355299733579159e-04,2.755833847913891077e-04,1.907111436594277620e-04,8.845365664456039667e-05,2.665320789674296975e-05,4.634977813111618161e-06,6.522115654661320150e-06,8.026711839193012565e-06,1.963653448910918087e-05,1.235064883076120168e-05,7.681747774768155068e-06,3.275792721524339868e-07,2.113201617248705588e-06,8.439852194896957371e-07,9.671009593148482963e-07,-2.280185526615241542e-06
1.437347350474738050e-06,2.445789959892863408e-06,1.054605381796136498e-04,4.255979147274047136e-04,7.825175998732447624e-04,1.059307251125574112e-03,1.142349094152450562e-03,1.086950069293379784e-03,9.102398762479424477e-04,6.980391335673630238e-04,4.723312449641525745e-04,2.703861100599169731e-04,1.286430779146030545e-04,5.925963705522008240e-05,2.208938894909806550e-05,1.553597030579112470e-06,3.996722170995781198e-06,-3.144382617392693646e-06,-3.780720305712748086e-07,-2.061162376776337624e-06
5.761442025686847046e-07,2.783758191071683541e-06,8.898574014892801642e-05,3.521286707837134600e-04,6.378534017130732536e-04,8.503264398314058781e-04,8.935129153542220592e-04,8.217956637963652611e-04,6.633301964029669762e-04,4.831613041460514069e-04,3.024948819074779749e-04,1.538364595035091043e-04,6.013478559907525778e-05,2.314864286745432764e-05,7.518752681789919734e-06,4.989686885892297141e-07,3.582916860978002660e-06,-2.950577936644549482e-06,-5.316906594998727087e-07,-1.229265535585000180e-06
3.498032128845807165e-06,-1.739899744279682636e-07,1.876106543932110071e-04,7.747829658910632133e-04,1.430016243830323219e-03,1.953423023223876953e-03,2.111542737111449242e-03,2.006157534196972847e-03,1.678199623711407185e-03,1.264025457203388214e-03,8.300702902488410473e-04,4.556310304906219244e-04,1.960530207725241780e-04,7.483443914679810405e-05,2.575320286268834025e-05,-1.593715410308504943e-06,-3.673752189570222981e-06,-5.619844159809872508e-06,-4.329931925894925371e-06,-4.592697678162949160e-06
-1.091830540644878056e-06,2.621134399305447005e-06,9.380230039823800325e-05,3.475752018857747316e-04,6.188111728988587856e-04,8.108701440505683422e-04,8.296683081425726414e-04,7.442078203894197941e-04,5.795804318040609360e-04,3.983596980106085539e-04,2.319088525837287307e-04,1.017059257719665766e-04,3.255748379160650074e-05,8.415246156801003963e-06,4.317262664699228480e-06,6.235559624201414408e-08,3.201768095095758326e-06,-3.080209296513203299e-07,1.255472852790262550e-06,1.278334025300864596e-06
-1.448989223717944697e-06,2.788369783957023174e-06,8.227893704315647483e-05,2.325391833437606692e-04,3.156333405058830976e-04,3.002691955771297216e-04,2.036975201917812228e-04,8.575653191655874252e-05,1.625601180421654135e-05,-9.054054316948167980e-06,-4.416976025822805241e-06,2.044024540737154894e-06,1.815023460949305445e-05,1.490751856181304902e-05,9.836057870415970683e-06,1.248421426680579316e-06,1.472921553613559809e-06,1.317493797614588402e-06,1.450333115826651920e-06,-3.339328486617887393e-06
1.826078346311987843e-06,5.607241746474755928e-06,2.315514429938048124e-04,7.842635968700051308e-04,1.346503267996013165e-03,1.620226306840777397e-03,1.524565625004470348e-03,1.200928119942545891e-03,7.750578806735575199e-04,3.889690851792693138e-04,1.378343731630593538e-04,9.982468327507376671e-06,-3.252097667427733541e-05,-7.845027539588045329e-06,-2.011821607084129937e-06,6.925809884705813602e-06,-1.491272428211232182e-06,4.112066108064027503e-06,1.120296360568318050e-06,6.914254981893463992e-07
5.300161642907141868e-09,4.507419362198561430e-06,1.256218092748895288e-04,4.077053163200616837e-04,6.672107847407460213e-04,7.691077771596610546e-04,6.916938000358641148e-04,5.170922377146780491e-04,3.155544109176844358e-04,1.566132850712165236e-04,6.703957478748634458e-05,1.959543078555725515e-05,2.928761432485771365e-06,2.119279542966978624e-06,3.053541149711236358e-06,1.159034255238111655e-07,-7.274234690157754812e-07,-1.111293499889143277e-06,1.105142359847377520e-06,1.419150180481665302e-06
-1.363709543511504307e-06,3.518549874570453539e-06,8.618243009550496936e-05,3.078115114476531744e-04,5.318926414474844933e-04,6.775510846637189388e-04,6.765522994101047516e-04,5.924192373640835285e-04,4.502750525716692209e-04,3.058047150261700153e-04,1.822110789362341166e-04,8.223443728638812900e-05,3.308631130494177341e-05,6.400884558388497680e-06,4.479381004784954712e-06,-6.440575930355407763e-07,3.614056367950979620e-06,-1.435686840522976127e-06,2.736490841925842687e-06,2.838301043084356934e-06
4.568139218008582247e-07,4.146355877310270444e-06,1.471869909437373281e-04,4.442267818376421928e-04,6.925618508830666542e-04,7.494533783756196499e-04,6.236220360733568668e-04,4.052326548844575882e-04,2.022411208599805832e-04,6.274654151638969779e-05,3.822419330390403047e-06,-9.056172530108597130e-06,-3.132835672658984549e-06,1.311030518991174176e-05,1.074856663763057441e-05,2.915684717663680203e-06,1.768546439961937722e-06,4.471937984362739371e-07,3.784275293128303019e-08,-4.801235036211437546e-07
-1.137016852226224728e-06,3.236875727452570572e-06,5.621532545774243772e-05,1.959228684427216649e-04,3.160860796924680471e-04,3.786183369811624289e-04,3.599816409405320883e-04,2.982830337714403868e-04,2.169682702515274286e-04,1.483760279370471835e-04,9.990873513743281364e-05,5.276051524560898542e-05,2.862605288100894541e-05,9.528210966891492717e-07,5.177110438125964720e-07,-2.505352540538297035e-06,4.244144804488314549e-07,-3.324750878164195456e-06,3.368730858710478060e-06,2.899234232245362364e-06
-1.467006654820579570e-06,3.385573563718935475e-06,4.846605588681995869e-05,1.742136810207739472e-04,3.020612639375030994e-04,3.979594039265066385e-04,4.461658827494829893e-04,4.605975700542330742e-04,4.300189320929348469e-04,3.854759852401912212e-04,3.406074538361281157e-04,2.482651034370064735e-04,1.706687326077371836e-04,1.004159203148446977e-04,5.241935650701634586e-05,1.907862497319001704e-05,1.137549497798318043e-05,-6.155894460846411675e-09,5.432164016383467242e-06,8.823858479445334524e-07
9.210421012539882213e-07,5.347375008568633348e-06,2.598111459519714117e-04,9.017314878292381763e-04,1.574795925989747047e-03,1.929845660924911499e-03,1.849924447014927864e-03,1.495023490861058235e-03,9.971760446205735207e-04,5.220351740717887878e-04,1.951475715031847358e-04,2.057876008620951325e-05,-3.962344635510817170e-05,-1.400274322804762051e-05,-4.910809366265311837e-06,9.034535651153419167e-06,-6.830672418800531887e-07,5.650559160130796954e-06,3.377905386514612474e-06,1.009735001389344689e-06
5.322753509062749799e-07,6.463559657277073711e-06,2.363243256695568562e-04,8.040015236474573612e-04,1.385358977131545544e-03,1.679032458923757076e-03,1.590968808159232140e-03,1.270419568754732609e-03,8.376785553991794586e-04,4.362071049399673939e-04,1.682113506831228733e-04,2.362747545703314245e-05,-2.304297595401294529e-05,-6.851488251413684338e-06,-8.144905336848751176e-07,6.683036190224811435e-06,1.118284558287996333e-06,3.922375071852002293e-06,2.825305955411749892e-06,2.321897454748977907e-06
-6.998242696454326506e-08,4.755322606797562912e-06,1.250502100447192788e-04,4.083065723534673452e-04,6.720318342559039593e-04,7.830063113942742348e-04,7.122908718883991241e-04,5.429054726846516132e-04,3.423807793296873569e-04,1.785618951544165611e-04,8.123191946651786566e-05,2.573405254224780947e-05,6.134970135462936014e-06,1.432846261195663828e-06,2.283679123138426803e-06,-1.008763987897509651e-07,-2.254451345606867108e-07,-7.781466706546780188e-07,1.247152226824255195e-06,2.008565161304431967e-06
-6.312235427685664035e-07,3.191117230016971007e-06,1.546657586004585028e-04,5.427203141152858734e-04,9.447513148188591003e-04,1.164681627415120602e-03,1.124404487200081348e-03,9.233848541043698788e-04,6.362950662150979042e-04,3.587696410249918699e-04,1.590693136677145958e-04,4.023975270683877170e-05,-6.810476406826637685e-06,-7.729780008958186954e-06,-3.080972192037734203e-06,2.739182264122064225e-06,-7.491999554076755885e-07,2.083678054987103678e-06,3.163667770422762260e-06,1.283993810829997528e-06
-4.514494094109977596e-07,2.625796469146735035e-06,6.722550460835918784e-05,1.899037015391513705e-04,2.513531944714486599e-04,2.368333516642451286e-04,1.573246263433247805e-04,6.614998710574582219e-05,1.552507455926388502e-05,2.322284899491933174e-06,8.890247954695951194e-06,1.062568480847403407e-05,2.129501444869674742e-05,1.143084318755427375e-05,7.088854545145295560e-06,4.797801977929339046e-08,2.320510475328774191e-06,5.552694801735924557e-07,1.255802885680168401e-06,-2.317630105608259328e-06
-9.279309551857295446e-07,2.998387799379997887e-06,1.637071836739778519e-04,5.804243264719843864e-04,1.022740267217159271e-03,1.282018958590924740e-03,1.256470801308751106e-03,1.055165543220937252e-03,7.488292176276445389e-04,4.408469831105321646e-04,2.058115351246669888e-04,5.927780875936150551e-05,-2.693005171749973670e-06,-4.331018317316193134e-06,-1.035419131767412182e-06,3.947663572034798563e-06,3.898832687809772324e-07,3.170123136442271061e-06,2.139126081601716578e-06,9.961860314433579333e-07
-2.218533090569962951e-08,2.703888867472414859e-06,7.059472409309819341e-05,2.896788646467030048e-04,5.324066733010113239e-04,7.303710444830358028e-04,8.350060088559985161e-04,8.662233012728393078e-04,8.055411744862794876e-04,6.993764545768499374e-04,5.851566675119102001e-04,4.138962540309876204e-04,2.679398166947066784e-04,1.585439749760553241e-04,7.679298141738399863e-05,2.752227919700089842e-05,1.197231449623359367e-05,1.888653855530719738e-06,1.856759809015784413e-06,-1.688579231995390728e-06
-4.832990043723839335e-07,-5.155867711437167600e-06,1.372523838654160500e-04,6.066117202863097191e-04,1.124939997680485249e-03,1.591746811755001545e-03,1.872399006970226765e-03,2.016181824728846550e-03,1.951637328602373600e-03,1.732632750645279884e-03,1.506285392679274082e-03,1.097786356694996357e-03,7.327994098886847496e-04,4.362208710517734289e-04,2.275620354339480400e-04,9.090496314456686378e-05,1.919852547871414572e-05,7.903558980615343899e-06,1.127825939306603686e-07,-4.026178430649451911e-06
1.516394149803090841e-06,7.269744401128264144e-06,1.650035846978425980e-04,6.575749721378087997e-04,1.201300066895782948e-03,1.609475817531347275e-03,1.704785972833633423e-03,1.586348051205277443e-03,1.294509624131023884e-03,9.628876578062772751e-04,6.241211085580289364e-04,3.351940831635147333e-04,1.573818299220874906e-04,7.201647531474009156e-05,3.032734639418777078e-05,5.758239694841904566e-06,1.199707730847876519e-05,-6.658706297457683831e-06,-2.286897142766974866e-06,-2.520404223105288111e-07
1.422993591404519975e-06,3.832579295703908429e-06,1.406907831551507115e-04,5.730624543502926826e-04,1.061007380485534668e-03,1.453937846235930920e-03,1.617436646483838558e-03,1.601641066372394562e-03,1.405716058798134327e-03,1.134574878960847855e-03,8.407618734054267406e-04,5.318003240972757339e-04,2.923547581303864717e-04,1.445955858798697591e-04,5.806912668049335480e-05,8.361853360838722438e-06,5.041394615545868874e-06,9.203648119182616938e-07,3.059682285311282612e-06,-1.716869405754550826e-06
4.322581617088872008e-07,4.357575562607962638e-06,1.395281724398955703e-04,4.390582325868308544e-04,7.059131748974323273e-04,7.938417256809771061e-04,6.932664546184241772e-04,4.924710374325513840e-04,2.799256471917033195e-04,1.208861795021221042e-04,3.982483758591115475e-05,5.736167167924577370e-06,-1.763803652465867344e-06,6.529477104777470231e-06,6.568153366970364004e-06,1.300056624131684657e-06,6.556240350619191304e-07,-5.111101586408040021e-07,7.380015176750021055e-07,5.311470658853068016e-07
-8.305932510666025337e-07,2.217545898020034656e-06,1.315147092100232840e-04,4.988224827684462070e-04,9.052515379153192043e-04,1.193439937196671963e-03,1.225003506988286972e-03,1.098199514672160149e-03,8.501993142999708652e-04,5.720745539292693138e-04,3.174400771968066692e-04,1.304282486671581864e-04,3.271006062277592719e-05,1.035819877870380878e-05,5.003085789212491363e-06,1.884713356048450805e-06,2.840979959728429094e-06,1.553054175928991754e-06,-2.183968945246306248e-06,-5.352822540771740023e-07
-1.777041802597523201e-06,4.412602265801979229e-06,4.057898331666365266e-05,1.338027213932946324e-04,2.008112787734717131e-04,2.333842858206480742e-04,2.226660872111096978e-04,1.905554672703146935e-04,1.489146961830556393e-04,1.203368519782088697e-04,9.910926746670156717e-05,6.323498382698744535e-05,4.148464722675271332e-05,9.430753380001988262e-06,3.751267740881303325e-06,-1.850999183261592407e-06,2.700191089388681576e-06,-3.603751565606216900e-06,6.527825917146401480e-06,1.970945504581322894e-06
3.336507916174014099e-06,3.332610049255890772e-06,1.365974894724786282e-04,5.192786920815706253e-04,9.278749930672347546e-04,1.280919299460947514e-03,1.490106922574341297e-03,1.713580568321049213e-03,1.749031944200396538e-03,1.704306458123028278e-03,1.660183188505470753e-03,1.319757662713527679e-03,1.023526536300778389e-03,6.544188363477587700e-04,4.071815637871623039e-04,1.813298731576651335e-04,7.133594044717028737e-05,4.029719548270804808e-06,-2.697672925933147781e-06,-7.605547693856351543e-07
-9.429284659745462704e-07,3.000604465341893956e-06,8.214744593715295196e-05,2.350889699300751090e-04,3.299044619780033827e-04,3.283619298599660397e-04,2.393332251813262701e-04,1.251211069757118821e-04,4.869596523349173367e-05,1.349130707239964977e-05,7.079885108396410942e-06,6.552266313519794494e-06,1.730229814711492509e-05,1.274551141250412911e-05,8.110593626042827964e-06,1.932469757548460620e-07,2.107409727614140138e-06,9.409416747985233087e-07,5.746063607148244046e-07,-1.923330273712053895e-06
1.628565541977877729e-06,6.783085154893342406e-06,2.491008781362324953e-04,7.768407231196761131e-04,1.257755910046398640e-03,1.398853375576436520e-03,1.208011875860393047e-03,8.278270834125578403e-04,4.263690207153558731e-04,1.297355629503726959e-04,-5.351380877982592210e-06,-3.700287925312295556e-05,-3.416070467210374773e-05,1.354007872578222305e-05,1.470507504564011469e-05,8.849006917444057763e-06,7.885629997872456443e-07,-7.189248663053149357e-07,7.062882900754630100e-07,-7.499683079004171304e-07
-1.389026806464244146e-06,3.829903107543941587e-06,3.289651649538427591e-04,1.157432445324957371e-03,2.058388432487845421e-03,2.594264224171638489e-03,2.552864374592900276e-03,2.141647040843963623e-03,1.504116109572350979e-03,8.498500101268291473e-04,3.576119779609143734e-04,6.937841681065037847e-05,-4.901898864773102105e-05,-2.052821946563199162e-05,-5.862066245754249394e-06,1.337042067461879924e-05,-3.467649776212056167e-06,1.107302887248806655e-05,5.994862931402167305e-06,6.284728897298919037e-07
